question,n_sessions,share_sessions,median_position,position_iqr
introv confirmation hi i'm ellie thanks for coming in today i was created to talk to people in a safe and secure environment i'm not a therapist but i'm here to learn about people and would love to learn about you i'll ask a few questions to get us started and please feel free to tell me anything your answers are totally confidential are you ok with this,123,0.6507936507936508,0.0,0.0
okay confirm okay how doingv so how are you doing today,119,0.6296296296296297,0.018518518518518517,0.004166666666666666
depression diagnosed have you been diagnosed with depression,102,0.5396825396825397,0.7182539682539683,0.10490190461640314
tell about that can you tell me about that,93,0.49206349206349204,0.5370370370370371,0.33093220338983054
why why,93,0.49206349206349204,0.3508771929824561,0.3920373991855749
thats good that's good where originally where are you from originally,86,0.455026455026455,0.038098693759071114,0.007768361581920902
happy lasttime tell me about the last time you felt really happy,83,0.43915343915343913,0.7758620689655172,0.10052910052910047
bye goodbye,81,0.42857142857142855,1.0,0.0
dream job what's your dream job,75,0.3968253968253968,0.2945998071359691,0.11650094696969701
advice back what advice would you give to yourself ten or twenty years ago,74,0.3915343915343915,0.9,0.06088671519989508
last argument when was the last time you argued with someone and what was it about,72,0.38095238095238093,0.4074074074074074,0.08108247229709492
mhm mhm,66,0.3492063492063492,0.49259815490238146,0.5500272331154684
travel changed what do you enjoy about traveling,65,0.3439153439153439,0.19298245614035087,0.0905695078640284
travel trips i'd love to hear about one of your trips,64,0.3386243386243386,0.21052631578947367,0.09076923076923077
feel lately how have you been feeling lately,62,0.328042328042328,0.660865617433414,0.10322180290675476
really really,61,0.32275132275132273,0.058823529411764705,0.017173615857826383
self change what are some things you wish you could change about yourself,57,0.30158730158730157,0.851063829787234,0.07963163596966416
sleep affects what are you like when you don't sleep well,57,0.30158730158730157,0.6132478632478633,0.10086253369272236
relax fishtank sometimes when i'm feeling tense i turn on the fish tank screensaver hey i know it's not hawaii but it's the best i've got what do you do to relax,56,0.2962962962962963,0.35634920634920636,0.1031746031746032
describe felt how did you feel in that moment,54,0.2857142857142857,0.4489795918367347,0.1764705882352941
behavior changes have you noticed any changes in your behavior or thoughts lately,54,0.2857142857142857,0.6879648411088574,0.08943389592123763
difficult how hard is that,52,0.2751322751322751,0.3728813559322034,0.2676907177231642
often backb how often do you go back to your hometown,51,0.2698412698412698,0.09090909090909091,0.027223389355742297
bf describe how would your best friend describe you,49,0.25925925925925924,0.8452950558213717,0.06596244131455398
ptsd diagnosed have you ever been diagnosed with p t s d,49,0.25925925925925924,0.7037037037037037,0.08529301978350134
regret is there anything you regret,49,0.25925925925925924,0.864406779661017,0.06140350877192979
yeah yeah,49,0.25925925925925924,0.5355477855477855,0.5092230727907602
have you ever been diagnosed with p t s d,49,0.25925925925925924,0.5373134328358209,0.11930783242258658
change directions what made you decide to do that,49,0.25925925925925924,0.43333333333333335,0.2833333333333333
hard decision how did you decide to do that,48,0.25396825396825395,0.2845238095238095,0.13052925719664288
like what like what,48,0.25396825396825395,0.5471698113207547,0.45344129554655876
ellie dec what are you most proud of in your life,47,0.24867724867724866,0.9583333333333334,0.028884590586718217
okay so how are you doing today,47,0.24867724867724866,0.016666666666666666,0.005906696011738028
like about la what are some things you really like about l a,46,0.24338624338624337,0.09090909090909091,0.06937482595377331
dont like la what are some things you don't really like about l a,46,0.24338624338624337,0.12121212121212122,0.06978868755328678
have you been diagnosed with depression,45,0.23809523809523808,0.5909090909090909,0.1383647798742138
hi i'm ellie thanks for coming in today i was created to talk to people in a safe and secure environment i'm not a therapist but i'm here to learn about people and would love to learn about you i'll ask a few questions to get us started and please feel free to tell me anything your answers are totally confidential are you okay with this,45,0.23809523809523808,0.0,0.0
uh huh uh huh,44,0.2328042328042328,0.5850286906624935,0.434493899440654
shyoutgoing do you consider yourself more shy or outgoing,42,0.2222222222222222,0.306715291750503,0.07221962359674222
situation handled tell me about a situation that you wish you had handled differently,42,0.2222222222222222,0.478713768115942,0.12122926093514336
why,42,0.2222222222222222,0.3193502824858757,0.3070157149398221
wild laughter laughter,41,0.21693121693121692,0.49206349206349204,0.5
goodbye,41,0.21693121693121692,1.0,0.0
okay confirm okay,40,0.21164021164021163,0.5217391304347826,0.36446816755035927
control temper how are you at controlling your temper,40,0.21164021164021163,0.37592968221771467,0.08483709273182954
that's good where are you from originally,39,0.20634920634920634,0.03389830508474576,0.012412480974124812
family relationship tell me about your relationship with your family,39,0.20634920634920634,0.5121951219512195,0.14362501120975701
easy sleep how easy is it for you to get a good night's sleep,39,0.20634920634920634,0.5932203389830508,0.10591269841269835
see mean i see what you mean travel shoes i'm sure you can tell by my shoes i'm not much of a world explorer do you travel a lot,38,0.20105820105820105,0.1259920634920635,0.0591096995361968
what advice would you give yourself ten or twenty years ago,38,0.20105820105820105,0.891566265060241,0.0946582875098193
memory erase tell me about an event or something that you wish you could erase from your memory,38,0.20105820105820105,0.5584795321637427,0.10559116809116809
still working on x are you still working in that,37,0.19576719576719576,0.2545454545454545,0.11447811447811448
memorableb what's one of your most memorable experiences,36,0.19047619047619047,0.2488716956802063,0.10806748328622065
hard decisionb tell me about the hardest decision you've ever had to make,36,0.19047619047619047,0.49528301886792453,0.1096813725490196
happy didthat are you happy you did that,36,0.19047619047619047,0.264015465341066,0.24527731015356058
when la when did you move to l a,34,0.17989417989417988,0.07407407407407407,0.016778682854080768
influence positive who's someone that's been a positive influence in your life,34,0.17989417989417988,0.5793650793650793,0.20799204927872794
what's your dream job,34,0.17989417989417988,0.2127659574468085,0.13902907954818552
what are you like when you don't sleep well,34,0.17989417989417988,0.6818488529014846,0.12409475724194197
asked everything okay i think i have asked everything i need to appreciate open thanks for sharing your thoughts with me,34,0.17989417989417988,0.9822994987468672,0.005162180814354711
yeah downer yeah,33,0.1746031746031746,0.5363540569020021,0.2335400537944427
compares la how does it compare to l a,33,0.1746031746031746,0.10714285714285714,0.026051475204017585
feelbadly tell me about a time when someone made you feel really badly about yourself,33,0.1746031746031746,0.8421052631578947,0.06974941875484364
awesome awesome,32,0.1693121693121693,0.3684210526315789,0.52361673414305
ellie dec tell me about something you did recently that you really enjoyed,32,0.1693121693121693,0.8813559322033898,0.10655663780663771
thats great that's great,32,0.1693121693121693,0.6428571428571428,0.4960661157946385
how easy is it for you to get a good night's sleep,32,0.1693121693121693,0.6449947312961012,0.09880517287383439
how are you at controlling your temper,32,0.1693121693121693,0.3355855855855856,0.11722693765604214
ellie dec what would you say are some of your best qualities,31,0.164021164021164,0.8833333333333333,0.12771115552594559
tell me more about that,31,0.164021164021164,0.5550043140638481,0.4421836023666687
why seek help what got you to seek help,31,0.164021164021164,0.7213114754098361,0.07022152845460428
adapted la how easy was it for you to get used to living in l a,30,0.15873015873015872,0.14941653982749872,0.04344704201337607
study what did you study at school,30,0.15873015873015872,0.26666666666666666,0.0856750659169968
why la why did you move to l a,30,0.15873015873015872,0.12731481481481483,0.041317659923455444
when diagnosed how long ago were you diagnosed,30,0.15873015873015872,0.7049180327868853,0.07261904761904758
mhm mhm dont like la what are some things you don't really like about l a,30,0.15873015873015872,0.10582306830907054,0.07673483923483923
therapy going do you still go to therapy now,30,0.15873015873015872,0.7482394366197183,0.05674342105263164
give example can you give me an example of that,29,0.15343915343915343,0.5783972125435539,0.44646666062418805
appreciate open thanks for sharing your thoughts with me,29,0.15343915343915343,0.9821428571428571,0.005681818181818232
what are some things that make you really mad,29,0.15343915343915343,0.3225395206527282,0.12972034379753333
when was the last time you argued with someone and what was it about,29,0.15343915343915343,0.3333333333333333,0.17724867724867727
nice nice,29,0.15343915343915343,0.2829566854990584,0.5736676481413323
landed trouble has that gotten you in trouble,29,0.15343915343915343,0.4375,0.11691456243514353
okay confirm okay hard decisionb tell me about the hardest decision you've ever had to make,29,0.15343915343915343,0.5,0.11004667157946452
what do you do now,29,0.15343915343915343,0.19672131147540983,0.13524720893141945
how long ago were you diagnosed,28,0.14814814814814814,0.5416782439566546,0.09371802228608145
symptoms cope how do you cope with them,28,0.14814814814814814,0.6195175438596492,0.13613981587795443
wow wow,28,0.14814814814814814,0.32941176470588235,0.4444444444444445
how have you been feeling lately,28,0.14814814814814814,0.639344262295082,0.152991452991453
who's someone that's been a positive influence in your life,27,0.14285714285714285,0.775928052047455,0.4904295021511707
have you noticed any changes in your behavior or thoughts lately,27,0.14285714285714285,0.6307692307692307,0.09733505648438334
see mean i see what you mean,27,0.14285714285714285,0.24489795918367346,0.3225695637238063
thats good that's good,26,0.13756613756613756,0.44193648816936487,0.4695969602928305
what do you enjoy about traveling,26,0.13756613756613756,0.23153153153153155,0.33031832340490536
feelguilty what's something you feel guilty about,26,0.13756613756613756,0.463768115942029,0.10867031709709052
thats good that's good last argument when was the last time you argued with someone and what was it about,26,0.13756613756613756,0.36851851851851847,0.11218924403855912
mind whatever comes to your mind,26,0.13756613756613756,0.6515151515151515,0.4646464646464646
been hard that sounds really hard,26,0.13756613756613756,0.5625,0.20981115925747607
how did you feel in that moment,26,0.13756613756613756,0.5357142857142857,0.3833290121856366
okay confirm okay situation handled tell me about a situation that you wish you had handled differently,26,0.13756613756613756,0.4444444444444444,0.08949753949753947
what would you say are some of your best qualities,26,0.13756613756613756,0.7656716417910447,0.20976815910768953
okay confirm okay easy sleep how easy is it for you to get a good night's sleep,26,0.13756613756613756,0.6201923076923077,0.09720967438358741
what got you to seek help,26,0.13756613756613756,0.5747885835095138,0.07760464277627277
that sucks that sucks,25,0.13227513227513227,0.46,0.23523809523809525
really really like about la what are some things you really like about l a,25,0.13227513227513227,0.058823529411764705,0.01581920903954802
what are you most proud of in your life,25,0.13227513227513227,0.8837209302325582,0.1703128194643222
aw aw,25,0.13227513227513227,0.6296296296296297,0.3027586206896551
travel shoes i'm sure you can tell by my shoes i'm not much of a world explorer do you travel a lot,25,0.13227513227513227,0.17543859649122806,0.08376068376068374
can you give me an example of that,25,0.13227513227513227,0.7082051998881744,0.44798586231234117
mm mm,25,0.13227513227513227,0.5764705882352941,0.37924836601307194
okay confirm okay feelguilty what's something you feel guilty about,25,0.13227513227513227,0.40476190476190477,0.17435897435897435
have you ever served in the military,25,0.13227513227513227,0.5294117647058824,0.1053779069767442
really really when la when did you move to l a,24,0.12698412698412698,0.0531015037593985,0.011642979904812265
okay confirm okay ptsd diagnosed have you ever been diagnosed with p t s d,24,0.12698412698412698,0.7119336143308745,0.07269375022539593
okay confirm okay control temper how are you at controlling your temper,24,0.12698412698412698,0.4,0.06979683877387721
how hard is that,24,0.12698412698412698,0.7241379310344828,0.3947848761408083
when was the last time you felt really happy,24,0.12698412698412698,0.7861473880597014,0.23833896611060168
what do you do when you're annoyed,23,0.12169312169312169,0.3333333333333333,0.12776620887928924
okay confirm okay memory erase tell me about an event or something that you wish you could erase from your memory,23,0.12169312169312169,0.5416666666666666,0.1368330118932819
asked everything okay i think i have asked everything i need to,23,0.12169312169312169,0.9642857142857143,0.012090706632960191
trigger are they triggered by something,22,0.1164021164021164,0.6076388888888888,0.060395693299674647
what are some things you really like about l a,22,0.1164021164021164,0.079002079002079,0.05757949359223648
that sounds really hard,22,0.1164021164021164,0.5911307174367308,0.25539712153518124
therapy useful do you feel like therapy is useful,22,0.1164021164021164,0.7777777777777778,0.05864533265874028
okay confirm okay family relationship tell me about your relationship with your family,22,0.1164021164021164,0.5162686567164179,0.20577469978307583
i'd love to hear about one of your trips,22,0.1164021164021164,0.25,0.3325840689365279
okay confirm okay relax fishtank sometimes when i'm feeling tense i turn on the fish tank screensaver hey i know it's not hawaii but it's the best i've got what do you do to relax,22,0.1164021164021164,0.3666002986560478,0.11362298082278982
good hear that's so good to hear,22,0.1164021164021164,0.6164383561643836,0.501984126984127
can you tell me about that,22,0.1164021164021164,0.6,0.41199276298785215
do you consider yourself an introvert,21,0.1111111111111111,0.2552440500201694,0.12890364216304426
that sucks,21,0.1111111111111111,0.4379368977895333,0.36185430821930703
what's one of your most memorable experiences,21,0.1111111111111111,0.5614035087719298,0.35908553409538824
how close are you to your family,21,0.1111111111111111,0.423728813559322,0.12674543501611168
when was the last time that happened,21,0.1111111111111111,0.4897959183673469,0.4817404083346455
okay confirm okay study what did you study at school,21,0.1111111111111111,0.23076923076923078,0.09924812030075186
are you still working in that,21,0.1111111111111111,0.21052631578947367,0.10283430232558138
sounds interesting that sounds interesting hard decision how did you decide to do that,20,0.10582010582010581,0.231604609929078,0.0961270698112803
what'd you study at school,20,0.10582010582010581,0.19444444444444445,0.0995639534883721
do you still go to therapy now,20,0.10582010582010581,0.6033459895586142,0.06850623715730209
is there anything you regret,19,0.10052910052910052,0.8513513513513513,0.14967117877137814
ideal weekendc tell me how you spend your ideal weekend,19,0.10052910052910052,0.8604651162790697,0.11044128285507582
bouts symptoms when was the last time that happened,19,0.10052910052910052,0.7575757575757576,0.3938366960907944
okay confirm okay shyoutgoing do you consider yourself more shy or outgoing,19,0.10052910052910052,0.28,0.10959027230737733
are they triggered by something,18,0.09523809523809523,0.649862608328049,0.11911669955885762
whatever comes to your mind,18,0.09523809523809523,0.47791353383458646,0.37700381687085954
really why'd you move to l a,18,0.09523809523809523,0.0532015065913371,0.013089533417402266
how would your best friend describe you,18,0.09523809523809523,0.698005698005698,0.2919078235211956
avoid could you have done anything to avoid it,18,0.09523809523809523,0.4782608695652174,0.16818715875319656
do you travel a lot,18,0.09523809523809523,0.23255813953488372,0.3121460467276095
i'm sorry to hear that,18,0.09523809523809523,0.49691358024691357,0.3048670333862964
therapy changes what sort of changes have you noticed since you've been going to therapy,18,0.09523809523809523,0.8035087719298246,0.0673580645988866
okay confirm okay ellie dec tell me about something you did recently that you really enjoyed,17,0.08994708994708994,0.9285714285714286,0.06763285024154597
cool cool,17,0.08994708994708994,0.2959770114942529,0.647224991691592
okay confirm okay feel lately how have you been feeling lately,17,0.08994708994708994,0.6410256410256411,0.08201058201058209
okay confirm okay regret is there anything you regret,17,0.08994708994708994,0.8793103448275862,0.04999999999999993
parent differences what are some ways that you're different as a parent than your parents,17,0.08994708994708994,0.5111111111111111,0.16981875492513793
mhm mhm ellie dec what are you most proud of in your life,16,0.08465608465608465,0.9519157088122605,0.03236250719193157
what are some things you don't really like about l a,16,0.08465608465608465,0.11963434022257552,0.05931407094197794
okay confirm okay ellie dec what are you most proud of in your life,16,0.08465608465608465,0.9548233695652174,0.02695079961658764
that sounds like a great situation,16,0.08465608465608465,0.49702380952380953,0.42649150603924973
okay when was the last time you felt really happy,16,0.08465608465608465,0.8135593220338984,0.13258842504462232
right right,16,0.08465608465608465,0.6545454545454545,0.2353416797078769
great situation that sounds like a great situation,16,0.08465608465608465,0.3333333333333333,0.5701754385964912
how close are you to them,16,0.08465608465608465,0.49056603773584906,0.3682266009852217
how do you cope with them,15,0.07936507936507936,0.6943964026288482,0.14464878026103234
that's so good to hear,15,0.07936507936507936,0.6153846153846154,0.36785332048248753
family roleb how close are you to your family,15,0.07936507936507936,0.5,0.10777777777777775
easy parent do you find it easy to be a parent,15,0.07936507936507936,0.46774193548387094,0.257290611279973
okay do you travel a lot,15,0.07936507936507936,0.2328767123287671,0.2644964474107354
understand i understand,15,0.07936507936507936,0.5555555555555556,0.2990136330805344
asked everything okay i think i have asked everything i need to appreciate open thanks for sharing your thoughts with me bye goodbye,15,0.07936507936507936,1.0,0.0
parent hardest what's the hardest thing about being a parent,15,0.07936507936507936,0.4365079365079365,0.1777725087795477
thanks for sharing your thoughts with me,14,0.07407407407407407,0.9838331160365059,0.00443319495043637
what made you decide to do that,14,0.07407407407407407,0.7352941176470589,0.48782343987823434
what do you do to relax,14,0.07407407407407407,0.2558139534883721,0.2522223501272655
could you have done anything to avoid it,14,0.07407407407407407,0.775,0.25729537552273185
im sorry i'm sorry,14,0.07407407407407407,0.4586363636363636,0.246090973702914
how did you decide to do that,14,0.07407407407407407,0.2637019230769231,0.6266239456056671
how do you know them,14,0.07407407407407407,0.4657534246575342,0.45487860742098035
why did you stop,14,0.07407407407407407,0.6224489795918368,0.09788300789638882
okay is there anything you regret,14,0.07407407407407407,0.8451632225217132,0.09561882171801839
tell me about something you did recently that you really enjoyed,14,0.07407407407407407,0.8567031463748289,0.13224935157237927
parent best what's the best thing about being a parent,14,0.07407407407407407,0.4689195298372514,0.21401190252121927
how easy was it for you to get used to living in l a,14,0.07407407407407407,0.10960960960960961,0.039153461997898764
stop going why did you stop,13,0.06878306878306878,0.7368421052631579,0.07236842105263153
what sort of changes have you noticed since you've been going to therapy,13,0.06878306878306878,0.6744186046511628,0.10616438356164382
let's come back to that later,13,0.06878306878306878,0.5074626865671642,0.5287545579587233
what's the hardest thing about being a parent,13,0.06878306878306878,0.4125615763546798,0.38400422161962283
yes yes,13,0.06878306878306878,0.6472905227978039,0.40250740554437736
okay confirm okay self change what are some things you wish you could change about yourself,13,0.06878306878306878,0.8431372549019608,0.0772693173293324
sorry hear i'm sorry to hear that,13,0.06878306878306878,0.615058670143416,0.24935143787602815
okay how would your best friend describe you,13,0.06878306878306878,0.7702702702702703,0.20507053772234707
what were your symptoms,12,0.06349206349206349,0.6389961389961389,0.09107082283388257
what's the best thing about being a parent,12,0.06349206349206349,0.4292794510102935,0.4140944704010523
okay who's someone that's been a positive influence in your life,12,0.06349206349206349,0.8033234126984127,0.4417847042916808
what do you think of today's kids,12,0.06349206349206349,0.421875,0.12357538261152717
when'd you move to l a,12,0.06349206349206349,0.08651162790697675,0.03825458874068734
long time that's a long time,12,0.06349206349206349,0.08908730158730159,0.020335487599831864
oh no oh no,12,0.06349206349206349,0.5791998367013675,0.37792411836529477
symptoms what what were your symptoms,12,0.06349206349206349,0.7623931623931623,0.10312144329262662
mhm what are some things you don't really like about l a,12,0.06349206349206349,0.11066433566433567,0.061847564590861506
nice nice memorableb what's one of your most memorable experiences,12,0.06349206349206349,0.23885918003565063,0.07707799145299146
where originally where are you from originally,12,0.06349206349206349,0.04951298701298701,0.013200473085743784
do you feel that way often,11,0.0582010582010582,0.5756316489361701,0.2177944298785786
aw,11,0.0582010582010582,0.35714285714285715,0.4352576084926646
do you feel like therapy's useful,11,0.0582010582010582,0.6511627906976745,0.1264034415197206
what are some things that usually put you in a good mood,11,0.0582010582010582,0.8181818181818182,0.2286635611024701
okay what'd you study at school,11,0.0582010582010582,0.18,0.2031238125041912
that's good when was the last time you argued with someone and what was it about,11,0.0582010582010582,0.32786885245901637,0.06345802231647912
okay when was the last time you argued with someone and what was it about,11,0.0582010582010582,0.40540540540540543,0.13394727487399544
okay what's one of your most memorable experiences,11,0.0582010582010582,0.5217391304347826,0.506247409033357
do you feel down,11,0.0582010582010582,0.6206859361518551,0.14343757510213895
okay what are some things that make you really mad,11,0.0582010582010582,0.273972602739726,0.10790307083285294
mhm mhm self change what are some things you wish you could change about yourself,11,0.0582010582010582,0.8545454545454545,0.03923411469851101
really what are some things you really like about l a,10,0.05291005291005291,0.05137587822014052,0.010968642734342539
where are you from originally,10,0.05291005291005291,0.05718954248366013,0.019789047768698942
okay confirm okay ideal weekendc tell me how you spend your ideal weekend,10,0.05291005291005291,0.8759398496240601,0.09434656629770366
sounds interesting that sounds interesting,10,0.05291005291005291,0.2883838383838384,0.057208088321464734
still doing x are you still doing that,10,0.05291005291005291,0.18486352357320102,0.04077582941978486
yeah downer yeah hard decisionb tell me about the hardest decision you've ever had to make,10,0.05291005291005291,0.5555001661681622,0.09538365209471766
makes sense that makes sense,10,0.05291005291005291,0.48200312989045385,0.28516816133895223
okay confirm okay happy lasttime tell me about the last time you felt really happy,10,0.05291005291005291,0.75,0.11060437513306365
okay have you ever served in the military,10,0.05291005291005291,0.4763412816691505,0.07179487179487182
uh huh uh huh self change what are some things you wish you could change about yourself,10,0.05291005291005291,0.8534621578099839,0.05119827690814227
more tell me more about that,10,0.05291005291005291,0.6428571428571429,0.28453408110440037
why'd you move to l a,10,0.05291005291005291,0.07415021929824561,0.022232110670511895
uh huh uh huh control temper how are you at controlling your temper,10,0.05291005291005291,0.36742424242424243,0.09649470899470897
okay what are some things that usually put you in a good mood,9,0.047619047619047616,0.8936170212765957,0.1674107142857143
okay confirm okay influence positive who's someone that's been a positive influence in your life,9,0.047619047619047616,0.54,0.15492424242424246
yeah yeah dont like la what are some things you don't really like about l a,9,0.047619047619047616,0.17857142857142858,0.05524168236032645
thats good that's good feel lately how have you been feeling lately,9,0.047619047619047616,0.6712328767123288,0.059288537549407105
did you think you had a problem before you found out,9,0.047619047619047616,0.6216216216216216,0.04584221748400863
okay i think i've asked everything i need to thanks for sharing your thoughts with me,9,0.047619047619047616,0.9864864864864865,0.005808950086058529
okay what are you most proud of in your life,9,0.047619047619047616,0.7972972972972973,0.1808792372881356
thats good that's good like about la what are some things you really like about l a,9,0.047619047619047616,0.16393442622950818,0.045238095238095244
has that gotten you in trouble,9,0.047619047619047616,0.4371184371184371,0.28490758648899805
do you find it easy to be a parent,9,0.047619047619047616,0.3620689655172414,0.09761699684180308
job virtually i love my job you could almost say it's virtually made for me what's your dream job,9,0.047619047619047616,0.2962962962962963,0.06547619047619047
hmm downer hmm,9,0.047619047619047616,0.5357142857142857,0.16440222163681067
great thanks i'm great thanks where originally where are you from originally,9,0.047619047619047616,0.03389830508474576,0.012698412698412702
yeah yeah travel shoes i'm sure you can tell by my shoes i'm not much of a world explorer do you travel a lot,9,0.047619047619047616,0.15555555555555556,0.10301369863013699
okay confirm okay advice back what advice would you give to yourself ten or twenty years ago,9,0.047619047619047616,0.9111111111111111,0.05769230769230771
yeah downer yeah been hard that sounds really hard,8,0.042328042328042326,0.5136363636363637,0.11956300813008125
are you happy you did that,8,0.042328042328042326,0.4166666666666667,0.4107722258273849
thats great that's great asked everything okay i think i have asked everything i need to appreciate open thanks for sharing your thoughts with me,8,0.042328042328042326,0.9789450354609929,0.002089495218377091
i'm sorry,8,0.042328042328042326,0.46169772256728775,0.6038876608424306
mm mm ellie dec what are you most proud of in your life,8,0.042328042328042326,0.9544513457556936,0.016271735926908337
okay confirm okay bf describe how would your best friend describe you,8,0.042328042328042326,0.8848684210526316,0.05867536175104848
okay confirm okay ellie dec what would you say are some of your best qualities,8,0.042328042328042326,0.8900966183574879,0.06768910913647752
thats great that's great easy sleep how easy is it for you to get a good night's sleep,8,0.042328042328042326,0.587396351575456,0.07613945454695603
thats good that's good ptsd diagnosed have you ever been diagnosed with p t s d,8,0.042328042328042326,0.6964882943143813,0.12753321475732338
thats great that's great bf describe how would your best friend describe you,8,0.042328042328042326,0.7845673505798394,0.06382633220053957
okay confirm okay feelbadly tell me about a time when someone made you feel really badly about yourself,8,0.042328042328042326,0.8529014844804319,0.03824566772906679
yeah downer yeah situation handled tell me about a situation that you wish you had handled differently,8,0.042328042328042326,0.4814814814814815,0.0822649572649572
okay do you consider yourself an introvert,8,0.042328042328042326,0.3232133933033483,0.13829074605136832
yeah downer yeah advice back what advice would you give to yourself ten or twenty years ago,8,0.042328042328042326,0.898989898989899,0.08104783264581406
could you say a little more about that,8,0.042328042328042326,0.3673469387755102,0.22972972972972971
thats good that's good influence positive who's someone that's been a positive influence in your life,8,0.042328042328042326,0.5857699805068226,0.04257170704539126
cool cool control temper how are you at controlling your temper,8,0.042328042328042326,0.35185185185185186,0.09444547721109264
okay how close are you to your family,7,0.037037037037037035,0.34375,0.14497167443949466
see mean i see what you mean hard decisionb tell me about the hardest decision you've ever had to make,7,0.037037037037037035,0.5102040816326531,0.05801150603782179
what are some things you like to do for fun,7,0.037037037037037035,0.4367816091954023,0.14293330632863138
okay confirm okay travel shoes i'm sure you can tell by my shoes i'm not much of a world explorer do you travel a lot,7,0.037037037037037035,0.20512820512820512,0.1061014457240872
mhm mhm control temper how are you at controlling your temper,7,0.037037037037037035,0.35,0.09626831501831501
mhm mhm relax fishtank sometimes when i'm feeling tense i turn on the fish tank screensaver hey i know it's not hawaii but it's the best i've got what do you do to relax,7,0.037037037037037035,0.3333333333333333,0.11752535399923458
yeah that sucks,7,0.037037037037037035,0.3218390804597701,0.18411848716125032
that's great when was the last time you felt really happy,7,0.037037037037037035,0.9074074074074074,0.14162779932222336
very young you were very young weren't you,7,0.037037037037037035,0.4788732394366197,0.4656163080076124
there are always trade offs in life aren't there,7,0.037037037037037035,0.7761194029850746,0.1924999819346579
do you feel like therapy is useful,7,0.037037037037037035,0.6781609195402298,0.1207232893157264
okay how are you at controlling your temper,7,0.037037037037037035,0.23728813559322035,0.10609535904347223
i'd love to hear all about it,7,0.037037037037037035,0.8596491228070176,0.34495859495859493
okay i think i've asked everything i need to,7,0.037037037037037035,0.972972972972973,0.009152589858238858
feel down do you feel down,7,0.037037037037037035,0.6984126984126984,0.039989354327589655
that sounds interesting,7,0.037037037037037035,0.20454545454545456,0.3415532879818594
mhm mhm shyoutgoing do you consider yourself more shy or outgoing,7,0.037037037037037035,0.3333333333333333,0.09667549456281843
okay what do you do to relax,6,0.031746031746031744,0.3070175438596491,0.13536409516943043
is it uncomfortable for you to talk about this,6,0.031746031746031744,0.7139948167345428,0.31114893199041926
mhm mhm easy sleep how easy is it for you to get a good night's sleep,6,0.031746031746031744,0.6253968253968254,0.06354140532222718
okay what are some things you don't really like about l a,6,0.031746031746031744,0.08035714285714285,0.0228618645610522
mhm mhm travel trips i'd love to hear about one of your trips,6,0.031746031746031744,0.2133838383838384,0.0813422688422688
mhm mhm bf describe how would your best friend describe you,6,0.031746031746031744,0.8878942881500427,0.09658543516381468
yeah yeah shyoutgoing do you consider yourself more shy or outgoing,6,0.031746031746031744,0.3401360544217687,0.04627926752096184
that's a long time,6,0.031746031746031744,0.611056511056511,0.1664657754761676
okay what are some things you like to do for fun,6,0.031746031746031744,0.4327485380116959,0.37971238368457827
mhm mhm asked everything okay i think i have asked everything i need to appreciate open thanks for sharing your thoughts with me,6,0.031746031746031744,0.9790849673202614,0.008924271462971145
so how are you doing today,6,0.031746031746031744,0.027402402402402402,0.004804650751983174
thats great that's great ellie dec what are you most proud of in your life,6,0.031746031746031744,0.9715865751334859,0.01988126486292452
yeah downer yeah shyoutgoing do you consider yourself more shy or outgoing,6,0.031746031746031744,0.31101190476190477,0.12324991616364858
yeah how are you at controlling your temper,6,0.031746031746031744,0.2998055015282023,0.08833495415393161
is going to a therapist helping you,6,0.031746031746031744,0.5924146391331016,0.08211449539909987
ellie dec what are some things that usually put you in a good mood,6,0.031746031746031744,0.9443681318681318,0.03155186239953178
tell me about tell me about that,6,0.031746031746031744,0.5772800645682001,0.08754452113925937
mm mm influence positive who's someone that's been a positive influence in your life,6,0.031746031746031744,0.5619517543859649,0.13037616362334403
mhm mhm situation handled tell me about a situation that you wish you had handled differently,6,0.031746031746031744,0.41944444444444445,0.043905895691609964
okay i think i've asked everything i need to thanks for sharing your thoughts with me goodbye,6,0.031746031746031744,1.0,0.0
it can be tough to find a good job these days,6,0.031746031746031744,0.3349892588614393,0.3406334315349147
awesome awesome study what did you study at school,6,0.031746031746031744,0.25462962962962965,0.015472709551656944
yeah i see what you mean,6,0.031746031746031744,0.3955223880597015,0.33755735679709564
mhm mhm ptsd diagnosed have you ever been diagnosed with p t s d,6,0.031746031746031744,0.6682142857142856,0.12626407459535538
see mean i see what you mean study what did you study at school,6,0.031746031746031744,0.1553658536585366,0.07820531488896978
do you have roommates,6,0.031746031746031744,0.3742349169338385,0.28934117638212653
okay what advice would you give yourself ten or twenty years ago,6,0.031746031746031744,0.847326049453709,0.05186057579674597
thats great that's great study what did you study at school,6,0.031746031746031744,0.25146198830409355,0.07017543859649122
nice nice control temper how are you at controlling your temper,6,0.031746031746031744,0.38796296296296295,0.11245448712209394
how do you like your living situation,6,0.031746031746031744,0.45149253731343286,0.19694390913401522
therapist affect how has seeing a therapist affected you,6,0.031746031746031744,0.7817982456140351,0.03201754385964917
thats great that's great control temper how are you at controlling your temper,6,0.031746031746031744,0.42300194931773877,0.04891569200779733
cool cool hard decision how did you decide to do that,6,0.031746031746031744,0.21969696969696967,0.16937229437229437
mhm mhm feel lately how have you been feeling lately,6,0.031746031746031744,0.6602564102564102,0.04828709541824294
cool are you still working in that,5,0.026455026455026454,0.1044776119402985,0.05132336018411966
how know how do you know them,5,0.026455026455026454,0.509090909090909,0.2462962962962963
mhm what do you do when you're annoyed,5,0.026455026455026454,0.31343283582089554,0.038610038610038644
isee downer i see,5,0.026455026455026454,0.6025641025641025,0.20227920227920226
okay what are you like when you don't sleep well,5,0.026455026455026454,0.6590909090909091,0.2256675279931094
cool cool travel changed what do you enjoy about traveling,5,0.026455026455026454,0.13333333333333333,0.07126113455227379
that's good have you ever served in the military,5,0.026455026455026454,0.5671641791044776,0.07718696397941682
thats good that's good happy lasttime tell me about the last time you felt really happy,5,0.026455026455026454,0.7894736842105263,0.023569023569023573
thats good that's good behavior changes have you noticed any changes in your behavior or thoughts lately,5,0.026455026455026454,0.6181818181818182,0.1421568627450981
understand i understand easy sleep how easy is it for you to get a good night's sleep,5,0.026455026455026454,0.7073170731707317,0.10049019607843135
yeah downer yeah family relationship tell me about your relationship with your family,5,0.026455026455026454,0.4727272727272727,0.02540834845735024
uh huh what are some things you don't really like about l a,5,0.026455026455026454,0.1232876712328767,0.02888888888888891
okay have you noticed any changes in your behavior or thoughts lately,5,0.026455026455026454,0.6595744680851063,0.20506236243580334
that's great what would you say are some of your best qualities,5,0.026455026455026454,0.7777777777777778,0.10705693664795513
that's good what do you do to relax,5,0.026455026455026454,0.3076923076923077,0.09726443768996962
that sounds interesting how did you decide to do that,5,0.026455026455026454,0.14285714285714285,0.0795883361921098
mhm mhm sleep affects what are you like when you don't sleep well,5,0.026455026455026454,0.65,0.038302277432712195
okay how easy is it for you to get a good night's sleep,5,0.026455026455026454,0.6865671641791045,0.09117551286225989
okay confirm okay last argument when was the last time you argued with someone and what was it about,5,0.026455026455026454,0.47058823529411764,0.07641866330390917
you were very young weren't you,5,0.026455026455026454,0.5813953488372093,0.46240658837883175
disturbing thoughts do you have disturbing thoughts,5,0.026455026455026454,0.5806451612903226,0.12286324786324787
good hear that's so good to hear bf describe how would your best friend describe you,5,0.026455026455026454,0.8085106382978723,0.09191176470588236
yeah yeah relax fishtank sometimes when i'm feeling tense i turn on the fish tank screensaver hey i know it's not hawaii but it's the best i've got what do you do to relax,5,0.026455026455026454,0.3333333333333333,0.017904509283819647
mhm mhm why la why did you move to l a,5,0.026455026455026454,0.14583333333333334,0.027924528301886797
cool cool like about la what are some things you really like about l a,5,0.026455026455026454,0.08928571428571429,0.011082693947144076
mhm mhm study what did you study at school,5,0.026455026455026454,0.3013698630136986,0.22086247086247085
uh huh uh huh travel trips i'd love to hear about one of your trips,5,0.026455026455026454,0.22033898305084745,0.02950819672131147
yeah yeah easy sleep how easy is it for you to get a good night's sleep,5,0.026455026455026454,0.5666666666666667,0.0847723704866562
yeah downer yeah that sucks that sucks,5,0.026455026455026454,0.5084745762711864,0.25322769953051644
thats good that's good sleep affects what are you like when you don't sleep well,5,0.026455026455026454,0.6101694915254238,0.07738095238095233
nice nice ellie dec what are you most proud of in your life,5,0.026455026455026454,0.9629629629629629,0.004250151791135415
ellie dec uh huh,5,0.026455026455026454,0.4583333333333333,0.30281690140845074
trade offs there are always trade offs in life aren't there,5,0.026455026455026454,0.6071428571428571,0.05740378343118069
cool cool memorableb what's one of your most memorable experiences,5,0.026455026455026454,0.2222222222222222,0.0821917808219178
mhm mhm still working on x are you still working in that,5,0.026455026455026454,0.23728813559322035,0.0796783625730994
yeah downer yeah happy lasttime tell me about the last time you felt really happy,5,0.026455026455026454,0.8125,0.07422402159244268
kids elaborate tell me about your kids,5,0.026455026455026454,0.2978723404255319,0.30727272727272725
uh huh uh huh ellie dec what are you most proud of in your life,5,0.026455026455026454,0.8870967741935484,0.05052264808362372
thats great that's great shyoutgoing do you consider yourself more shy or outgoing,5,0.026455026455026454,0.28888888888888886,0.0949263502454992
mhm mhm regret is there anything you regret,5,0.026455026455026454,0.8723404255319149,0.11152219873150104
thats good that's good control temper how are you at controlling your temper,5,0.026455026455026454,0.3220338983050847,0.035411622276029064
isee downer i see situation handled tell me about a situation that you wish you had handled differently,5,0.026455026455026454,0.5,0.019669827889005953
yeah downer yeah memory erase tell me about an event or something that you wish you could erase from your memory,5,0.026455026455026454,0.5616438356164384,0.054843304843304796
ellie dec wow,5,0.026455026455026454,0.5416666666666666,0.08459595959595956
cool cool dont like la what are some things you don't really like about l a,5,0.026455026455026454,0.09803921568627451,0.06593406593406592
hi i'm ellie thanks for coming in today i was created to talk to people in a safe and secure environment think of me as a friend i don't judge i can't i'm a computer i'm here to learn about people and would love to learn about you i'll ask a few questions to get us started and please feel free to tell me anything your answers are totally confidential how are you doing today,5,0.026455026455026454,0.0,0.0
i see what you mean,5,0.026455026455026454,0.2653061224489796,0.5246794871794872
how has seeing a therapist affected you,5,0.026455026455026454,0.7826530612244897,0.16178721102439952
okay what's your dream job,5,0.026455026455026454,0.3698630136986301,0.039520652728199934
that's good what do you think of today's kids,5,0.026455026455026454,0.7160493827160493,0.11967213114754105
yeah what advice would you give yourself ten or twenty years ago,5,0.026455026455026454,0.92,0.14177101967799643
that's good do you travel a lot,5,0.026455026455026454,0.1791044776119403,0.02742346938775511
i'm great thanks where are you from originally,5,0.026455026455026454,0.03278688524590164,0.010689794271883827
why don't we talk about that later,5,0.026455026455026454,0.7011494252873564,0.6659211629857422
how does it compare to l a,5,0.026455026455026454,0.10638297872340426,0.08469945355191257
yeah who's someone that's been a positive influence in your life,5,0.026455026455026454,0.27692307692307694,0.37189929655683074
thats good that's good family relationship tell me about your relationship with your family,4,0.021164021164021163,0.4554865424430642,0.08810718267240009
mhm mhm memorableb what's one of your most memorable experiences,4,0.021164021164021163,0.4344202898550725,0.49885265700483095
what was it about,4,0.021164021164021163,0.5510224339884852,0.4257792707101775
nice nice tell about that can you tell me about that,4,0.021164021164021163,0.20303326810176126,0.19943516645107073
uh huh uh huh situation handled tell me about a situation that you wish you had handled differently,4,0.021164021164021163,0.45052631578947366,0.08443963682791883
yeah yeah situation handled tell me about a situation that you wish you had handled differently,4,0.021164021164021163,0.5166666666666666,0.04612068965517241
too hard do you think that maybe you're being a little hard on yourself,4,0.021164021164021163,0.47394429469901167,0.07885236402463636
are you still doing that,4,0.021164021164021163,0.23557692307692307,0.1493618881118881
really really why why,4,0.021164021164021163,0.30388585306618093,0.17745576372625557
thats great that's great asked everything okay i think i have asked everything i need to,4,0.021164021164021163,0.962047977085571,0.0060924324357691795
downer okay easy sleep how easy is it for you to get a good night's sleep,4,0.021164021164021163,0.6262855414398064,0.0696297986598613
mhm what do you do to relax,4,0.021164021164021163,0.29711864406779664,0.11396512280161464
okay confirm okay depression diagnosed have you been diagnosed with depression,4,0.021164021164021163,0.690530303030303,0.07237762237762246
understand i understand travel shoes i'm sure you can tell by my shoes i'm not much of a world explorer do you travel a lot,4,0.021164021164021163,0.2037037037037037,0.03125000000000003
yeah yeah last argument when was the last time you argued with someone and what was it about,4,0.021164021164021163,0.42340425531914894,0.09287153449387486
downer okay,4,0.021164021164021163,0.5965608465608465,0.15073352573352572
uh huh uh huh feel lately how have you been feeling lately,4,0.021164021164021163,0.6585648148148149,0.08450255102040816
awesome is there anything you regret,4,0.021164021164021163,0.7937810945273632,0.1262725488205233
yeah downer yeah symptoms cope how do you cope with them,4,0.021164021164021163,0.5372549019607843,0.17406417112299466
yeah downer yeah ptsd diagnosed have you ever been diagnosed with p t s d,4,0.021164021164021163,0.6997303543913713,0.03823349206785942
yeah what's one of your most memorable experiences,4,0.021164021164021163,0.8527644230769231,0.03949175824175821
that's so good to hear what's one of your most memorable experiences,4,0.021164021164021163,0.8752144082332762,0.12174417127247317
yeah yeah see mean i see what you mean study what did you study at school,4,0.021164021164021163,0.1607142857142857,0.04363397901533497
okay confirm okay like about la what are some things you really like about l a,4,0.021164021164021163,0.14458955223880599,0.05726423031899325
good hear that's so good to hear easy sleep how easy is it for you to get a good night's sleep,4,0.021164021164021163,0.6635220125786163,0.039716981132075446
what's it like for you living with them,4,0.021164021164021163,0.08903757076685537,0.1408098853864828
like what,4,0.021164021164021163,0.5903614457831325,0.09868421052631582
good job it can be tough to find a good job these days,4,0.021164021164021163,0.48365617433414043,0.30181760956360304
mhm how hard is that,4,0.021164021164021163,0.5181818181818182,0.26393939393939386
okay how have you been feeling lately,4,0.021164021164021163,0.6791044776119403,0.09184977888336099
okay what do you do when you're annoyed,4,0.021164021164021163,0.300947187141217,0.04307126098216052
see mean i see what you mean happy lasttime tell me about the last time you felt really happy,4,0.021164021164021163,0.7750215703192407,0.030622005910911354
mm mm control temper how are you at controlling your temper,4,0.021164021164021163,0.35760667903525045,0.13604533984142814
tell me about that,4,0.021164021164021163,0.7454545454545455,0.15101010101010104
that's good how would your best friend describe you,4,0.021164021164021163,0.7247626186906547,0.25660330851523394
uh huh uh huh study what did you study at school,4,0.021164021164021163,0.2925438596491228,0.290667641325536
yeah downer yeah describe felt how did you feel in that moment,4,0.021164021164021163,0.5155306298533218,0.11905480722690676
nice nice study what did you study at school,4,0.021164021164021163,0.22916666666666666,0.05210643015521063
living situation how do you like your living situation,4,0.021164021164021163,0.1920481220657277,0.15845559467918624
mm mm advice back what advice would you give to yourself ten or twenty years ago,4,0.021164021164021163,0.8859717868338558,0.10449335738829157
okay confirm okay mad makeyou what are some things that make you really mad,4,0.021164021164021163,0.7128084179970973,0.3472660021918782
yeah how hard is that,4,0.021164021164021163,0.5373134328358209,0.2746009145999327
okay confirm okay behavior changes have you noticed any changes in your behavior or thoughts lately,4,0.021164021164021163,0.6553571428571429,0.03421610169491529
downer okay memory erase tell me about an event or something that you wish you could erase from your memory,4,0.021164021164021163,0.5843354918285538,0.09718747371961989
yeah downer yeah regret is there anything you regret,4,0.021164021164021163,0.8583959899749374,0.015331830624780052
thats great that's great travel shoes i'm sure you can tell by my shoes i'm not much of a world explorer do you travel a lot,4,0.021164021164021163,0.2347781217750258,0.13588428792569662
yeah how would your best friend describe you,4,0.021164021164021163,0.6066930970149254,0.3527026673118365
understand i understand relax fishtank sometimes when i'm feeling tense i turn on the fish tank screensaver hey i know it's not hawaii but it's the best i've got what do you do to relax,4,0.021164021164021163,0.40199161425576524,0.045371791399596795
yeah downer yeah influence positive who's someone that's been a positive influence in your life,4,0.021164021164021163,0.5937766410912191,0.09476045853123849
thats good that's good compares la how does it compare to l a,4,0.021164021164021163,0.1087962962962963,0.0395896752917301
uh huh uh huh ptsd diagnosed have you ever been diagnosed with p t s d,4,0.021164021164021163,0.7015873015873015,0.04775132275132277
thats great that's great regret is there anything you regret,4,0.021164021164021163,0.8184523809523809,0.06426680203854118
therapist useful is going to a therapist helping you,4,0.021164021164021163,0.714574898785425,0.06247590129169067
uh huh have you noticed any changes in your behavior or thoughts lately,4,0.021164021164021163,0.7424242424242424,0.17927040413781026
mhm mhm ellie dec tell me about something you did recently that you really enjoyed,4,0.021164021164021163,0.9448249619482496,0.005705564445694922
how often do you go back to your home town,4,0.021164021164021163,0.13904109589041097,0.08126374793306937
okay what would you say are some of your best qualities,4,0.021164021164021163,0.7780960174577196,0.2178441824042301
nice nice bf describe how would your best friend describe you,4,0.021164021164021163,0.728129713423831,0.03615624571506926
yeah i'm sorry to hear that,4,0.021164021164021163,0.6304815711595373,0.08517340657487382
thats great that's great influence positive who's someone that's been a positive influence in your life,4,0.021164021164021163,0.6214596949891068,0.22768481781764516
yeah downer yeah easy sleep how easy is it for you to get a good night's sleep,4,0.021164021164021163,0.5893246187363834,0.10252482403217689
uh huh uh huh ellie dec tell me about something you did recently that you really enjoyed,4,0.021164021164021163,0.9037037037037037,0.021180555555555536
yeah yeah study what did you study at school,3,0.015873015873015872,0.20454545454545456,0.0921474358974359
that's great okay i think i've asked everything i need to thanks for sharing your thoughts with me,3,0.015873015873015872,0.9850746268656716,0.0078125
uh huh uh huh relax fishtank sometimes when i'm feeling tense i turn on the fish tank screensaver hey i know it's not hawaii but it's the best i've got what do you do to relax,3,0.015873015873015872,0.39473684210526316,0.07052631578947366
yeah did you think you had a problem before you found out,3,0.015873015873015872,0.5657894736842105,0.0811079545454545
awesome what's your dream job,3,0.015873015873015872,0.3125,0.1730571281523417
mhm mhm ideal weekendc tell me how you spend your ideal weekend,3,0.015873015873015872,0.8591549295774648,0.09999999999999998
awesome awesome bf describe how would your best friend describe you,3,0.015873015873015872,0.8333333333333334,0.02592592592592602
where do you live,3,0.015873015873015872,0.10416666666666667,0.16417910447761197
mm mm family relationship tell me about your relationship with your family,3,0.015873015873015872,0.7049180327868853,0.1239035087719298
mhm mhm like about la what are some things you really like about l a,3,0.015873015873015872,0.16666666666666666,0.013020833333333343
yeah downer yeah travel shoes i'm sure you can tell by my shoes i'm not much of a world explorer do you travel a lot,3,0.015873015873015872,0.20833333333333334,0.03388494877856579
understand i understand travel changed what do you enjoy about traveling,3,0.015873015873015872,0.203125,0.03125
aw aw easy parent do you find it easy to be a parent,3,0.015873015873015872,0.5178571428571429,0.12936564504632925
yeah yeah bf describe how would your best friend describe you,3,0.015873015873015872,0.8490566037735849,0.040476190476190554
yeah downer yeah kids elaborate tell me about your kids,3,0.015873015873015872,0.39285714285714285,0.05913978494623656
thats good that's good memory erase tell me about an event or something that you wish you could erase from your memory,3,0.015873015873015872,0.5660377358490566,0.05249999999999999
mhm mhm last argument when was the last time you argued with someone and what was it about,3,0.015873015873015872,0.4074074074074074,0.052003081664098616
tell me morev can you tell me more about that,3,0.015873015873015872,0.4722222222222222,0.22470238095238093
cool cool adapted la how easy was it for you to get used to living in l a,3,0.015873015873015872,0.18,0.0488095238095238
yeah yeah ellie dec what are you most proud of in your life,3,0.015873015873015872,0.9583333333333334,0.0803571428571429
mhm can you give me an example of that,3,0.015873015873015872,0.35714285714285715,0.12958333333333333
what do when annoyed what do you do when you are annoyed,3,0.015873015873015872,0.3333333333333333,0.03205128205128205
that's great who's someone that's been a positive influence in your life,3,0.015873015873015872,0.3770491803278688,0.07540126913027245
thats good that's good shyoutgoing do you consider yourself more shy or outgoing,3,0.015873015873015872,0.39285714285714285,0.029239766081871288
awesome how did you decide to do that,3,0.015873015873015872,0.6382978723404256,0.38376811594202903
yeah i see what you mean do you travel a lot,3,0.015873015873015872,0.09433962264150944,0.04153846153846154
mm mm self change what are some things you wish you could change about yourself,3,0.015873015873015872,0.8181818181818182,0.023809523809523836
uncomfortable talkv is it uncomfortable for you to talk about this,3,0.015873015873015872,0.46,0.028513824884792593
nice what are some things you really like about l a,3,0.015873015873015872,0.12,0.10142901522211867
understand i understand shyoutgoing do you consider yourself more shy or outgoing,3,0.015873015873015872,0.31666666666666665,0.08760683760683763
yeah downer yeah change directions what made you decide to do that,3,0.015873015873015872,0.5535714285714286,0.03391608391608392
hmm hmm,3,0.015873015873015872,0.30985915492957744,0.07281746031746034
back later let's come back to that later,3,0.015873015873015872,0.46296296296296297,0.13703051643192488
yeah yeah memorableb what's one of your most memorable experiences,3,0.015873015873015872,0.20833333333333334,0.02596830985915491
awesome awesome shyoutgoing do you consider yourself more shy or outgoing,3,0.015873015873015872,0.29545454545454547,0.06747066492829201
uh huh what do you do when you're annoyed,3,0.015873015873015872,0.1791044776119403,0.12990810359231414
okay confirm okay adapted la how easy was it for you to get used to living in l a,3,0.015873015873015872,0.15384615384615385,0.02607561929595828
yeah what are some things you don't really like about l a,3,0.015873015873015872,0.07462686567164178,0.023987206823027726
mm mm situation handled tell me about a situation that you wish you had handled differently,3,0.015873015873015872,0.4523809523809524,0.09226190476190482
cool what'd you study at school,3,0.015873015873015872,0.2,0.11416322642108603
awesome awesome memorableb what's one of your most memorable experiences,3,0.015873015873015872,0.2777777777777778,0.04705215419501135
ellie dec that's good,3,0.015873015873015872,0.5172413793103449,0.18426501035196685
how often do you go back to your hometown,3,0.015873015873015872,0.1388888888888889,0.05223429951690821
mhm yeah,3,0.015873015873015872,0.4108621987951807,0.1976532206411854
yeah yeah advice back what advice would you give to yourself ten or twenty years ago,3,0.015873015873015872,0.8888888888888888,0.01716141001855287
that's good who's someone that's been a positive influence in your life,3,0.015873015873015872,0.8805970149253731,0.23104990583804141
hmm downer hmm ptsd diagnosed have you ever been diagnosed with p t s d,3,0.015873015873015872,0.660377358490566,0.06882591093117418
long time that's a long time often backb how often do you go back to your hometown,3,0.015873015873015872,0.06451612903225806,0.00794871794871796
that's great how would your best friend describe you,3,0.015873015873015872,0.75,0.09561567164179108
that's good okay i think i've asked everything i need to thanks for sharing your thoughts with me,3,0.015873015873015872,0.9855072463768116,0.008196721311475308
that's great okay i think i've asked everything i need to,3,0.015873015873015872,0.9661016949152542,0.005438907159119655
mhm what are some things you like to do for fun,3,0.015873015873015872,0.296875,0.323397913561848
thats good that's good great thanks i'm great thanks where originally where are you from originally,3,0.015873015873015872,0.041666666666666664,0.011027568922305768
uh huh uh huh regret is there anything you regret,3,0.015873015873015872,0.8809523809523809,0.025757575757575646
yeah downer yeah behavior changes have you noticed any changes in your behavior or thoughts lately,3,0.015873015873015872,0.7285714285714285,0.03703703703703698
yeah yeah feel lately how have you been feeling lately,3,0.015873015873015872,0.5428571428571428,0.07371794871794868
that's good have you noticed any changes in your behavior or thoughts lately,3,0.015873015873015872,0.6567164179104478,0.038461538461538436
oh my gosh,3,0.015873015873015872,0.47126436781609193,0.059332770270270285
good hear that's so good to hear asked everything okay i think i have asked everything i need to appreciate open thanks for sharing your thoughts with me bye goodbye,3,0.015873015873015872,1.0,0.0
uh huh uh huh easy sleep how easy is it for you to get a good night's sleep,3,0.015873015873015872,0.6111111111111112,0.05887600356824274
okay what do you do now,3,0.015873015873015872,0.234375,0.16494133885438236
sorry hear i'm sorry to hear that family relationship tell me about your relationship with your family,3,0.015873015873015872,0.5555555555555556,0.03258003766478346
yeah i'm sorry,3,0.015873015873015872,0.40816326530612246,0.2627551020408163
combat did you ever see combat,3,0.015873015873015872,0.5416666666666666,0.057868952847519806
mm mm last argument when was the last time you argued with someone and what was it about,3,0.015873015873015872,0.41379310344827586,0.02651515151515149
yeah downer yeah last argument when was the last time you argued with someone and what was it about,3,0.015873015873015872,0.36666666666666664,0.0888888888888889
civilian life how easy was it for you to go back to civilian life,3,0.015873015873015872,0.6388888888888888,0.08083282302510708
understand i understand study what did you study at school,3,0.015873015873015872,0.16666666666666666,0.06402561024409764
uh huh tell me about something you did recently that you really enjoyed,3,0.015873015873015872,0.7049180327868853,0.06301369863013695
thats good that's good easy sleep how easy is it for you to get a good night's sleep,3,0.015873015873015872,0.6666666666666666,0.05254674403610571
yeah downer yeah see mean i see what you mean travel shoes i'm sure you can tell by my shoes i'm not much of a world explorer do you travel a lot,3,0.015873015873015872,0.16666666666666666,0.06470588235294117
thats great that's great asked everything okay i think i have asked everything i need to appreciate open thanks for sharing your thoughts with me bye goodbye,3,0.015873015873015872,1.0,0.0
uh oh,3,0.015873015873015872,0.5298507462686567,0.6527694362093641
great situation that sounds like a great situation bf describe how would your best friend describe you,3,0.015873015873015872,0.8444444444444444,0.02701882210078932
thats great that's great relax fishtank sometimes when i'm feeling tense i turn on the fish tank screensaver hey i know it's not hawaii but it's the best i've got what do you do to relax,3,0.015873015873015872,0.35185185185185186,0.012536162005786
cool what are some things you don't really like about l a,3,0.015873015873015872,0.13333333333333333,0.03699466056445459
mhm mhm advice back what advice would you give to yourself ten or twenty years ago,3,0.015873015873015872,0.9333333333333333,0.025379382522239702
yeah yeah memory erase tell me about an event or something that you wish you could erase from your memory,3,0.015873015873015872,0.43661971830985913,0.04224464060529637
okay what's the best thing about being a parent,3,0.015873015873015872,0.8877551020408163,0.3702731092436975
yeah downer yeah feelbadly tell me about a time when someone made you feel really badly about yourself,3,0.015873015873015872,0.8333333333333334,0.03327922077922085
i see what you mean what do you do to relax,3,0.015873015873015872,0.3018867924528302,0.07509968985378818
that's good what are some things you really like about l a,3,0.015873015873015872,0.12698412698412698,0.010020294266869623
makes sense that makes sense relax fishtank sometimes when i'm feeling tense i turn on the fish tank screensaver hey i know it's not hawaii but it's the best i've got what do you do to relax,3,0.015873015873015872,0.32051282051282054,0.02478632478632481
yeah yeah asked everything okay i think i have asked everything i need to,3,0.015873015873015872,0.9615384615384616,0.009316770186335477
i understand,3,0.015873015873015872,0.547945205479452,0.13676303854875282
hmm downer hmm hard decisionb tell me about the hardest decision you've ever had to make,3,0.015873015873015872,0.46296296296296297,0.042595769010863316
cool do you consider yourself an introvert,3,0.015873015873015872,0.2236842105263158,0.10452830188679246
thats good that's good situation handled tell me about a situation that you wish you had handled differently,3,0.015873015873015872,0.4090909090909091,0.08008879781420764
okay confirm okay dream job what's your dream job,3,0.015873015873015872,0.2833333333333333,0.04167623421354763
good hear that's so good to hear self change what are some things you wish you could change about yourself,3,0.015873015873015872,0.828125,0.04646495832046926
mm mm regret is there anything you regret,3,0.015873015873015872,0.8292682926829268,0.08580645161290312
understand i understand family relationship tell me about your relationship with your family,3,0.015873015873015872,0.5079365079365079,0.22916666666666669
nice nice asked everything okay i think i have asked everything i need to appreciate open thanks for sharing your thoughts with me,3,0.015873015873015872,0.9791666666666666,0.0029358626919603337
mhm is there anything you regret,3,0.015873015873015872,0.8676470588235294,0.08013001695873367
yeah yeah see mean i see what you mean,3,0.015873015873015872,0.09090909090909091,0.027777777777777776
isee downer i see influence positive who's someone that's been a positive influence in your life,3,0.015873015873015872,0.4925373134328358,0.05228758169934644
that makes sense,3,0.015873015873015872,0.7704918032786885,0.3524064171122995
that's so good to hear do you travel a lot,3,0.015873015873015872,0.2037037037037037,0.041034482758620705
awesome do you consider yourself an introvert,3,0.015873015873015872,0.16363636363636364,0.014214567337621942
yeah that sounds really hard,3,0.015873015873015872,0.47692307692307695,0.24793103448275866
appreciate open thanks for sharing your thoughts with me bye goodbye,3,0.015873015873015872,1.0,0.009615384615384581
yeah have you noticed any changes in your behavior or thoughts lately,3,0.015873015873015872,0.673469387755102,0.03258145363408527
isee downer i see memory erase tell me about an event or something that you wish you could erase from your memory,3,0.015873015873015872,0.5370370370370371,0.050694444444444486
thats great that's great dream job what's your dream job,3,0.015873015873015872,0.23214285714285715,0.07828282828282829
yeah what are you most proud of in your life,3,0.015873015873015872,0.927710843373494,0.026611047180667424
okay what are some things you really like about l a,3,0.015873015873015872,0.1111111111111111,0.03149506703769289
uh huh uh huh shyoutgoing do you consider yourself more shy or outgoing,3,0.015873015873015872,0.2962962962962963,0.08517462580185314
laughter,3,0.015873015873015872,0.8823529411764706,0.15900735294117652
wow wow travel changed what do you enjoy about traveling,3,0.015873015873015872,0.16326530612244897,0.044444444444444425
mhm when was the last time you felt really happy,3,0.015873015873015872,0.9,0.12765957446808507
mhm mhm compares la how does it compare to l a,3,0.015873015873015872,0.11538461538461539,0.024038461538461536
isee downer i see advice back what advice would you give to yourself ten or twenty years ago,3,0.015873015873015872,0.9074074074074074,0.022222222222222254
mhm mhm influence positive who's someone that's been a positive influence in your life,3,0.015873015873015872,0.5294117647058824,0.058733790999237145
see mean i see what you mean why la why did you move to l a,3,0.015873015873015872,0.14,0.013213530655391131
okay confirm okay compares la how does it compare to l a,3,0.015873015873015872,0.13953488372093023,0.02777777777777779
good hear that's so good to hear influence positive who's someone that's been a positive influence in your life,3,0.015873015873015872,0.6271186440677966,0.06060606060606055
thats great that's great behavior changes have you noticed any changes in your behavior or thoughts lately,3,0.015873015873015872,0.7446808510638298,0.07181818181818178
that's good have you been diagnosed with depression,3,0.015873015873015872,0.7083333333333334,0.03791257805530768
yeah yeah asked everything okay i think i have asked everything i need to appreciate open thanks for sharing your thoughts with me,3,0.015873015873015872,0.9795918367346939,0.004781997187060627
cool cool shyoutgoing do you consider yourself more shy or outgoing,3,0.015873015873015872,0.3333333333333333,0.05833333333333335
nice nice travel changed what do you enjoy about traveling,3,0.015873015873015872,0.18181818181818182,0.01190476190476189
mhm mhm feelbadly tell me about a time when someone made you feel really badly about yourself,3,0.015873015873015872,0.8771929824561403,0.019607843137254832
thats good that's good ideal weekendc tell me how you spend your ideal weekend,3,0.015873015873015872,0.8833333333333333,0.06370434282427384
isee downer i see hard decisionb tell me about the hardest decision you've ever had to make,3,0.015873015873015872,0.5,0.03448275862068961
mm mm easy sleep how easy is it for you to get a good night's sleep,3,0.015873015873015872,0.5789473684210527,0.03992740471869327
uh huh uh huh dont like la what are some things you don't really like about l a,3,0.015873015873015872,0.18518518518518517,0.0651330376940133
yeah yeah difficult how hard is that,2,0.010582010582010581,0.7475158084914182,0.15492321589882574
i'm sorry to hear that how do you cope with them,2,0.010582010582010581,0.43040238450074514,0.012220566318926984
mhm do you feel that way often,2,0.010582010582010581,0.6744663382594417,0.11124794745484401
mhm mhm like what like what,2,0.010582010582010581,0.8405797101449275,0.02898550724637683
yeah downer yeah feel lately how have you been feeling lately,2,0.010582010582010581,0.7319955406911929,0.02185061315496095
uh huh uh huh ideal weekendc tell me how you spend your ideal weekend,2,0.010582010582010581,0.8684668989547037,0.08275261324041805
uh huh uh huh ellie dec what would you say are some of your best qualities,2,0.010582010582010581,0.8037825059101655,0.026004728132387744
okay do you still go to therapy now,2,0.010582010582010581,0.560287081339713,0.12392344497607655
argument about what was it about,2,0.010582010582010581,0.5964026915113871,0.35002587991718426
yeah yeah see mean i see what you mean travel shoes i'm sure you can tell by my shoes i'm not much of a world explorer do you travel a lot,2,0.010582010582010581,0.10144927536231885,0.0144927536231884
good hear that's so good to hear asked everything okay i think i have asked everything i need to appreciate open thanks for sharing your thoughts with me,2,0.010582010582010581,0.9826762246117084,0.0011947431302269385
uh huh uh huh sleep affects what are you like when you don't sleep well,2,0.010582010582010581,0.6205357142857143,0.06696428571428581
that sucks that sucks feelguilty what's something you feel guilty about,2,0.010582010582010581,0.46907993966817496,0.018099547511312153
okay thanks for sharing your thoughts with me,2,0.010582010582010581,0.9749688667496886,0.011332503113324899
see mean i see what you mean dont like la what are some things you don't really like about l a,2,0.010582010582010581,0.09646118721461186,0.013127853881278531
mhm what'd you study at school,2,0.010582010582010581,0.06491312741312741,0.02437258687258688
aw aw control temper how are you at controlling your temper,2,0.010582010582010581,0.38899950223992036,0.00124440019910399
nice nice change directions what made you decide to do that,2,0.010582010582010581,0.19673202614379087,0.018954248366013088
thats great that's great advice back what advice would you give to yourself ten or twenty years ago,2,0.010582010582010581,0.8922222222222222,0.04777777777777781
really why,2,0.010582010582010581,0.18154761904761904,0.014880952380952384
thanks it was great chatting with you,2,0.010582010582010581,0.9827123695976154,0.0008941877794336195
yeah yeah that sucks that sucks,2,0.010582010582010581,0.4480836236933798,0.009059233449477344
thats good that's good memorableb what's one of your most memorable experiences,2,0.010582010582010581,0.5411764705882353,0.4
understand i understand behavior changes have you noticed any changes in your behavior or thoughts lately,2,0.010582010582010581,0.6482142857142856,0.048214285714285654
okay do you feel down,2,0.010582010582010581,0.49217171717171715,0.14671717171717163
isee downer i see easy sleep how easy is it for you to get a good night's sleep,2,0.010582010582010581,0.5715942028985508,0.051594202898550656
great situation that sounds like a great situation shyoutgoing do you consider yourself more shy or outgoing,2,0.010582010582010581,0.2921747967479675,0.000508130081300795
hmm is there anything you regret,2,0.010582010582010581,0.7679950186799502,0.14981320049813196
yeah that sounds like a great situation,2,0.010582010582010581,0.7647375215146299,0.21116609294320143
i understand what advice would you give yourself ten or twenty years ago,2,0.010582010582010581,0.7477611940298508,0.14776119402985088
uh huh uh huh bf describe how would your best friend describe you,2,0.010582010582010581,0.8664717348927875,0.059454191033138315
and please feel free to tell me anything your answers are totally confidential are you okay with this,2,0.010582010582010581,0.017027417027417027,0.001154401154401151
ellie dec that's good happy lasttime tell me about the last time you felt really happy,2,0.010582010582010581,0.7919103313840157,0.032651072124756264
thats good that's good study what did you study at school,2,0.010582010582010581,0.20415778251599148,0.010127931769722792
cool how close are you to your family,2,0.010582010582010581,0.20714285714285713,0.007142857142857145
awesome awesome control temper how are you at controlling your temper,2,0.010582010582010581,0.3194444444444444,0.06944444444444448
after what did you do after the military,2,0.010582010582010581,0.5801056338028169,0.04489436619718323
yeah can you give me an example of that,2,0.010582010582010581,0.6763392857142857,0.2299107142857143
nice nice bouts symptoms when was the last time that happened,2,0.010582010582010581,0.4519110275689223,0.06594611528822059
cool cool still doing x are you still doing that,2,0.010582010582010581,0.28888888888888886,0.011111111111111127
mhm what are you like when you don't sleep well,2,0.010582010582010581,0.6378968253968254,0.08432539682539686
yeah how did you feel in that moment,2,0.010582010582010581,0.6061165845648604,0.21531198686371095
wild laughter laughter great situation that sounds like a great situation,2,0.010582010582010581,0.27314814814814814,0.02314814814814814
awesome awesome ideal weekendc tell me how you spend your ideal weekend,2,0.010582010582010581,0.930952380952381,0.04523809523809519
yeah when was the last time you argued with someone and what was it about,2,0.010582010582010581,0.3948455459770115,0.02702945402298851
uh huh uh huh happy lasttime tell me about the last time you felt really happy,2,0.010582010582010581,0.8166666666666667,0.01666666666666672
great thanks i'm great thanks,2,0.010582010582010581,0.4686768149882904,0.4329625292740047
that's good tell me more about that,2,0.010582010582010581,0.45583372697213037,0.35238545111006137
yeah i'd love to hear about one of your trips,2,0.010582010582010581,0.15191801689516687,0.04348428195540785
that's good how do you like your living situation,2,0.010582010582010581,0.10672169811320754,0.04422169811320756
i see what you mean how easy is it for you to get a good night's sleep,2,0.010582010582010581,0.540948275862069,0.0007183908045975684
see mean i see what you mean memory erase tell me about an event or something that you wish you could erase from your memory,2,0.010582010582010581,0.6428571428571428,0.2142857142857143
old how old were you when you joined the military,2,0.010582010582010581,0.5395531400966183,0.025664251207729527
that's good what are some things you like to do for fun,2,0.010582010582010581,0.4356003039513678,0.09631458966565354
wow wow happy didthat are you happy you did that,2,0.010582010582010581,0.3362282878411911,0.06699751861042186
mhm mhm travel shoes i'm sure you can tell by my shoes i'm not much of a world explorer do you travel a lot,2,0.010582010582010581,0.16086065573770492,0.035860655737704916
yeah do you consider yourself an introvert,2,0.010582010582010581,0.5064935064935064,0.2792207792207792
hi i'm ellie thanks for coming in today i was created to talk to people in a safe and secure environment i'm not a therapist but i'm here to learn about people and would love to learn about you i'll ask a few questions to get us started,2,0.010582010582010581,0.0,0.0
okay okay i think i've asked everything i need to thanks for sharing your thoughts with me,2,0.010582010582010581,0.9846938775510203,0.005102040816326592
yeah how easy is it for you to get a good night's sleep,2,0.010582010582010581,0.5755536257056014,0.12657403386886668
yeah what do you do to relax,2,0.010582010582010581,0.25065410779696495,0.00575614861329149
i understand what do you enjoy about traveling,2,0.010582010582010581,0.18601538976246235,0.038474406155905
mm mm hard decisionb tell me about the hardest decision you've ever had to make,2,0.010582010582010581,0.4854838709677419,0.11451612903225805
okay confirm okay military have you ever served in the military,2,0.010582010582010581,0.5958132045088567,0.052334943639291476
uh huh uh huh feelguilty what's something you feel guilty about,2,0.010582010582010581,0.44018817204301075,0.10147849462365593
cool cool study what did you study at school,2,0.010582010582010581,0.114247311827957,0.030913978494623656
aww,2,0.010582010582010581,0.8479477611940298,0.027052238805970075
okay have you ever been diagnosed with p t s d,2,0.010582010582010581,0.751280737704918,0.0299692622950819
sorry hear i'm sorry to hear that where originally where are you from originally,2,0.010582010582010581,0.051587301587301584,0.003968253968253968
right right advice back what advice would you give to yourself ten or twenty years ago,2,0.010582010582010581,0.8779761904761905,0.038690476190476275
wild laughter laughter family relationship tell me about your relationship with your family,2,0.010582010582010581,0.3650980392156863,0.12509803921568624
okay confirm okay okay confirm okay how doingv so how are you doing today how doingv so how are you doing today,2,0.010582010582010581,0.01835016835016835,0.00016835016835017175
thats good that's good adapted la how easy was it for you to get used to living in l a,2,0.010582010582010581,0.1777690185258179,0.008277493102089084
understand i understand advice back what advice would you give to yourself ten or twenty years ago,2,0.010582010582010581,0.9100080710250202,0.00524616626311547
okay how often do you go back to your hometown,2,0.010582010582010581,0.19403508771929823,0.034035087719298224
mhm mhm happy lasttime tell me about the last time you felt really happy,2,0.010582010582010581,0.8563218390804598,0.02298850574712641
downer okay family relationship tell me about your relationship with your family,2,0.010582010582010581,0.5583333333333333,0.04166666666666652
yeah yeah parent differences what are some ways that you're different as a parent than your parents,2,0.010582010582010581,0.45238095238095233,0.11904761904761901
thats great that's great still working on x are you still working in that,2,0.010582010582010581,0.2602040816326531,0.0459183673469388
thats good that's good travel changed what do you enjoy about traveling,2,0.010582010582010581,0.1725417439703154,0.009276437847866442
nice do you consider yourself an introvert,2,0.010582010582010581,0.18250851008117308,0.0631055250065462
yeah downer yeah parent best what's the best thing about being a parent,2,0.010582010582010581,0.393483709273183,0.1303258145363409
aw aw kids elaborate tell me about your kids,2,0.010582010582010581,0.2217015140591204,0.011175198269646691
hmm downer hmm describe felt how did you feel in that moment,2,0.010582010582010581,0.44930555555555557,0.07152777777777775
sorry hear i'm sorry to hear that hard decisionb tell me about the hardest decision you've ever had to make,2,0.010582010582010581,0.4337305886601661,0.05344889851932111
see mean i see what you mean shyoutgoing do you consider yourself more shy or outgoing,2,0.010582010582010581,0.2155067155067155,0.040903540903540925
yeah downer yeah difficult how hard is that,2,0.010582010582010581,0.13360323886639675,0.04588394062078274
mhm mhm hard decisionb tell me about the hardest decision you've ever had to make,2,0.010582010582010581,0.5767676767676768,0.0010101010101010166
good hear that's so good to hear control temper how are you at controlling your temper,2,0.010582010582010581,0.40326797385620916,0.04771241830065365
that's good how easy is it for you to get a good night's sleep,2,0.010582010582010581,0.6469298245614035,0.002192982456140302
yeah downer yeah im sorry i'm sorry hard decisionb tell me about the hardest decision you've ever had to make,2,0.010582010582010581,0.568927304964539,0.048093971631205656
wild laughter laughter relax fishtank sometimes when i'm feeling tense i turn on the fish tank screensaver hey i know it's not hawaii but it's the best i've got what do you do to relax,2,0.010582010582010581,0.429866036249015,0.05949566587864458
yeah yeah parent best what's the best thing about being a parent,2,0.010582010582010581,0.5008510638297873,0.1391489361702128
yeah downer yeah ellie dec what are you most proud of in your life,2,0.010582010582010581,0.9386363636363636,0.006818181818181834
okay confirm okay where originally where are you from originally,2,0.010582010582010581,0.03714759535655058,0.007296849087893867
yeah downer yeah ellie dec tell me about something you did recently that you really enjoyed,2,0.010582010582010581,0.8891786179921772,0.04302477183833109
effectb how did serving in the military change you,2,0.010582010582010581,0.5687385180649112,0.06169626454378452
mhm can you tell me about that,2,0.010582010582010581,0.6703413940256046,0.2243954480796586
cool how would your best friend describe you,2,0.010582010582010581,0.8572458543619321,0.0901225666906994
yeah downer yeah study what did you study at school,2,0.010582010582010581,0.5100603621730382,0.08148893360160969
okay okay i think i've asked everything i need to,2,0.010582010582010581,0.9703947368421053,0.01206140350877194
hi i'm ellie thanks for coming in today i was created to talk to people in a safe and secure environment,2,0.010582010582010581,0.0,0.0
yeah downer yeah ellie dec what are some things that usually put you in a good mood,2,0.010582010582010581,0.9357142857142857,0.030952380952380842
yeah downer yeah happy didthat are you happy you did that,2,0.010582010582010581,0.46937321937321935,0.12321937321937326
okay confirm okay dont like la what are some things you don't really like about l a,2,0.010582010582010581,0.12028985507246376,0.05362318840579709
name ellie i'm ellie,2,0.010582010582010581,0.7053872053872055,0.2794612794612795
cool cool bf describe how would your best friend describe you,2,0.010582010582010581,0.8342105263157895,0.03421052631578947
im sorry i'm sorry symptoms cope how do you cope with them,2,0.010582010582010581,0.6721590909090909,0.10965909090909098
makes sense that makes sense hard decisionb tell me about the hardest decision you've ever had to make,2,0.010582010582010581,0.48333333333333334,0.01666666666666672
yeah downer yeah sorry hear i'm sorry to hear that,2,0.010582010582010581,0.5867346938775511,0.056122448979591955
uh huh uh huh influence positive who's someone that's been a positive influence in your life,2,0.010582010582010581,0.5528975741239892,0.08861185983827502
makes sense that makes sense dream job what's your dream job,2,0.010582010582010581,0.33484573502722326,0.007259528130671489
mm mm feelbadly tell me about a time when someone made you feel really badly about yourself,2,0.010582010582010581,0.8247058823529412,0.09529411764705875
makes sense that makes sense memory erase tell me about an event or something that you wish you could erase from your memory,2,0.010582010582010581,0.5425213675213675,0.053632478632478664
understand i understand feel lately how have you been feeling lately,2,0.010582010582010581,0.6350459242250287,0.038030998851894315
isee downer i see regret is there anything you regret,2,0.010582010582010581,0.8923611111111112,0.00347222222222221
mm mm shyoutgoing do you consider yourself more shy or outgoing,2,0.010582010582010581,0.4690605239385727,0.04313459801264685
sounds interesting that sounds interesting still working on x are you still working in that,2,0.010582010582010581,0.4043835616438356,0.07561643835616438
wild laughter big laughter,2,0.010582010582010581,0.3971677559912854,0.23246187363834414
oh my gosh oh my gosh,2,0.010582010582010581,0.4104662698412698,0.12921626984126988
good hear that's so good to hear dream job what's your dream job,2,0.010582010582010581,0.22322775263951736,0.0075414781297134525
isee downer i see ptsd diagnosed have you ever been diagnosed with p t s d,2,0.010582010582010581,0.6499183006535948,0.0028594771241829964
ellie dec wow been hard that sounds really hard,2,0.010582010582010581,0.5051020408163265,0.005102040816326592
cool are you still doing that,2,0.010582010582010581,0.20857699805068225,0.050682261208576995
cool cool compares la how does it compare to l a,2,0.010582010582010581,0.13407407407407407,0.014074074074074072
awesome awesome ellie dec what are you most proud of in your life,2,0.010582010582010581,0.9788671958807122,0.004183651576914804
see mean i see what you mean ellie dec what are some things that usually put you in a good mood,2,0.010582010582010581,0.9391086001255493,0.0238543628374136
awesome awesome travel changed what do you enjoy about traveling,2,0.010582010582010581,0.2222222222222222,0.05555555555555555
mm mm feel lately how have you been feeling lately,2,0.010582010582010581,0.6807909604519774,0.01412429378531077
wow wow thats great that's great study what did you study at school,2,0.010582010582010581,0.2519493177387914,0.011208576998050696
see mean i see what you mean feel lately how have you been feeling lately,2,0.010582010582010581,0.7421343537414966,0.012967687074829981
that sucks that sucks advice back what advice would you give to yourself ten or twenty years ago,2,0.010582010582010581,0.8459752321981424,0.02244582043343657
aw aw memory erase tell me about an event or something that you wish you could erase from your memory,2,0.010582010582010581,0.5321350762527233,0.0419389978213508
uh huh uh huh okay confirm okay relax fishtank sometimes when i'm feeling tense i turn on the fish tank screensaver hey i know it's not hawaii but it's the best i've got what do you do to relax,2,0.010582010582010581,0.3560049019607843,0.08149509803921562
good hear that's so good to hear travel shoes i'm sure you can tell by my shoes i'm not much of a world explorer do you travel a lot,2,0.010582010582010581,0.2504254112308565,0.01786727169597277
thats great that's great ptsd diagnosed have you ever been diagnosed with p t s d,2,0.010582010582010581,0.7197159565580618,0.10568086883876349
thats good that's good thats good that's good where originally where are you from originally where originally where are you from originally,2,0.010582010582010581,0.0367003367003367,0.0003367003367003435
nice nice describe felt how did you feel in that moment,2,0.010582010582010581,0.8250517598343685,0.15113871635610776
talk later why don't we talk about that later,2,0.010582010582010581,0.5110714285714286,0.02892857142857147
see mean i see what you mean where originally where are you from originally,2,0.010582010582010581,0.05423280423280423,0.017195767195767188
yeah yeah ellie dec what would you say are some of your best qualities,2,0.010582010582010581,0.7117346938775511,0.03826530612244905
elaborate could you say a little more about that,2,0.010582010582010581,0.5753424657534246,0.10371819960861062
aw how did you feel in that moment,2,0.010582010582010581,0.6518003273322422,0.3056464811783961
uh huh uh huh memory erase tell me about an event or something that you wish you could erase from your memory,2,0.010582010582010581,0.5698891625615763,0.016317733990147798
yeah downer yeah self change what are some things you wish you could change about yourself,2,0.010582010582010581,0.8701923076923077,0.004807692307692291
thats great that's great ideal weekendc tell me how you spend your ideal weekend,2,0.010582010582010581,0.7429356357927785,0.012166405023547822
yeah downer yeah depression diagnosed have you been diagnosed with depression,2,0.010582010582010581,0.6555501460564752,0.07862706913339823
mhm mhm family relationship tell me about your relationship with your family,2,0.010582010582010581,0.45833333333333337,0.041666666666666685
hmmb hmm memory erase tell me about an event or something that you wish you could erase from your memory,2,0.010582010582010581,0.4026923076923077,0.037307692307692264
ellie dec that's good ptsd diagnosed have you ever been diagnosed with p t s d,2,0.010582010582010581,0.7798792756539236,0.03702213279678079
mm mm sleep affects what are you like when you don't sleep well,2,0.010582010582010581,0.630281690140845,0.13028169014084512
hmmb hmm,2,0.010582010582010581,0.5915492957746479,0.050134138162307273
yeah when was the last time that happened,2,0.010582010582010581,0.6824324324324325,0.18243243243243246
roommates do you have roommates,2,0.010582010582010581,0.3759780907668232,0.235133020344288
thats great that's great family relationship tell me about your relationship with your family,2,0.010582010582010581,0.6481900452488687,0.23642533936651577
yeah have you been diagnosed with depression,2,0.010582010582010581,0.5728021978021978,0.03434065934065922
mhm mhm memory erase tell me about an event or something that you wish you could erase from your memory,2,0.010582010582010581,0.6678475033738192,0.15907557354925772
nice nice difficult how hard is that,2,0.010582010582010581,0.2692307692307692,0.019230769230769273
yeah downer yeah good job it can be tough to find a good job these days,2,0.010582010582010581,0.42803030303030304,0.1780303030303031
mhm how would your best friend describe you,2,0.010582010582010581,0.6419946332737031,0.22338998211091232
yeah that's so good to hear,2,0.010582010582010581,0.6331802525832377,0.2898966704936855
great situation that sounds like a great situation great situation that sounds like a great situation,2,0.010582010582010581,0.6052188552188552,0.031144781144781142
last argument when was the last time you argued with someone and what was it about last argument when was the last time you argued with someone and what was it about,2,0.010582010582010581,0.468013468013468,0.013468013468013407
control temper how are you at controlling your temper control temper how are you at controlling your temper,2,0.010582010582010581,0.44966329966329965,0.013299663299663367
relax fishtank sometimes when i'm feeling tense i turn on the fish tank screensaver hey i know it's not hawaii but it's the best i've got what do you do to relax relax fishtank sometimes when i'm feeling tense i turn on the fish tank screensaver hey i know it's not hawaii but it's the best i've got what do you do to relax,2,0.010582010582010581,0.412962962962963,0.012962962962962954
awesome awesome awesome awesome,2,0.010582010582010581,0.6023569023569023,0.34309764309764307
memorableb what's one of your most memorable experiences memorableb what's one of your most memorable experiences,2,0.010582010582010581,0.22946127946127945,0.011279461279461278
that's great how close are you to your family,2,0.010582010582010581,0.19836182336182334,0.013176638176638195
see mean i see what you mean compares la how does it compare to l a,2,0.010582010582010581,0.1125,0.012499999999999983
mhm what's your dream job,2,0.010582010582010581,0.43947963800904977,0.26640271493212664
yeah yeah happy lasttime tell me about the last time you felt really happy,2,0.010582010582010581,0.8181683021112103,0.0462384775498067
really me too,2,0.010582010582010581,0.060897435897435896,0.022435897435897426
yeah what are some things you really like about l a,2,0.010582010582010581,0.15375,0.03375
thats good that's good dream job what's your dream job,2,0.010582010582010581,0.33653846153846156,0.08012820512820512
mm mm still working on x are you still working in that,2,0.010582010582010581,0.3227941176470588,0.05220588235294116
cool cool travel trips i'd love to hear about one of your trips,2,0.010582010582010581,0.23863636363636365,0.011363636363636381
yeah do you travel a lot,2,0.010582010582010581,0.2599206349206349,0.009920634920634941
yeah it can be tough to find a good job these days,2,0.010582010582010581,0.5130208333333334,0.15885416666666663
downer okay hard decisionb tell me about the hardest decision you've ever had to make,2,0.010582010582010581,0.5537254901960784,0.07372549019607844
wow wow feelguilty what's something you feel guilty about,2,0.010582010582010581,0.38296296296296295,0.042962962962962925
mhm mhm todays kids what do you think of today's kids,2,0.010582010582010581,0.48254901960784313,0.26254901960784305
okay confirm okay tell about that can you tell me about that,2,0.010582010582010581,0.324468085106383,0.17553191489361705
yeah yeah like about la what are some things you really like about l a,2,0.010582010582010581,0.16505636070853463,0.02012882447665057
aw aw good hear that's so good to hear,2,0.010582010582010581,0.8446749304325829,0.05363015431317997
okay confirm okay sleep affects what are you like when you don't sleep well,2,0.010582010582010581,0.6644365150163545,0.037317870948557874
love hear i'd love to hear all about it,2,0.010582010582010581,0.7843915343915344,0.14153439153439162
yeah yeah parent hardest what's the hardest thing about being a parent,2,0.010582010582010581,0.6956214689265536,0.221045197740113
suspect problem did you think you had a problem before you found out,2,0.010582010582010581,0.7523918867202449,0.008802143130501205
awesome awesome hard decision how did you decide to do that,2,0.010582010582010581,0.18023518769787428,0.028720036182722758
see mean i see what you mean easy sleep how easy is it for you to get a good night's sleep,2,0.010582010582010581,0.5461767626613704,0.019860973187686204
do fun what are some things you like to do for fun,2,0.010582010582010581,0.9203182055294732,0.06116327595200832
todays kids what do you think of today's kids,2,0.010582010582010581,0.7245356195141865,0.2174933659930598
that's good i'm great thanks where are you from originally,2,0.010582010582010581,0.023314014752370917,0.004083245521601685
mhm mhm thats good that's good last argument when was the last time you argued with someone and what was it about,2,0.010582010582010581,0.43161189358372454,0.07949921752738653
mad makeyou what are some things that make you really mad,2,0.010582010582010581,0.6406779661016949,0.2406779661016949
hmmb hmm feelguilty what's something you feel guilty about,2,0.010582010582010581,0.41148148148148145,0.05148148148148152
tell me about your kids,2,0.010582010582010581,0.6033347959631418,0.2079859587538394
mhm mhm depression diagnosed have you been diagnosed with depression,2,0.010582010582010581,0.7935960591133004,0.03497536945812818
nice are you still working in that,2,0.010582010582010581,0.11126373626373626,0.00412087912087912
i see what you mean what'd you study at school,2,0.010582010582010581,0.4762829687180536,0.3867307299120834
how old were you when you joined the military,2,0.010582010582010581,0.6190080929653454,0.03672961195268731
mhm what's one of your most memorable experiences,2,0.010582010582010581,0.47344827586206895,0.26655172413793093
aw tell me about your kids,2,0.010582010582010581,0.8067079290732686,0.019822683171629385
yeah what made you decide to do that,2,0.010582010582010581,0.5901039206424185,0.2202409069437884
that's good how are you at controlling your temper,2,0.010582010582010581,0.6310965630114567,0.18428805237315882
mhm what are some things that usually put you in a good mood,2,0.010582010582010581,0.618421052631579,0.11842105263157887
cool what's your dream job,2,0.010582010582010581,0.20774789241268565,0.03753512645523885
i see how have you been feeling lately,2,0.010582010582010581,0.7405043586550435,0.08141344956413443
how did serving in the military change you,2,0.010582010582010581,0.622040072859745,0.06648451730418936
that's great when was the last time you argued with someone and what was it about,2,0.010582010582010581,0.32406250000000003,0.004062500000000024
i was created to talk to people in a safe and secure environment i'm not a therapist but i'm here to learn about people and would love to learn about you i'll ask a few questions to get us started and please feel free to tell me anything your answers are totally confidential are you okay with this,2,0.010582010582010581,0.015867066466766618,0.0013743128435782116
mhm who's someone that's been a positive influence in your life,2,0.010582010582010581,0.5678683385579937,0.2769592476489028
that's good how close are you to your family,2,0.010582010582010581,0.5240080506037953,0.3483323749281195
aw that's great what's one of your most memorable experiences,2,0.010582010582010581,0.6610344827586206,0.20103448275862068
hi i'm ellie thanks for coming in today,2,0.010582010582010581,0.0,0.0
i understand what are some things you really like about l a,2,0.010582010582010581,0.10694444444444445,0.00972222222222223
mm when was the last time you felt really happy,2,0.010582010582010581,0.8164965986394558,0.0001700680272109789
awesome what are some things that usually put you in a good mood,2,0.010582010582010581,0.9228056426332288,0.009012539184952928
mhm how have you been feeling lately,2,0.010582010582010581,0.5660694288913775,0.012877939529675309
okay can you tell me about that,2,0.010582010582010581,0.7165318957771788,0.18823000898472597
cool what are you most proud of in your life,2,0.010582010582010581,0.8783125190374658,0.06198598842522096
yeah tell me about something you did recently that you really enjoyed,2,0.010582010582010581,0.9559961315280465,0.0014506769825918253
do you have disturbing thoughts,2,0.010582010582010581,0.7590361445783133,0.10776439089692103
that's so good to hear okay i think i've asked everything i need to thanks for sharing your thoughts with me,2,0.010582010582010581,0.9843405921213604,0.0007340347443112183
did you ever see combat,2,0.010582010582010581,0.34213042646777586,0.19755211321476385
wow how did you decide to do that,2,0.010582010582010581,0.23538011695906433,0.04239766081871349
yeah how close are you to your family,2,0.010582010582010581,0.27556962025316456,0.015569620253164551
that's good what are you most proud of in your life,2,0.010582010582010581,0.9509837177747625,0.01916553595658077
aw do you consider yourself an introvert,2,0.010582010582010581,0.2878662244333886,0.06398562741846325
mm have you noticed any changes in your behavior or thoughts lately,2,0.010582010582010581,0.6709090909090909,0.010909090909090757
hmm what would you say are some of your best qualities,2,0.010582010582010581,0.8331983805668016,0.04372469635627518
that's great what are some things that usually put you in a good mood,2,0.010582010582010581,0.8177927927927928,0.10112612612612626
yeah what's your dream job,2,0.010582010582010581,0.15290563866513235,0.05163981588032221
i see what you mean how would your best friend describe you,2,0.010582010582010581,0.6507778881165177,0.103608076795763
really how hard is that,2,0.010582010582010581,0.3100535060546325,0.08617290903970715
cool how did you decide to do that,2,0.010582010582010581,0.22025216706067768,0.03506698187549251
i see what you mean what are some things that usually put you in a good mood,2,0.010582010582010581,0.8296428571428571,0.009642857142857064
cool what would you say are some of your best qualities,2,0.010582010582010581,0.7939536878216124,0.0015008576329329504
that makes sense how would your best friend describe you,2,0.010582010582010581,0.8706739526411658,0.01821493624772319
goodbye goodbye,2,0.010582010582010581,1.0,0.0
i see what you mean what do you do when you're annoyed,2,0.010582010582010581,0.4017543859649123,0.0017543859649122306
i understand who's someone that's been a positive influence in your life,2,0.010582010582010581,0.4014247208317289,0.013669618790912552
yeah i see what you mean what'd you study at school,2,0.010582010582010581,0.10227272727272727,0.011363636363636367
nice what do you enjoy about traveling,2,0.010582010582010581,0.3388543823326432,0.12146307798481709
okay how has seeing a therapist affected you,2,0.010582010582010581,0.6593878312803285,0.042366554684583835
that's good what would you say are some of your best qualities,2,0.010582010582010581,0.7572131147540984,0.1772131147540983
wow that's great,2,0.010582010582010581,0.8505140316754654,0.03084190052792446
let's come back to that later what advice would you give yourself ten or twenty years ago,2,0.010582010582010581,0.7114709851551957,0.1500674763832659
mhm do you travel a lot,2,0.010582010582010581,0.11818458726774292,0.01614377094121229
awesome what are some things that make you really mad,2,0.010582010582010581,0.32699137493658037,0.08041603247082701
yeah what are some things you like to do for fun,2,0.010582010582010581,0.2645945945945946,0.07540540540540541
do you think that maybe you're being a little hard on yourself,2,0.010582010582010581,0.8280722652372443,0.10343458407782402
okay okay i think i've asked everything i need to thanks for sharing your thoughts with me goodbye,2,0.010582010582010581,1.0,0.0
yeah tell me about your kids,2,0.010582010582010581,0.38427523727351165,0.02361949956859366
okay tell me about something you did recently that you really enjoyed,2,0.010582010582010581,0.8789529914529914,0.05950854700854702
uh huh what's the hardest thing about being a parent,2,0.010582010582010581,0.31521215043394407,0.09462391513982638
that's so good to hear is there anything you regret,2,0.010582010582010581,0.8531746031746033,0.07539682539682546
uh huh how close are you to your family,2,0.010582010582010581,0.2540667808219178,0.0896832191780822
awesome what'd you study at school,2,0.010582010582010581,0.2411073306526446,0.06077946180018559
yeah is there anything you regret,2,0.010582010582010581,0.6309707241910631,0.2673343605546995
awesome how hard is that,2,0.010582010582010581,0.24772783099975437,0.1290837632031442
that's good what are you like when you don't sleep well,2,0.010582010582010581,0.6717021276595745,0.051702127659574604
nice what's one of your most memorable experiences,2,0.010582010582010581,0.5165957446808511,0.03659574468085103
mhm when was the last time you argued with someone and what was it about,2,0.010582010582010581,0.4636363636363636,0.0636363636363636
mhm okay i think i've asked everything i need to thanks for sharing your thoughts with me,2,0.010582010582010581,0.976975405546834,0.0026164311878597024
that sounds interesting are you still working in that,2,0.010582010582010581,0.19574468085106383,0.004255319148936176
what did you do after the military,2,0.010582010582010581,0.43182858014335823,0.23905749580600888
yeah i see what you mean what are some things you really like about l a,2,0.010582010582010581,0.12510121457489878,0.032793522267206485
i understand how easy is it for you to get a good night's sleep,2,0.010582010582010581,0.5707720588235294,0.08547794117647056
that's good do you still go to therapy now,2,0.010582010582010581,0.6196476633227306,0.05248348421825311
cool what's one of your most memorable experiences,2,0.010582010582010581,0.6483216237314597,0.30405932864949253
okay what do you think of today's kids,2,0.010582010582010581,0.4403874813710879,0.014157973174366623
oh no,2,0.010582010582010581,0.6758021390374331,0.22125668449197866
i'm sorry to hear that where are you from originally,2,0.010582010582010581,0.030365296803652967,0.0029680365296803693
that's great tell me about something you did recently that you really enjoyed,2,0.010582010582010581,0.8947811447811448,0.031144781144781142
nice what do you do to relax,2,0.010582010582010581,0.31112938596491224,0.0923793859649123
yeah how do you cope with them,2,0.010582010582010581,0.581411479105254,0.06242413733310226
uh huh who's someone that's been a positive influence in your life,2,0.010582010582010581,0.8213716108452951,0.0031897926634769647
that's great did you think you had a problem before you found out,2,0.010582010582010581,0.6637481371087929,0.040797317436661595
that's good when was the last time you felt really happy,2,0.010582010582010581,0.7223076923076923,0.13769230769230756
yeah how easy was it for you to get used to living in l a,2,0.010582010582010581,0.13917225298746722,0.011512678519382119
really tell me more about that,2,0.010582010582010581,0.376984126984127,0.12301587301587302
yeah do you feel like therapy's useful,2,0.010582010582010581,0.6428174492914698,0.06904695748819123
yeah i understand,2,0.010582010582010581,0.6546649389115142,0.23574601999259537
awesome awesome describe felt how did you feel in that moment,1,0.005291005291005291,0.22727272727272727,0.0
hmm downer hmm sleep affects what are you like when you don't sleep well,1,0.005291005291005291,0.625,0.0
uh huh uh huh last argument when was the last time you argued with someone and what was it about,1,0.005291005291005291,0.4375,0.0
i see what you mean do you find it easy to be a parent,1,0.005291005291005291,0.8208955223880597,0.0
i understand what do you do when you're annoyed,1,0.005291005291005291,0.3181818181818182,0.0
yeah i'd love to hear all about it,1,0.005291005291005291,0.5789473684210527,0.0
uh oh why,1,0.005291005291005291,0.660377358490566,0.0
awesome awesome happy didthat are you happy you did that,1,0.005291005291005291,0.2708333333333333,0.0
mm mm study what did you study at school,1,0.005291005291005291,0.20833333333333334,0.0
that makes sense when was the last time that happened,1,0.005291005291005291,0.39285714285714285,0.0
aw aw thats great that's great where originally where are you from originally,1,0.005291005291005291,0.0425531914893617,0.0
makes sense that makes sense kids elaborate tell me about your kids,1,0.005291005291005291,0.2978723404255319,0.0
that's great do you find it easy to be a parent,1,0.005291005291005291,0.3392857142857143,0.0
that sounds interesting what are some things that make you really mad,1,0.005291005291005291,0.21428571428571427,0.0
really what sort of changes have you noticed since you've been going to therapy,1,0.005291005291005291,0.5373134328358209,0.0
wild laughter laughter wild laughter laughter,1,0.005291005291005291,0.24444444444444444,0.0
yeah yeah yeah yeah see mean i see what you mean relax fishtank sometimes when i'm feeling tense i turn on the fish tank screensaver hey i know it's not hawaii but it's the best i've got what do you do to relax,1,0.005291005291005291,0.3111111111111111,0.0
im sorry i'm sorry hard decision how did you decide to do that,1,0.005291005291005291,0.6222222222222222,0.0
wild laughter laughter thats good that's good feel lately how have you been feeling lately,1,0.005291005291005291,0.7111111111111111,0.0
mm mm good hear that's so good to hear advice back what advice would you give to yourself ten or twenty years ago,1,0.005291005291005291,0.9333333333333333,0.0
yeah yeah see mean i see what you mean adapted la how easy was it for you to get used to living in l a,1,0.005291005291005291,0.15789473684210525,0.0
that's so good to hear how has seeing a therapist affected you,1,0.005291005291005291,0.5671641791044776,0.0
that's great what's it like for you living with them,1,0.005291005291005291,0.5964912280701754,0.0
sorry hear i'm sorry to hear that uncomfortable talkv is it uncomfortable for you to talk about this,1,0.005291005291005291,0.5964912280701754,0.0
i'm sorry to hear that do you feel that way often,1,0.005291005291005291,0.6268656716417911,0.0
nice what would you say are some of your best qualities,1,0.005291005291005291,0.4772727272727273,0.0
oh no oh no give example can you give me an example of that,1,0.005291005291005291,0.8947368421052632,0.0
understand i understand why la why did you move to l a,1,0.005291005291005291,0.16666666666666666,0.0
ellie dec wow symptoms cope how do you cope with them,1,0.005291005291005291,0.631578947368421,0.0
makes sense that makes sense ptsd diagnosed have you ever been diagnosed with p t s d,1,0.005291005291005291,0.6818181818181818,0.0
good hear that's so good to hear study what did you study at school,1,0.005291005291005291,0.25,0.0
wow that's great hmm,1,0.005291005291005291,0.9552238805970149,0.0
mm why,1,0.005291005291005291,0.1,0.0
hmm downer hmm ellie dec what would you say are some of your best qualities,1,0.005291005291005291,0.9344262295081968,0.0
understand i understand compares la how does it compare to l a,1,0.005291005291005291,0.12280701754385964,0.0
yeah yeah why la why did you move to l a,1,0.005291005291005291,0.14035087719298245,0.0
wild laughter laughter easy parent do you find it easy to be a parent,1,0.005291005291005291,0.22807017543859648,0.0
that's so good to hear okay i think i've asked everything i need to,1,0.005291005291005291,0.9863013698630136,0.0
downer okay shyoutgoing do you consider yourself more shy or outgoing,1,0.005291005291005291,0.3157894736842105,0.0
nice nice wild laughter laughter control temper how are you at controlling your temper,1,0.005291005291005291,0.3684210526315789,0.0
yeah downer yeah im sorry i'm sorry situation handled tell me about a situation that you wish you had handled differently,1,0.005291005291005291,0.45614035087719296,0.0
aw aw describe felt how did you feel in that moment,1,0.005291005291005291,0.7894736842105263,0.0
hmm downer hmm ideal weekendc tell me how you spend your ideal weekend,1,0.005291005291005291,0.8771929824561403,0.0
good hear that's so good to hear ellie dec what are you most proud of in your life,1,0.005291005291005291,0.9298245614035088,0.0
ellie dec that's good situation handled tell me about a situation that you wish you had handled differently,1,0.005291005291005291,0.5370370370370371,0.0
isee downer i see kids elaborate tell me about your kids,1,0.005291005291005291,0.5901639344262295,0.0
awesome how are you at controlling your temper,1,0.005291005291005291,0.2982456140350877,0.0
feel down do you feel down feel down do you feel down,1,0.005291005291005291,0.7592592592592593,0.0
downer okay trigger are they triggered by something,1,0.005291005291005291,0.7777777777777778,0.0
aw aw study what did you study at school,1,0.005291005291005291,0.2033898305084746,0.0
wild laughter laughter situation handled tell me about a situation that you wish you had handled differently,1,0.005291005291005291,0.3898305084745763,0.0
isee downer i see feelguilty what's something you feel guilty about,1,0.005291005291005291,0.4067796610169492,0.0
mm what's one of your most memorable experiences,1,0.005291005291005291,0.821917808219178,0.0
good hear that's so good to hear where originally where are you from originally,1,0.005291005291005291,0.04081632653061224,0.0
yeah downer yeah why la why did you move to l a,1,0.005291005291005291,0.12244897959183673,0.0
mhm that's so good to hear,1,0.005291005291005291,0.2786885245901639,0.0
wow what are you most proud of in your life,1,0.005291005291005291,0.7123287671232876,0.0
aw that's good,1,0.005291005291005291,0.3442622950819672,0.0
hmm downer hmm behavior changes have you noticed any changes in your behavior or thoughts lately,1,0.005291005291005291,0.7868852459016393,0.0
yeah downer yeah see mean i see what you mean feelguilty what's something you feel guilty about,1,0.005291005291005291,0.5409836065573771,0.0
aw okay,1,0.005291005291005291,0.9333333333333333,0.0
see mean i see what you mean regret is there anything you regret,1,0.005291005291005291,0.8939393939393939,0.0
ellie dec wow happy lasttime tell me about the last time you felt really happy,1,0.005291005291005291,0.8409090909090909,0.0
yeah downer yeah ideal weekendc tell me how you spend your ideal weekend,1,0.005291005291005291,0.9318181818181818,0.0
that sounds really hard how do you know them,1,0.005291005291005291,0.9,0.0
mm mm why la why did you move to l a,1,0.005291005291005291,0.11764705882352941,0.0
wild laughter laughter see mean i see what you mean like about la what are some things you really like about l a,1,0.005291005291005291,0.1568627450980392,0.0
aww can you tell me about that,1,0.005291005291005291,0.45614035087719296,0.0
thats great that's great feelguilty what's something you feel guilty about,1,0.005291005291005291,0.5098039215686274,0.0
yeah downer yeah been hard that sounds really hard easy sleep how easy is it for you to get a good night's sleep,1,0.005291005291005291,0.6470588235294118,0.0
yeah yeah ptsd diagnosed have you ever been diagnosed with p t s d,1,0.005291005291005291,0.7647058823529411,0.0
thats good that's good yeah downer yeah easy sleep how easy is it for you to get a good night's sleep,1,0.005291005291005291,0.6363636363636364,0.0
nice who's someone that's been a positive influence in your life,1,0.005291005291005291,0.43859649122807015,0.0
yes how would your best friend describe you,1,0.005291005291005291,0.6833333333333333,0.0
wild laughter laughter ellie dec what are you most proud of in your life,1,0.005291005291005291,0.9393939393939394,0.0
oh no oh no describe felt how did you feel in that moment,1,0.005291005291005291,0.39344262295081966,0.0
i'm sorry to hear that is it uncomfortable for you to talk about this,1,0.005291005291005291,0.6666666666666666,0.0
cool what do you do now,1,0.005291005291005291,0.43333333333333335,0.0
yeah yeah regret is there anything you regret,1,0.005291005291005291,0.38461538461538464,0.0
awesome what's one of your most memorable experiences,1,0.005291005291005291,0.26666666666666666,0.0
how close are you to your family do you travel a lot,1,0.005291005291005291,0.21666666666666667,0.0
aw aw tell about that can you tell me about that,1,0.005291005291005291,0.2857142857142857,0.0
mhm how close are you to them,1,0.005291005291005291,0.38596491228070173,0.0
okay confirm okay makes sense that makes sense,1,0.005291005291005291,0.7857142857142857,0.0
uh huh uh huh travel shoes i'm sure you can tell by my shoes i'm not much of a world explorer do you travel a lot,1,0.005291005291005291,0.20833333333333334,0.0
yeah how often to you go back to your home town,1,0.005291005291005291,0.15,0.0
wow wow why why,1,0.005291005291005291,0.08196721311475409,0.0
wild laughter laughter yeah downer yeah why la why did you move to l a,1,0.005291005291005291,0.13114754098360656,0.0
hmm i see what you mean have you ever been diagnosed with p t s d,1,0.005291005291005291,0.4626865671641791,0.0
laughter i see what you mean what do you do when you're annoyed,1,0.005291005291005291,0.8596491228070176,0.0
thats great that's great ellie dec what would you say are some of your best qualities,1,0.005291005291005291,0.8181818181818182,0.0
thats great that's great self change what are some things you wish you could change about yourself,1,0.005291005291005291,0.7543859649122807,0.0
wow what are some things that make you really mad,1,0.005291005291005291,0.2558139534883721,0.0
nice what's your dream job,1,0.005291005291005291,0.16279069767441862,0.0
wow that sounds interesting how did you decide to do that,1,0.005291005291005291,0.13953488372093023,0.0
good hear that's so good to hear ellie dec what are some things that usually put you in a good mood,1,0.005291005291005291,0.96,0.0
yeah yeah what'd you study at school,1,0.005291005291005291,0.11627906976744186,0.0
uh oh uh oh situation handled tell me about a situation that you wish you had handled differently,1,0.005291005291005291,0.40476190476190477,0.0
thats great that's great family roleb how close are you to your family,1,0.005291005291005291,0.4523809523809524,0.0
awesome what are some things you really like about l a,1,0.005291005291005291,0.06976744186046512,0.0
ellie dec uh huh tell me morev can you tell me more about that,1,0.005291005291005291,0.9523809523809523,0.0
im sorry i'm sorry ellie dec what would you say are some of your best qualities,1,0.005291005291005291,0.9761904761904762,0.0
im sorry i'm sorry been hard that sounds really hard,1,0.005291005291005291,0.47368421052631576,0.0
ellie dec that's great ellie dec that's great give example can you give me an example of that,1,0.005291005291005291,0.49122807017543857,0.0
aw okay what'd you study at school,1,0.005291005291005291,0.2708333333333333,0.0
i see what you mean where are you from originally,1,0.005291005291005291,0.046511627906976744,0.0
yes how are you at controlling your temper,1,0.005291005291005291,0.3023255813953488,0.0
aw aw advice back what advice would you give to yourself ten or twenty years ago,1,0.005291005291005291,0.8421052631578947,0.0
hi i'm ellie thanks for coming in today i was created to talk to people in a safe and secure environment i'm not a therapist but i'm here to learn about people and would love to learn about you i'll ask a few questions to get us started and please feel free to tell me anything you're answers are totally confidential are you okay with this,1,0.005291005291005291,0.0,0.0
mm mm adapted la how easy was it for you to get used to living in l a,1,0.005291005291005291,0.14583333333333334,0.0
mm there are always trade offs in life aren't there,1,0.005291005291005291,0.6216216216216216,0.0
cool okay,1,0.005291005291005291,0.20270270270270271,0.0
laughter i see what you mean who's someone that's been a positive influence in your life,1,0.005291005291005291,0.14864864864864866,0.0
hi i'm ellie thanks for coming in today i was created to talk to people in a safe and secure environment i'm not a therapist but i'm here to learn about people and would love to learn about you i'll ask a few questions to get us started and please feel free to tell me anything you answers are totally confidential are you okay with this,1,0.005291005291005291,0.0,0.0
wow wow change directions what made you decide to do that,1,0.005291005291005291,0.3958333333333333,0.0
im sorry i'm sorry behavior changes have you noticed any changes in your behavior or thoughts lately,1,0.005291005291005291,0.7083333333333334,0.0
wild laughter laughter regret is there anything you regret,1,0.005291005291005291,0.8125,0.0
that's so good to hear what are you most proud of in your life,1,0.005291005291005291,0.7962962962962963,0.0
that sucks that sucks ideal weekendc tell me how you spend your ideal weekend,1,0.005291005291005291,0.9375,0.0
yeah have you ever served in the military,1,0.005291005291005291,0.6481481481481481,0.0
hmm what are some things you don't really like about l a,1,0.005291005291005291,0.13432835820895522,0.0
aww that's good what do you do to relax,1,0.005291005291005291,0.3488372093023256,0.0
i'm sorry to hear that what's it like for you living with them,1,0.005291005291005291,0.417910447761194,0.0
cool how are you at controlling your temper,1,0.005291005291005291,0.2361111111111111,0.0
cool cool change directions what made you decide to do that,1,0.005291005291005291,0.8656716417910447,0.0
mhm mhm thats good that's good why la why did you move to l a,1,0.005291005291005291,0.13559322033898305,0.0
okay i understand,1,0.005291005291005291,0.9583333333333334,0.0
understand i understand hard decisionb tell me about the hardest decision you've ever had to make,1,0.005291005291005291,0.3728813559322034,0.0
mm mm parent differences what are some ways that you're different as a parent than your parents,1,0.005291005291005291,0.4576271186440678,0.0
aw tell me about that,1,0.005291005291005291,0.9305555555555556,0.0
ellie dec that's good influence positive who's someone that's been a positive influence in your life,1,0.005291005291005291,0.5084745762711864,0.0
awesome how do you know them,1,0.005291005291005291,0.8333333333333334,0.0
ellie dec that's good suspect problem did you think you had a problem before you found out,1,0.005291005291005291,0.7627118644067796,0.0
mhm mhm therapy going do you still go to therapy now,1,0.005291005291005291,0.7966101694915254,0.0
oh do you travel a lot,1,0.005291005291005291,0.4305555555555556,0.0
downer okay ideal weekendc tell me how you spend your ideal weekend,1,0.005291005291005291,0.9491525423728814,0.0
thats good that's good asked everything okay i think i have asked everything i need to appreciate open thanks for sharing your thoughts with me,1,0.005291005291005291,0.9830508474576272,0.0
okay when'd you move to l a,1,0.005291005291005291,0.05555555555555555,0.0
understand i understand situation handled tell me about a situation that you wish you had handled differently,1,0.005291005291005291,0.4,0.0
cool who's someone that's been a positive influence in your life,1,0.005291005291005291,0.9767441860465116,0.0
wild laughter laughter shyoutgoing do you consider yourself more shy or outgoing,1,0.005291005291005291,0.37037037037037035,0.0
hmm what are some things that make you really mad,1,0.005291005291005291,0.4583333333333333,0.0
awesome what are some things you like to do for fun,1,0.005291005291005291,0.8837209302325582,0.0
yeah downer yeah im sorry i'm sorry uncomfortable talkv is it uncomfortable for you to talk about this,1,0.005291005291005291,0.5555555555555556,0.0
i see when was the last time that happened,1,0.005291005291005291,0.7674418604651163,0.0
yeah that sounds really hard how easy is it for you to get a good night's sleep,1,0.005291005291005291,0.7209302325581395,0.0
isee downer i see behavior changes have you noticed any changes in your behavior or thoughts lately,1,0.005291005291005291,0.6666666666666666,0.0
thats good that's good asked everything okay i think i have asked everything i need to appreciate open thanks for sharing your thoughts with me bye goodbye,1,0.005291005291005291,1.0,0.0
really really hard decision how did you decide to do that,1,0.005291005291005291,0.12,0.0
yeah how have you been feeling lately,1,0.005291005291005291,0.6976744186046512,0.0
that's great what are you most proud of in your life,1,0.005291005291005291,0.4418604651162791,0.0
i see what you mean do you consider yourself an introvert,1,0.005291005291005291,0.3953488372093023,0.0
thats great that's great memorableb what's one of your most memorable experiences,1,0.005291005291005291,0.13043478260869565,0.0
that's great how do you like l a,1,0.005291005291005291,0.16666666666666666,0.0
cool cool like what like what,1,0.005291005291005291,0.2608695652173913,0.0
oh my gosh oh my gosh describe felt how did you feel in that moment,1,0.005291005291005291,0.6938775510204082,0.0
wild laughter laughter me too me too,1,0.005291005291005291,0.7142857142857143,0.0
mhm mhm thats great that's great ellie dec what are you most proud of in your life,1,0.005291005291005291,0.9591836734693877,0.0
yeah what'd you study at school,1,0.005291005291005291,0.14814814814814814,0.0
mm mm see mean i see what you mean travel shoes i'm sure you can tell by my shoes i'm not much of a world explorer do you travel a lot,1,0.005291005291005291,0.13043478260869565,0.0
mm i see what you mean how often do you go back to your home town,1,0.005291005291005291,0.09876543209876543,0.0
wow can you tell me about that,1,0.005291005291005291,0.08641975308641975,0.0
ellie dec uh huh tell me about tell me about that,1,0.005291005291005291,0.391304347826087,0.0
been hard that sounds really hard happy didthat are you happy you did that,1,0.005291005291005291,0.41304347826086957,0.0
wow that sounds really hard,1,0.005291005291005291,0.34328358208955223,0.0
yeah do you have disturbing thoughts,1,0.005291005291005291,0.6632653061224489,0.0
mm have you ever been diagnosed with p t s d,1,0.005291005291005291,0.5714285714285714,0.0
mhm mhm after what did you do after the military,1,0.005291005291005291,0.6956521739130435,0.0
understand i understand ptsd diagnosed have you ever been diagnosed with p t s d,1,0.005291005291005291,0.7608695652173914,0.0
i'm sorry that sounds really hard,1,0.005291005291005291,0.5102040816326531,0.0
okay i see what you mean who's someone that's been a positive influence in your life,1,0.005291005291005291,0.48148148148148145,0.0
downer okay sleep affects what are you like when you don't sleep well,1,0.005291005291005291,0.6346153846153846,0.0
that sounds like a great situation what do you think of today's kids,1,0.005291005291005291,0.8245614035087719,0.0
mm mm therapy going do you still go to therapy now,1,0.005291005291005291,0.7692307692307693,0.0
laughter i understand where are you from originally,1,0.005291005291005291,0.030612244897959183,0.0
okay confirm okay travel changed what do you enjoy about traveling,1,0.005291005291005291,0.17391304347826086,0.0
yeah yeah happy didthat are you happy you did that,1,0.005291005291005291,0.30434782608695654,0.0
understand i understand dream job what's your dream job,1,0.005291005291005291,0.32608695652173914,0.0
see mean i see what you mean feelguilty what's something you feel guilty about,1,0.005291005291005291,0.5652173913043478,0.0
awesome awesome ellie dec tell me about something you did recently that you really enjoyed,1,0.005291005291005291,0.8260869565217391,0.0
wow wow regret is there anything you regret,1,0.005291005291005291,0.8478260869565217,0.0
i'm sorry to hear that do you still go to therapy now,1,0.005291005291005291,0.6964285714285714,0.0
mm how have you been feeling lately,1,0.005291005291005291,0.6785714285714286,0.0
aw aw okay confirm okay like about la what are some things you really like about l a,1,0.005291005291005291,0.1590909090909091,0.0
mhm mhm thats great that's great,1,0.005291005291005291,0.4897959183673469,0.0
that's great what do you do when you're annoyed,1,0.005291005291005291,0.25925925925925924,0.0
mm how are you at controlling your temper,1,0.005291005291005291,0.2839506172839506,0.0
ellie dec that's great ellie dec tell me about something you did recently that you really enjoyed,1,0.005291005291005291,0.813953488372093,0.0
yes what's your dream job,1,0.005291005291005291,0.3148148148148148,0.0
nice how do you like your living situation,1,0.005291005291005291,0.125,0.0
uh huh uh huh how often do you go back to your hometown,1,0.005291005291005291,0.16666666666666666,0.0
ellie dec wow behavior changes have you noticed any changes in your behavior or thoughts lately,1,0.005291005291005291,0.6956521739130435,0.0
that's a long time how easy was it for you to get used to living in l a,1,0.005291005291005291,0.1111111111111111,0.0
yeah downer yeah ellie dec what would you say are some of your best qualities,1,0.005291005291005291,0.8985507246376812,0.0
i see what you mean when'd you move to l a,1,0.005291005291005291,0.09259259259259259,0.0
i'm here to learn about people and would love to learn about you i'll ask a few questions to get us started and please feel free to tell me anything your answers are totally confidential how are you doing today,1,0.005291005291005291,0.041666666666666664,0.0
yeah downer yeah been hard that sounds really hard family relationship tell me about your relationship with your family,1,0.005291005291005291,0.42857142857142855,0.0
downer okay todays kids what do you think of today's kids,1,0.005291005291005291,0.4523809523809524,0.0
cool cool regret is there anything you regret,1,0.005291005291005291,0.7380952380952381,0.0
mhm what advice would you give yourself ten or twenty years ago,1,0.005291005291005291,0.8125,0.0
awesome what made you decide to do that,1,0.005291005291005291,0.640625,0.0
think of me as a friend i don't judge i can't i'm a computer,1,0.005291005291005291,0.020833333333333332,0.0
hmm downer hmm landed trouble has that gotten you in trouble,1,0.005291005291005291,0.3684210526315789,0.0
what made you decide to go and see someone,1,0.005291005291005291,0.53125,0.0
mhm mhm behavior changes have you noticed any changes in your behavior or thoughts lately,1,0.005291005291005291,0.5964912280701754,0.0
mhm mhm therapy useful do you feel like therapy is useful,1,0.005291005291005291,0.7368421052631579,0.0
awesome awesome ellie dec what are some things that usually put you in a good mood,1,0.005291005291005291,0.9473684210526315,0.0
downer okay travel shoes i'm sure you can tell by my shoes i'm not much of a world explorer do you travel a lot,1,0.005291005291005291,0.25862068965517243,0.0
yeah yeah cool cool,1,0.005291005291005291,0.3103448275862069,0.0
that's good how easy was it for you to get used to living in l a,1,0.005291005291005291,0.140625,0.0
nice nice self change what are some things you wish you could change about yourself,1,0.005291005291005291,0.8103448275862069,0.0
wow that's a long time how often do you go back to your home town,1,0.005291005291005291,0.125,0.0
i understand do you feel like therapy's useful,1,0.005291005291005291,0.6049382716049383,0.0
yeah that makes sense,1,0.005291005291005291,0.5432098765432098,0.0
wow i see did you think you had a problem before you found out,1,0.005291005291005291,0.4691358024691358,0.0
oh no i'm sorry,1,0.005291005291005291,0.589041095890411,0.0
i'm sorry to hear that how close are you to your family,1,0.005291005291005291,0.2054794520547945,0.0
yeah downer yeah im sorry i'm sorry,1,0.005291005291005291,0.7142857142857143,0.0
great situation that sounds like a great situation study what did you study at school,1,0.005291005291005291,0.17857142857142858,0.0
downer okay study what did you study at school,1,0.005291005291005291,0.25,0.0
awesome awesome change directions what made you decide to do that,1,0.005291005291005291,0.2777777777777778,0.0
okay confirm okay yeah yeah bouts symptoms when was the last time that happened,1,0.005291005291005291,0.3055555555555556,0.0
okay confirm okay see mean i see what you mean control temper how are you at controlling your temper,1,0.005291005291005291,0.3472222222222222,0.0
how do you like l a,1,0.005291005291005291,0.05263157894736842,0.0
okay confirm okay therapy useful do you feel like therapy is useful,1,0.005291005291005291,0.75,0.0
okay confirm okay yeah yeah,1,0.005291005291005291,0.2054794520547945,0.0
mm mm okay confirm okay easy sleep how easy is it for you to get a good night's sleep,1,0.005291005291005291,0.6575342465753424,0.0
mm mm travel trips i'd love to hear about one of your trips,1,0.005291005291005291,0.1568627450980392,0.0
why why relax fishtank sometimes when i'm feeling tense i turn on the fish tank screensaver hey i know it's not hawaii but it's the best i've got what do you do to relax,1,0.005291005291005291,0.3333333333333333,0.0
wild laughter laughter okay confirm okay situation handled tell me about a situation that you wish you had handled differently,1,0.005291005291005291,0.39215686274509803,0.0
yeah yeah travel trips i'd love to hear about one of your trips,1,0.005291005291005291,0.13793103448275862,0.0
okay yes,1,0.005291005291005291,0.26,0.0
wild laughter laughter bf describe how would your best friend describe you,1,0.005291005291005291,0.896551724137931,0.0
that's good what are some things that make you really mad,1,0.005291005291005291,0.18,0.0
mhm mhm yeah yeah easy sleep how easy is it for you to get a good night's sleep,1,0.005291005291005291,0.7346938775510204,0.0
okay confirm okay kids elaborate tell me about your kids,1,0.005291005291005291,0.5,0.0
good hear that's so good to hear parent differences what are some ways that you're different as a parent than your parents,1,0.005291005291005291,0.5714285714285714,0.0
i see what you mean how easy was it for you to get used to living in l a,1,0.005291005291005291,0.16,0.0
understand i understand ellie dec what would you say are some of your best qualities,1,0.005291005291005291,0.8035714285714286,0.0
awesome awesome dont like la what are some things you don't really like about l a,1,0.005291005291005291,0.10416666666666667,0.0
mm i understand,1,0.005291005291005291,0.9672131147540983,0.0
okay tell me more about that,1,0.005291005291005291,0.8688524590163934,0.0
right right see mean i see what you mean advice back what advice would you give to yourself ten or twenty years ago,1,0.005291005291005291,0.9166666666666666,0.0
mm mm understand i understand shyoutgoing do you consider yourself more shy or outgoing,1,0.005291005291005291,0.28888888888888886,0.0
wild laughter laughter kids elaborate tell me about your kids,1,0.005291005291005291,0.4,0.0
mhm mhm easy parent do you find it easy to be a parent,1,0.005291005291005291,0.4222222222222222,0.0
makes sense that makes sense influence positive who's someone that's been a positive influence in your life,1,0.005291005291005291,0.6444444444444445,0.0
see mean i see what you mean adapted la how easy was it for you to get used to living in l a,1,0.005291005291005291,0.12962962962962962,0.0
mm what did you do after the military,1,0.005291005291005291,0.7049180327868853,0.0
me too me too,1,0.005291005291005291,0.9764705882352941,0.0
right right yeah yeah,1,0.005291005291005291,0.8705882352941177,0.0
yes yes yeah yeah,1,0.005291005291005291,0.8352941176470589,0.0
regret is there anything you regret regret is there anything you regret,1,0.005291005291005291,0.788235294117647,0.0
aw aw bf describe how would your best friend describe you,1,0.005291005291005291,0.8333333333333334,0.0
mhm okay thanks for sharing your thoughts with me okay i think i've asked everything i need to goodbye,1,0.005291005291005291,1.0,0.0
thats good that's good awesome awesome,1,0.005291005291005291,0.037037037037037035,0.0
wild laughter laughter adapted la how easy was it for you to get used to living in l a,1,0.005291005291005291,0.14814814814814814,0.0
wow wow like about la what are some things you really like about l a,1,0.005291005291005291,0.16666666666666666,0.0
uh oh uh oh feelguilty what's something you feel guilty about,1,0.005291005291005291,0.46296296296296297,0.0
wild laughter laughter hard decisionb tell me about the hardest decision you've ever had to make,1,0.005291005291005291,0.5,0.0
cool cool easy sleep how easy is it for you to get a good night's sleep,1,0.005291005291005291,0.6481481481481481,0.0
wild laughter laughter ellie dec what are some things that usually put you in a good mood,1,0.005291005291005291,0.9444444444444444,0.0
mm is there anything you regret,1,0.005291005291005291,0.9,0.0
mhm mhm therapy changes what sort of changes have you noticed since you've been going to therapy,1,0.005291005291005291,0.7164179104477612,0.0
sorry hear i'm sorry to hear that regret is there anything you regret,1,0.005291005291005291,0.8507462686567164,0.0
makes sense that makes sense study what did you study at school,1,0.005291005291005291,0.11475409836065574,0.0
mhm mhm isee downer i see isee downer i see last argument when was the last time you argued with someone and what was it about,1,0.005291005291005291,0.2459016393442623,0.0
understand i understand kids elaborate tell me about your kids,1,0.005291005291005291,0.39344262295081966,0.0
thats great that's great easy parent do you find it easy to be a parent,1,0.005291005291005291,0.4098360655737705,0.0
aw aw parent differences what are some ways that you're different as a parent than your parents,1,0.005291005291005291,0.45901639344262296,0.0
wild laughter laughter sleep affects what are you like when you don't sleep well,1,0.005291005291005291,0.5901639344262295,0.0
im sorry i'm sorry tell about that can you tell me about that,1,0.005291005291005291,0.6229508196721312,0.0
me too me too ellie dec what are you most proud of in your life,1,0.005291005291005291,0.9672131147540983,0.0
yeah downer yeah dream job what's your dream job,1,0.005291005291005291,0.2708333333333333,0.0
aw aw shyoutgoing do you consider yourself more shy or outgoing,1,0.005291005291005291,0.38461538461538464,0.0
wow wow sleep affects what are you like when you don't sleep well,1,0.005291005291005291,0.6538461538461539,0.0
nice nice like what like what,1,0.005291005291005291,0.9615384615384616,0.0
uh huh uh huh asked everything okay i think i have asked everything i need to appreciate open thanks for sharing your thoughts with me bye goodbye,1,0.005291005291005291,1.0,0.0
thats good that's good great thanks i'm great thanks,1,0.005291005291005291,0.030303030303030304,0.0
makes sense that makes sense travel trips i'd love to hear about one of your trips,1,0.005291005291005291,0.18181818181818182,0.0
mm mm memory erase tell me about an event or something that you wish you could erase from your memory,1,0.005291005291005291,0.4696969696969697,0.0
thats good that's good hard decisionb tell me about the hardest decision you've ever had to make,1,0.005291005291005291,0.43529411764705883,0.0
okay confirm okay living situation how do you like your living situation,1,0.005291005291005291,0.5925925925925926,0.0
wild laughter laughter feel lately how have you been feeling lately,1,0.005291005291005291,0.6666666666666666,0.0
thats good that's good bouts symptoms when was the last time that happened,1,0.005291005291005291,0.7592592592592593,0.0
right right therapist affect how has seeing a therapist affected you,1,0.005291005291005291,0.796875,0.0
yeah downer yeah hard decision how did you decide to do that,1,0.005291005291005291,0.4666666666666667,0.0
yeah downer yeah therapy going do you still go to therapy now,1,0.005291005291005291,0.7777777777777778,0.0
yeah downer yeah like about la what are some things you really like about l a,1,0.005291005291005291,0.18867924528301888,0.0
isee downer i see shyoutgoing do you consider yourself more shy or outgoing,1,0.005291005291005291,0.39622641509433965,0.0
mhm mhm happy didthat are you happy you did that,1,0.005291005291005291,0.5471698113207547,0.0
isee downer i see how know how do you know them,1,0.005291005291005291,0.48148148148148145,0.0
hmm downer hmm feelbadly tell me about a time when someone made you feel really badly about yourself,1,0.005291005291005291,0.8518518518518519,0.0
mm mm often backb how often do you go back to your hometown,1,0.005291005291005291,0.10204081632653061,0.0
makes sense that makes sense compares la how does it compare to l a,1,0.005291005291005291,0.14285714285714285,0.0
thats good that's good yeah yeah like about la what are some things you really like about l a,1,0.005291005291005291,0.22448979591836735,0.0
uh huh uh huh memorableb what's one of your most memorable experiences,1,0.005291005291005291,0.32653061224489793,0.0
right right symptoms cope how do you cope with them,1,0.005291005291005291,0.6122448979591837,0.0
right right depression diagnosed have you been diagnosed with depression,1,0.005291005291005291,0.8163265306122449,0.0
understand i understand mhm mhm bf describe how would your best friend describe you,1,0.005291005291005291,0.8775510204081632,0.0
im sorry i'm sorry family relationship tell me about your relationship with your family,1,0.005291005291005291,0.5526315789473685,0.0
wow wow relax fishtank sometimes when i'm feeling tense i turn on the fish tank screensaver hey i know it's not hawaii but it's the best i've got what do you do to relax,1,0.005291005291005291,0.3333333333333333,0.0
see mean i see what you mean family relationship tell me about your relationship with your family,1,0.005291005291005291,0.48484848484848486,0.0
thats good that's good bf describe how would your best friend describe you,1,0.005291005291005291,0.6818181818181818,0.0
mm mm travel shoes i'm sure you can tell by my shoes i'm not much of a world explorer do you travel a lot,1,0.005291005291005291,0.22,0.0
mhm mhm what do when annoyed what do you do when you are annoyed,1,0.005291005291005291,0.32,0.0
cool cool ellie dec what are you most proud of in your life,1,0.005291005291005291,1.0,0.0
sorry hear i'm sorry to hear that been hard that sounds really hard,1,0.005291005291005291,0.05263157894736842,0.0
yeah downer yeah where originally where are you from originally,1,0.005291005291005291,0.10526315789473684,0.0
wild laughter laughter understand i understand relax fishtank sometimes when i'm feeling tense i turn on the fish tank screensaver hey i know it's not hawaii but it's the best i've got what do you do to relax,1,0.005291005291005291,0.3684210526315789,0.0
ellie dec wow change directions what made you decide to do that,1,0.005291005291005291,0.543859649122807,0.0
see mean i see what you mean symptoms cope how do you cope with them,1,0.005291005291005291,0.631578947368421,0.0
isee downer i see why seek help what got you to seek help,1,0.005291005291005291,0.7017543859649122,0.0
yeah yeah wild laughter laughter,1,0.005291005291005291,0.9298245614035088,0.0
nice nice awesome awesome ellie dec what are you most proud of in your life,1,0.005291005291005291,0.9473684210526315,0.0
downer okay how know how do you know them,1,0.005291005291005291,0.4,0.0
wild laughter laughter see mean i see what you mean travel shoes i'm sure you can tell by my shoes i'm not much of a world explorer do you travel a lot,1,0.005291005291005291,0.171875,0.0
wild laughter laughter self change what are some things you wish you could change about yourself,1,0.005291005291005291,0.8148148148148148,0.0
ellie dec wow adapted la how easy was it for you to get used to living in l a,1,0.005291005291005291,0.109375,0.0
good hear that's so good to hear ellie dec tell me about something you did recently that you really enjoyed,1,0.005291005291005291,0.9259259259259259,0.0
awesome awesome mad makeyou what are some things that make you really mad,1,0.005291005291005291,0.9444444444444444,0.0
okay cheery okay introv confirmation hi i'm ellie thanks for coming in today i was created to talk to people in a safe and secure environment i'm not a therapist but i'm here to learn about people and would love to learn about you i'll ask a few questions to get us started and please feel free to tell me anything your answers are totally confidential are you ok with this,1,0.005291005291005291,0.0,0.0
okay confirm okay yeah yeah travel shoes i'm sure you can tell by my shoes i'm not much of a world explorer do you travel a lot,1,0.005291005291005291,0.23728813559322035,0.0
cool cool difficult how hard is that,1,0.005291005291005291,0.3728813559322034,0.0
makes sense that makes sense shyoutgoing do you consider yourself more shy or outgoing,1,0.005291005291005291,0.4067796610169492,0.0
wow wow feel lately how have you been feeling lately,1,0.005291005291005291,0.6842105263157895,0.0
wild laughter laughter where originally where are you from originally,1,0.005291005291005291,0.037037037037037035,0.0
understand i understand tell about that can you tell me about that,1,0.005291005291005291,0.5185185185185185,0.0
yeah yeah influence positive who's someone that's been a positive influence in your life,1,0.005291005291005291,0.5370370370370371,0.0
isee downer i see feelbadly tell me about a time when someone made you feel really badly about yourself,1,0.005291005291005291,0.7962962962962963,0.0
mm mm okay confirm okay relax fishtank sometimes when i'm feeling tense i turn on the fish tank screensaver hey i know it's not hawaii but it's the best i've got what do you do to relax,1,0.005291005291005291,0.4791666666666667,0.0
mhm mhm trigger are they triggered by something,1,0.005291005291005291,0.5833333333333334,0.0
yeah downer yeah isee downer i see advice back what advice would you give to yourself ten or twenty years ago,1,0.005291005291005291,0.9166666666666666,0.0
hmmb hmm ellie dec what are you most proud of in your life,1,0.005291005291005291,0.9375,0.0
thats good that's good relax fishtank sometimes when i'm feeling tense i turn on the fish tank screensaver hey i know it's not hawaii but it's the best i've got what do you do to relax,1,0.005291005291005291,0.36363636363636365,0.0
cool cool memory erase tell me about an event or something that you wish you could erase from your memory,1,0.005291005291005291,0.5272727272727272,0.0
mhm mhm disturbing thoughts do you have disturbing thoughts,1,0.005291005291005291,0.7636363636363637,0.0
okay confirm okay understand i understand ellie dec tell me about something you did recently that you really enjoyed,1,0.005291005291005291,0.8909090909090909,0.0
nice nice ideal weekendc tell me how you spend your ideal weekend,1,0.005291005291005291,0.9090909090909091,0.0
thats good that's good advice back what advice would you give to yourself ten or twenty years ago,1,0.005291005291005291,0.9272727272727272,0.0
sounds interesting that sounds interesting change directions what made you decide to do that,1,0.005291005291005291,0.3,0.0
good hear that's so good to hear memory erase tell me about an event or something that you wish you could erase from your memory,1,0.005291005291005291,0.55,0.0
good job it can be tough to find a good job these days influence positive who's someone that's been a positive influence in your life,1,0.005291005291005291,0.6166666666666667,0.0
nice nice behavior changes have you noticed any changes in your behavior or thoughts lately,1,0.005291005291005291,0.7166666666666667,0.0
awesome awesome regret is there anything you regret,1,0.005291005291005291,0.9166666666666666,0.0
understand i understand why seek help what got you to seek help,1,0.005291005291005291,0.8307692307692308,0.0
really really very young you were very young weren't you,1,0.005291005291005291,0.058823529411764705,0.0
okay confirm okay why la why did you move to l a,1,0.005291005291005291,0.09375,0.0
understand i understand memory erase tell me about an event or something that you wish you could erase from your memory,1,0.005291005291005291,0.6296296296296297,0.0
sync hi i'm ellie thanks for coming in today i was created to talk to people in a safe and secure environment i'm not a therapist but i'm here to learn about people and would love to learn about you i'll ask a few questions to get us started and please feel free to tell me anything your answers are totally confidential are you okay with this,1,0.005291005291005291,0.0,0.0
laughter yeah what do you do now,1,0.005291005291005291,0.058823529411764705,0.0
thats good that's good living situation how do you like your living situation,1,0.005291005291005291,0.2692307692307692,0.0
hmm downer hmm therapy going do you still go to therapy now,1,0.005291005291005291,0.6538461538461539,0.0
understand i understand bf describe how would your best friend describe you,1,0.005291005291005291,0.7884615384615384,0.0
great situation that sounds like a great situation ellie dec what are you most proud of in your life,1,0.005291005291005291,0.9423076923076923,0.0
thats great that's great situation handled tell me about a situation that you wish you had handled differently,1,0.005291005291005291,0.45,0.0
thats great that's great ellie dec tell me about something you did recently that you really enjoyed,1,0.005291005291005291,0.7166666666666667,0.0
uh huh uh huh kids elaborate tell me about your kids,1,0.005291005291005291,0.8666666666666667,0.0
yeah downer yeah give example can you give me an example of that,1,0.005291005291005291,0.9333333333333333,0.0
hmm downer hmm parent differences what are some ways that you're different as a parent than your parents,1,0.005291005291005291,0.95,0.0
mhm mhm thats good that's good shyoutgoing do you consider yourself more shy or outgoing,1,0.005291005291005291,0.4057971014492754,0.0
understand i understand give example can you give me an example of that,1,0.005291005291005291,0.42028985507246375,0.0
yeah downer yeah isee downer i see,1,0.005291005291005291,0.4492753623188406,0.0
wild laughter laughter feelbadly tell me about a time when someone made you feel really badly about yourself,1,0.005291005291005291,0.8695652173913043,0.0
i'm sorry to hear that could you have done anything to avoid it,1,0.005291005291005291,0.7758620689655172,0.0
cool how do you know them,1,0.005291005291005291,0.6551724137931034,0.0
see mean i see what you mean situation handled tell me about a situation that you wish you had handled differently,1,0.005291005291005291,0.37254901960784315,0.0
cool what do you do when you're annoyed,1,0.005291005291005291,0.4098360655737705,0.0
ellie dec wow ellie dec wow been hard that sounds really hard,1,0.005291005291005291,0.5294117647058824,0.0
mhm mhm okay confirm okay feel lately how have you been feeling lately,1,0.005291005291005291,0.5882352941176471,0.0
awesome do you travel a lot,1,0.005291005291005291,0.19298245614035087,0.0
right right regret is there anything you regret,1,0.005291005291005291,0.7843137254901961,0.0
yeah i see what you mean what are some things you like to do for fun,1,0.005291005291005291,0.4482758620689655,0.0
yeah downer yeah bouts symptoms when was the last time that happened,1,0.005291005291005291,0.9019607843137255,0.0
isee downer i see bf describe how would your best friend describe you,1,0.005291005291005291,0.9411764705882353,0.0
mm mm dream job what's your dream job,1,0.005291005291005291,0.3958333333333333,0.0
hmm downer hmm been hard that sounds really hard,1,0.005291005291005291,0.5208333333333334,0.0
good hear that's so good to hear feelguilty what's something you feel guilty about,1,0.005291005291005291,0.5833333333333334,0.0
uh huh how did you feel in that moment,1,0.005291005291005291,0.3103448275862069,0.0
hmm downer hmm see mean i see what you mean,1,0.005291005291005291,0.1774193548387097,0.0
been hard that sounds really hard describe felt how did you feel in that moment,1,0.005291005291005291,0.43548387096774194,0.0
good hear that's so good to hear situation handled tell me about a situation that you wish you had handled differently,1,0.005291005291005291,0.28846153846153844,0.0
wild laughter laughter memorableb what's one of your most memorable experiences,1,0.005291005291005291,0.15384615384615385,0.0
mhm mhm feelguilty what's something you feel guilty about,1,0.005291005291005291,0.5806451612903226,0.0
okay confirm okay yeah yeah advice back what advice would you give to yourself ten or twenty years ago,1,0.005291005291005291,0.9615384615384616,0.0
okay confirm okay therapy going do you still go to therapy now,1,0.005291005291005291,0.8163265306122449,0.0
good hear that's so good to hear regret is there anything you regret,1,0.005291005291005291,0.8775510204081632,0.0
hmm what are some things you like to do for fun,1,0.005291005291005291,0.3150684931506849,0.0
sorry hear i'm sorry to hear that good job it can be tough to find a good job these days where live where do you live,1,0.005291005291005291,0.06666666666666667,0.0
understand i understand where originally where are you from originally,1,0.005291005291005291,0.1111111111111111,0.0
oh why,1,0.005291005291005291,0.3013698630136986,0.0
hmm downer hmm situation handled tell me about a situation that you wish you had handled differently,1,0.005291005291005291,0.5555555555555556,0.0
sorry hear i'm sorry to hear that hard decision how did you decide to do that,1,0.005291005291005291,0.6,0.0
mm what do you do when you're annoyed,1,0.005291005291005291,0.273972602739726,0.0
oh no oh no easy sleep how easy is it for you to get a good night's sleep,1,0.005291005291005291,0.6444444444444445,0.0
great situation that sounds like a great situation ellie dec what would you say are some of your best qualities,1,0.005291005291005291,0.8888888888888888,0.0
that's great do you consider yourself an introvert,1,0.005291005291005291,0.2191780821917808,0.0
downer okay ptsd diagnosed have you ever been diagnosed with p t s d,1,0.005291005291005291,0.6865671641791045,0.0
ellie dec that's great ellie dec that's great influence positive who's someone that's been a positive influence in your life,1,0.005291005291005291,0.5333333333333333,0.0
that's good what'd you study at school,1,0.005291005291005291,0.1643835616438356,0.0
nice nice relax fishtank sometimes when i'm feeling tense i turn on the fish tank screensaver hey i know it's not hawaii but it's the best i've got what do you do to relax,1,0.005291005291005291,0.2711864406779661,0.0
cool cool still working on x are you still working in that,1,0.005291005291005291,0.4745762711864407,0.0
mm mm landed trouble has that gotten you in trouble,1,0.005291005291005291,0.8135593220338984,0.0
awb aw,1,0.005291005291005291,0.8983050847457628,0.0
wow how often do you go back to your home town,1,0.005291005291005291,0.0958904109589041,0.0
thats good that's good wild laughter laughter study what did you study at school,1,0.005291005291005291,0.07936507936507936,0.0
yeah yeah feelguilty what's something you feel guilty about,1,0.005291005291005291,0.31746031746031744,0.0
makes sense that makes sense happy didthat are you happy you did that,1,0.005291005291005291,0.4603174603174603,0.0
awesome awesome ellie dec what would you say are some of your best qualities,1,0.005291005291005291,0.746031746031746,0.0
nice thanks it was great chatting with you,1,0.005291005291005291,0.9655172413793104,0.0
see mean i see what you mean like about la what are some things you really like about l a,1,0.005291005291005291,0.14102564102564102,0.0
that makes sense what are you most proud of in your life,1,0.005291005291005291,0.9310344827586207,0.0
okay confirm okay okay confirm okay hard decisionb tell me about the hardest decision you've ever had to make,1,0.005291005291005291,0.5384615384615384,0.0
wild laughter laughter makes sense that makes sense,1,0.005291005291005291,0.7307692307692307,0.0
sorry hear i'm sorry to hear that influence positive who's someone that's been a positive influence in your life,1,0.005291005291005291,0.5483870967741935,0.0
aw aw ellie dec what would you say are some of your best qualities,1,0.005291005291005291,0.9193548387096774,0.0
mhm mhm adapted la how easy was it for you to get used to living in l a,1,0.005291005291005291,0.1951219512195122,0.0
thats great that's great difficult how hard is that,1,0.005291005291005291,0.4222222222222222,0.0
what are some things you like to do for fun who's someone that's been a positive influence in your life,1,0.005291005291005291,0.2647058823529412,0.0
great situation that sounds like a great situation regret is there anything you regret,1,0.005291005291005291,0.8823529411764706,0.0
i see what you mean there are always tradeoffs in life aren't there,1,0.005291005291005291,0.23529411764705882,0.0
ellie dec that's good ellie dec that's good shyoutgoing do you consider yourself more shy or outgoing,1,0.005291005291005291,0.19444444444444445,0.0
uh huh uh huh hard decisionb tell me about the hardest decision you've ever had to make,1,0.005291005291005291,0.3888888888888889,0.0
downer okay influence positive who's someone that's been a positive influence in your life,1,0.005291005291005291,0.4166666666666667,0.0
hmm hmm feel lately how have you been feeling lately,1,0.005291005291005291,0.5,0.0
makes sense that makes sense bf describe how would your best friend describe you,1,0.005291005291005291,0.7777777777777778,0.0
makes sense that makes sense memorableb what's one of your most memorable experiences,1,0.005291005291005291,0.23809523809523808,0.0
wild laughter laughter awesome awesome study what did you study at school,1,0.005291005291005291,0.2857142857142857,0.0
uh huh uh huh easy parent do you find it easy to be a parent,1,0.005291005291005291,0.47619047619047616,0.0
thats good that's good parent hardest what's the hardest thing about being a parent,1,0.005291005291005291,0.5,0.0
yeah yeah thats great that's great,1,0.005291005291005291,0.09523809523809523,0.0
isee downer i see study what did you study at school,1,0.005291005291005291,0.42857142857142855,0.0
uh huh uh huh okay confirm okay control temper how are you at controlling your temper,1,0.005291005291005291,0.3333333333333333,0.0
nice what are some things that make you really mad,1,0.005291005291005291,0.19117647058823528,0.0
mm that makes sense what's one of your most memorable experiences,1,0.005291005291005291,0.4426229508196721,0.0
isee downer i see symptoms cope how do you cope with them,1,0.005291005291005291,0.6851851851851852,0.0
nice nice happy didthat are you happy you did that,1,0.005291005291005291,0.9074074074074074,0.0
sorry hear i'm sorry to hear that memory erase tell me about an event or something that you wish you could erase from your memory,1,0.005291005291005291,0.31645569620253167,0.0
sounds interesting that sounds interesting how close how close are you to them,1,0.005291005291005291,0.3670886075949367,0.0
awesome awesome hard decisionb tell me about the hardest decision you've ever had to make,1,0.005291005291005291,0.43037974683544306,0.0
okay confirm okay therapy changes what sort of changes have you noticed since you've been going to therapy,1,0.005291005291005291,0.7215189873417721,0.0
wow wow easy parent do you find it easy to be a parent,1,0.005291005291005291,0.2465753424657534,0.0
that's so good to hear what do you enjoy about traveling,1,0.005291005291005291,0.1323529411764706,0.0
yeah downer yeah understand i understand shyoutgoing do you consider yourself more shy or outgoing,1,0.005291005291005291,0.3972602739726027,0.0
ellie dec wow family relationship tell me about your relationship with your family,1,0.005291005291005291,0.589041095890411,0.0
understand i understand avoid could you have done anything to avoid it,1,0.005291005291005291,0.863013698630137,0.0
isee downer i see compares la how does it compare to l a,1,0.005291005291005291,0.17073170731707318,0.0
ellie dec that's good family relationship tell me about your relationship with your family,1,0.005291005291005291,0.5098039215686274,0.0
good job it can be tough to find a good job these days feelguilty what's something you feel guilty about,1,0.005291005291005291,0.9387755102040817,0.0
mhm that's good how are you at controlling your temper,1,0.005291005291005291,0.27586206896551724,0.0
aw have you ever served in the military,1,0.005291005291005291,0.35294117647058826,0.0
yeah yeah describe felt how did you feel in that moment,1,0.005291005291005291,0.42592592592592593,0.0
mm mm yeah yeah,1,0.005291005291005291,0.4444444444444444,0.0
understand i understand regret is there anything you regret,1,0.005291005291005291,0.9074074074074074,0.0
mhm mhm okay confirm okay,1,0.005291005291005291,0.2833333333333333,0.0
wild laughter laughter thats great that's great,1,0.005291005291005291,0.7333333333333333,0.0
mhm mhm awesome awesome,1,0.005291005291005291,0.9333333333333333,0.0
aw aw good hear that's so good to hear parent hardest what's the hardest thing about being a parent,1,0.005291005291005291,0.3333333333333333,0.0
good hear that's so good to hear easy parent do you find it easy to be a parent,1,0.005291005291005291,0.3404255319148936,0.0
yeah yeah wild laughter laughter parent best what's the best thing about being a parent,1,0.005291005291005291,0.3617021276595745,0.0
yeah yeah hard decisionb tell me about the hardest decision you've ever had to make,1,0.005291005291005291,0.574468085106383,0.0
wow wow study what did you study at school,1,0.005291005291005291,0.19298245614035087,0.0
thats good that's good still working on x are you still working in that,1,0.005291005291005291,0.22807017543859648,0.0
nice nice kids elaborate tell me about your kids,1,0.005291005291005291,0.24561403508771928,0.0
been hard that sounds really hard symptoms cope how do you cope with them,1,0.005291005291005291,0.5263157894736842,0.0
sorry hear i'm sorry to hear that easy sleep how easy is it for you to get a good night's sleep,1,0.005291005291005291,0.6140350877192983,0.0
really do you have roommates,1,0.005291005291005291,0.06896551724137931,0.0
isee downer i see okay confirm okay old how old were you when you joined the military,1,0.005291005291005291,0.4647887323943662,0.0
isee downer i see bouts symptoms when was the last time that happened,1,0.005291005291005291,0.5211267605633803,0.0
yeah yeah understand i understand like about la what are some things you really like about l a,1,0.005291005291005291,0.2037037037037037,0.0
yeah thanks for sharing your thoughts with me,1,0.005291005291005291,0.9705882352941176,0.0
dream job what's your dream job dream job what's your dream job,1,0.005291005291005291,0.23728813559322035,0.0
that's so good to hear what got you to seek help,1,0.005291005291005291,0.6323529411764706,0.0
yeah downer yeah adapted la how easy was it for you to get used to living in l a,1,0.005291005291005291,0.16666666666666666,0.0
yeah yeah kids elaborate tell me about your kids,1,0.005291005291005291,0.6666666666666666,0.0
nice nice easy parent do you find it easy to be a parent,1,0.005291005291005291,0.7037037037037037,0.0
wow wow describe felt how did you feel in that moment,1,0.005291005291005291,0.20408163265306123,0.0
cool cool happy didthat are you happy you did that,1,0.005291005291005291,0.2653061224489796,0.0
mhm mhm difficult how hard is that,1,0.005291005291005291,0.46938775510204084,0.0
good hear that's so good to hear hard decisionb tell me about the hardest decision you've ever had to make,1,0.005291005291005291,0.4897959183673469,0.0
cool that's a long time,1,0.005291005291005291,0.06557377049180328,0.0
mm mm bf describe how would your best friend describe you,1,0.005291005291005291,0.88,0.0
ellie dec that's good sleep affects what are you like when you don't sleep well,1,0.005291005291005291,0.6716417910447762,0.0
okay i understand what advice would you give yourself ten or twenty years ago,1,0.005291005291005291,0.379746835443038,0.0
mhm that sounds really hard,1,0.005291005291005291,0.25316455696202533,0.0
that sounds really hard what do you think of today's kids,1,0.005291005291005291,0.4642857142857143,0.0
mhm i see what you mean what'd you study at school,1,0.005291005291005291,0.06329113924050633,0.0
mhm what's the hardest thing about being a parent,1,0.005291005291005291,0.42857142857142855,0.0
what advice would you give yourself ten or twenty years ago what advice would you give yourself ten or twenty years ago,1,0.005291005291005291,0.98,0.0
wow yeah do you find it easy to be a parent,1,0.005291005291005291,0.4107142857142857,0.0
yeah yeah been hard that sounds really hard,1,0.005291005291005291,0.46296296296296297,0.0
aww tell me about your kids,1,0.005291005291005291,0.39285714285714285,0.0
yeah downer yeah parent hardest what's the hardest thing about being a parent,1,0.005291005291005291,0.5,0.0
yeah downer yeah sorry hear i'm sorry to hear that parent best what's the best thing about being a parent,1,0.005291005291005291,0.5370370370370371,0.0
uh huh uh huh uh huh is there anything you regret is there anything you regret,1,0.005291005291005291,0.96,0.0
uh oh how do you know them,1,0.005291005291005291,0.30357142857142855,0.0
laughter that's good,1,0.005291005291005291,0.26785714285714285,0.0
that's so good to hear what are some things that usually put you in a good mood,1,0.005291005291005291,0.94,0.0
cool can you tell me about that,1,0.005291005291005291,0.76,0.0
aw that's good how close are you to your family do you find it easy to be a parent do you find it easy to be a parent,1,0.005291005291005291,0.62,0.0
i see what you mean how have you been feeling lately,1,0.005291005291005291,0.56,0.0
yeah downer yeah ellie dec that's great self change what are some things you wish you could change about yourself,1,0.005291005291005291,0.8148148148148148,0.0
mhm how did you decide to do that,1,0.005291005291005291,0.54,0.0
okay okay how would your best friend describe you,1,0.005291005291005291,0.38,0.0
right right ideal weekendc tell me how you spend your ideal weekend,1,0.005291005291005291,0.9074074074074074,0.0
mhm that's a long time how easy was it for you to get used to living in l a,1,0.005291005291005291,0.1,0.0
i'm sorry what are some things that make you really mad,1,0.005291005291005291,0.23214285714285715,0.0
aw when'd you move to l a,1,0.005291005291005291,0.08,0.0
uh huh what are some things that usually put you in a good mood,1,0.005291005291005291,0.9402985074626866,0.0
uh huh what are you like when you don't sleep well,1,0.005291005291005291,0.7014925373134329,0.0
mhm that makes sense what's your dream job,1,0.005291005291005291,0.17857142857142858,0.0
yeah yeah how hard is that,1,0.005291005291005291,0.16071428571428573,0.0
uh huh how easy was it for you to get used to living in l a,1,0.005291005291005291,0.14285714285714285,0.0
yeah i see what you mean how easy is it for you to get a good night's sleep,1,0.005291005291005291,0.48214285714285715,0.0
mhm could you have done anything to avoid it,1,0.005291005291005291,0.3924050632911392,0.0
isee downer i see family relationship tell me about your relationship with your family,1,0.005291005291005291,0.4444444444444444,0.0
mhm i'm sorry to hear that what got you to seek help,1,0.005291005291005291,0.6428571428571429,0.0
yeah yeah understand i understand,1,0.005291005291005291,0.4722222222222222,0.0
oh how would your best friend describe you,1,0.005291005291005291,0.7105263157894737,0.0
why enlist why'd you decide to enlist in the military,1,0.005291005291005291,0.5,0.0
how easy is it for you to get a good night's sleep what are you like when you don't sleep well,1,0.005291005291005291,0.6710526315789473,0.0
mm i see what you mean have you ever served in the military,1,0.005291005291005291,0.4868421052631579,0.0
mhm mhm effectb how did serving in the military change you,1,0.005291005291005291,0.5972222222222222,0.0
yeah do you feel down,1,0.005291005291005291,0.71875,0.0
mhm what do you think of today's kids,1,0.005291005291005291,0.4473684210526316,0.0
mhm what's the best thing about being a parent,1,0.005291005291005291,0.3815789473684211,0.0
aw do you find it easy to be a parent,1,0.005291005291005291,0.35526315789473684,0.0
i see what you mean i'd love to hear about one of your trips,1,0.005291005291005291,0.5625,0.0
why don't we talk about that later what do you do now,1,0.005291005291005291,0.2894736842105263,0.0
uh huh what was it about,1,0.005291005291005291,0.15789473684210525,0.0
laughter yeah do you feel that way often,1,0.005291005291005291,0.4375,0.0
laughter that makes sense,1,0.005291005291005291,0.21875,0.0
uh huh yeah that's good,1,0.005291005291005291,0.8860759493670886,0.0
aww tell me more about that,1,0.005291005291005291,0.125,0.0
yeah how do you know them,1,0.005291005291005291,0.09375,0.0
yes what are some things that usually put you in a good mood,1,0.005291005291005291,0.7721518987341772,0.0
hi i'm ellie thanks for coming in today i was created to talk to people in a safe and secure environment think of me as a friend i don't judge i can't i'm a computer i'm here to learn about people and would love to learn about you i'll ask a few questions to get us started and please feel free to tell me anything your answers are totally confidential,1,0.005291005291005291,0.0,0.0
aww that's great okay i think i've asked everything i need to thanks for sharing your thoughts with me,1,0.005291005291005291,0.9821428571428571,0.0
yeah how close are you to them,1,0.005291005291005291,0.9642857142857143,0.0
mhm how did serving in the military change you,1,0.005291005291005291,0.6329113924050633,0.0
yeah what do you enjoy about traveling,1,0.005291005291005291,0.875,0.0
wow that's great do you travel a lot,1,0.005291005291005291,0.8571428571428571,0.0
why'd you decide to enlist in the military,1,0.005291005291005291,0.6075949367088608,0.0
i understand when was the last time you felt really happy,1,0.005291005291005291,0.46835443037974683,0.0
yeah could you have done anything to avoid it,1,0.005291005291005291,0.7678571428571429,0.0
uh huh when was the last time you argued with someone and what was it about,1,0.005291005291005291,0.4177215189873418,0.0
mhm where are you from originally,1,0.005291005291005291,0.05970149253731343,0.0
aww what are some things you really like about l a,1,0.005291005291005291,0.125,0.0
ellie dec that's great,1,0.005291005291005291,0.38333333333333336,0.0
mhm how often do you go back to your home town,1,0.005291005291005291,0.10714285714285714,0.0
yeah what are some things that make you really mad,1,0.005291005291005291,0.26436781609195403,0.0
mhm mhm been hard that sounds really hard,1,0.005291005291005291,0.6818181818181818,0.0
mhm that's so good to hear okay i think i've asked everything i need to,1,0.005291005291005291,0.9726027397260274,0.0
uh huh that's great what are you most proud of in your life,1,0.005291005291005291,0.9041095890410958,0.0
yeah downer yeah see mean i see what you mean,1,0.005291005291005291,0.7954545454545454,0.0
yes when was the last time you felt really happy,1,0.005291005291005291,0.863013698630137,0.0
mhm that's good what's your dream job,1,0.005291005291005291,0.13793103448275862,0.0
yeah do you think that maybe you're being a little hard on yourself,1,0.005291005291005291,0.589041095890411,0.0
thank you thank you,1,0.005291005291005291,0.9772727272727273,0.0
that's great is there anything you regret,1,0.005291005291005291,0.547945205479452,0.0
oh how close are you to them,1,0.005291005291005291,0.06896551724137931,0.0
i see that sounds really hard,1,0.005291005291005291,0.5068493150684932,0.0
uh huh okay what do you do when you're annoyed,1,0.005291005291005291,0.3835616438356164,0.0
it can be tough to find a good job these days do you have roommates,1,0.005291005291005291,0.04597701149425287,0.0
i see what you mean cool when was the last time that happened,1,0.005291005291005291,0.3287671232876712,0.0
okay confirm okay talk later why don't we talk about that later,1,0.005291005291005291,0.39285714285714285,0.0
awesome are you still working in that,1,0.005291005291005291,0.0958904109589041,0.0
really nice how do you like your living situation,1,0.005291005291005291,0.022988505747126436,0.0
yeah i see what you mean what are some things you don't really like about l a,1,0.005291005291005291,0.0684931506849315,0.0
aw aw great situation that sounds like a great situation,1,0.005291005291005291,0.5357142857142857,0.0
awesome okay i think i've asked everything i need to,1,0.005291005291005291,0.972972972972973,0.0
right right happy lasttime tell me about the last time you felt really happy,1,0.005291005291005291,0.6964285714285714,0.0
uh huh what are you most proud of in your life,1,0.005291005291005291,0.9710144927536232,0.0
aw why,1,0.005291005291005291,0.918918918918919,0.0
mm who's someone that's been a positive influence in your life,1,0.005291005291005291,0.9130434782608695,0.0
i see what you mean that makes sense,1,0.005291005291005291,0.8405797101449275,0.0
uh huh uh huh job virtually i love my job you could almost say it's virtually made for me what's your dream job,1,0.005291005291005291,0.17142857142857143,0.0
awesome awesome relax fishtank sometimes when i'm feeling tense i turn on the fish tank screensaver hey i know it's not hawaii but it's the best i've got what do you do to relax,1,0.005291005291005291,0.3142857142857143,0.0
cool how close are you to them,1,0.005291005291005291,0.8243243243243243,0.0
uh huh uh huh family relationship tell me about your relationship with your family,1,0.005291005291005291,0.5,0.0
aw how did you decide to do that,1,0.005291005291005291,0.18181818181818182,0.0
yeah yeah see mean i see what you mean relax fishtank sometimes when i'm feeling tense i turn on the fish tank screensaver hey i know it's not hawaii but it's the best i've got what do you do to relax,1,0.005291005291005291,0.3181818181818182,0.0
yeah yeah see mean i see what you mean control temper how are you at controlling your temper,1,0.005291005291005291,0.3333333333333333,0.0
awesome when did you move to l a,1,0.005291005291005291,0.08928571428571429,0.0
hm what do you do now,1,0.005291005291005291,0.07142857142857142,0.0
i'm sorry how would your best friend describe you,1,0.005291005291005291,0.896551724137931,0.0
that's good what got you to seek help,1,0.005291005291005291,0.6567164179104478,0.0
okay okay i understand i understand what do you do to relax,1,0.005291005291005291,0.26865671641791045,0.0
i understand did you think you had a problem before you found out,1,0.005291005291005291,0.7816091954022989,0.0
how doingv so how are you doing today,1,0.005291005291005291,0.023809523809523808,0.0
mhm that's good do you feel like therapy is useful,1,0.005291005291005291,0.6666666666666666,0.0
yeah has that gotten you in trouble,1,0.005291005291005291,0.632183908045977,0.0
mhm mhm bouts symptoms when was the last time that happened,1,0.005291005291005291,0.23809523809523808,0.0
cool cool argument about what was it about,1,0.005291005291005291,0.2619047619047619,0.0
mm mm change directions what made you decide to do that,1,0.005291005291005291,0.2857142857142857,0.0
uh huh uh huh difficult how hard is that,1,0.005291005291005291,0.30952380952380953,0.0
mm how do you cope with them,1,0.005291005291005291,0.5977011494252874,0.0
yeah downer yeah good job it can be tough to find a good job these days job virtually i love my job you could almost say it's virtually made for me what's your dream job,1,0.005291005291005291,0.25,0.0
hmm downer hmm avoid could you have done anything to avoid it,1,0.005291005291005291,0.42857142857142855,0.0
ellie dec that's good symptoms cope how do you cope with them,1,0.005291005291005291,0.5238095238095238,0.0
okay could you have done anything to avoid it,1,0.005291005291005291,0.5057471264367817,0.0
okay confirm okay when diagnosed how long ago were you diagnosed,1,0.005291005291005291,0.6666666666666666,0.0
yeah downer yeah why seek help what got you to seek help,1,0.005291005291005291,0.7142857142857143,0.0
downer okay therapy going do you still go to therapy now,1,0.005291005291005291,0.7380952380952381,0.0
wild laughter laughter yeah yeah,1,0.005291005291005291,0.7857142857142857,0.0
that's great what's one of your most memorable experiences,1,0.005291005291005291,0.4482758620689655,0.0
yeah yeah good job it can be tough to find a good job these days,1,0.005291005291005291,0.8809523809523809,0.0
mhm mhm sounds interesting that sounds interesting hard decision how did you decide to do that,1,0.005291005291005291,0.9523809523809523,0.0
mhm how do you know them,1,0.005291005291005291,0.7727272727272727,0.0
uh huh how are you at controlling your temper,1,0.005291005291005291,0.3181818181818182,0.0
wow yeah how hard is that,1,0.005291005291005291,0.3563218390804598,0.0
yeah yeah what do you do to relax,1,0.005291005291005291,0.84375,0.0
hi i'm ellie thanks for coming in today i was created to talk to people in a safe and secure environment think of me as a friend i don't judge i can't i'm a computer i'm here to learn about people and would love to learn about you i'll ask a few questions to get us started and please feel free to tell me anything your answers are totally confidential where are you from originally,1,0.005291005291005291,0.0,0.0
right when was the last time that happened,1,0.005291005291005291,0.5,0.0
yeah i understand what's one of your most memorable experiences,1,0.005291005291005291,0.4067796610169492,0.0
how did you feel in that moment how did you feel in that moment,1,0.005291005291005291,0.8305084745762712,0.0
uh huh that's good what would you say are some of your best qualities,1,0.005291005291005291,0.847457627118644,0.0
wow that sounds interesting,1,0.005291005291005291,0.9322033898305084,0.0
uh huh how often do you go back to your hometown,1,0.005291005291005291,0.0851063829787234,0.0
uh huh do you consider yourself an introvert,1,0.005291005291005291,0.2765957446808511,0.0
uh oh that sounds really hard,1,0.005291005291005291,0.40425531914893614,0.0
uh huh have you ever served in the military,1,0.005291005291005291,0.46808510638297873,0.0
i see what you mean how do you cope with them,1,0.005291005291005291,0.5957446808510638,0.0
i'm sorry what are some things that usually put you in a good mood,1,0.005291005291005291,0.7659574468085106,0.0
mhm how close are you to your family,1,0.005291005291005291,0.7872340425531915,0.0
that's so good to hear who's someone that's been a positive influence in your life,1,0.005291005291005291,0.8085106382978723,0.0
mhm what are you most proud of in your life,1,0.005291005291005291,0.8723404255319149,0.0
awesome okay i think i've asked everything i need to thanks for sharing your thoughts with me,1,0.005291005291005291,0.9787234042553191,0.0
i'm sorry it can be tough to find a good job these days,1,0.005291005291005291,0.08196721311475409,0.0
that sounds interesting what made you decide to do that,1,0.005291005291005291,0.13114754098360656,0.0
do you consider yourself and introvert,1,0.005291005291005291,0.19672131147540983,0.0
let's come back to that later what do you do to relax,1,0.005291005291005291,0.21311475409836064,0.0
uh huh how have you been feeling lately,1,0.005291005291005291,0.5901639344262295,0.0
yeah i see what you mean have you noticed any changes in your behavior or thoughts lately,1,0.005291005291005291,0.6557377049180327,0.0
wow do you find it easy to be a parent,1,0.005291005291005291,0.7377049180327869,0.0
yeah uh huh,1,0.005291005291005291,0.8688524590163934,0.0
yeah i understand is there anything you regret,1,0.005291005291005291,0.8852459016393442,0.0
awesome how did you feel in that moment,1,0.005291005291005291,0.9672131147540983,0.0
cool what are some things you like to do for fun,1,0.005291005291005291,0.1836734693877551,0.0
uh huh tell me more about that,1,0.005291005291005291,0.40816326530612246,0.0
wow yeah what's one of your most memorable experiences,1,0.005291005291005291,0.42857142857142855,0.0
wow how would your best friend describe you,1,0.005291005291005291,0.8775510204081632,0.0
yeah that's great is there anything you regret,1,0.005291005291005291,0.9387755102040817,0.0
i see how do you like your living situation,1,0.005291005291005291,0.21818181818181817,0.0
that's good what were your symptoms,1,0.005291005291005291,0.6610169491525424,0.0
cool what are some things that make you really mad,1,0.005291005291005291,0.2711864406779661,0.0
cool tell me about something you did recently that you really enjoyed,1,0.005291005291005291,0.75,0.0
yeah how often do you go back to your hometown,1,0.005291005291005291,0.1864406779661017,0.0
okay have you been diagnosed with depression,1,0.005291005291005291,0.7169811320754716,0.0
it can be tough to find a good job these days have you noticed any changes in your behavior or thoughts lately,1,0.005291005291005291,0.7735849056603774,0.0
mhm tell me about something you did recently that you really enjoyed,1,0.005291005291005291,0.5849056603773585,0.0
okay do you find it easy to be a parent,1,0.005291005291005291,0.9245283018867925,0.0
that's good what's the hardest thing about being a parent,1,0.005291005291005291,0.9433962264150944,0.0
i see what you mean is there anything you regret,1,0.005291005291005291,0.9622641509433962,0.0
that's great what are some things you don't really like about l a,1,0.005291005291005291,0.05970149253731343,0.0
uh oh that sucks,1,0.005291005291005291,0.23880597014925373,0.0
that's good do you find it easy to be a parent,1,0.005291005291005291,0.2537313432835821,0.0
aw that's so good to hear tell me about your kids,1,0.005291005291005291,0.29850746268656714,0.0
mhm do you feel like therapy's useful,1,0.005291005291005291,0.6268656716417911,0.0
mhm i see what you mean what are some things that usually put you in a good mood,1,0.005291005291005291,0.7910447761194029,0.0
that sounds like a great situation how would your best friend describe you,1,0.005291005291005291,0.9104477611940298,0.0
uh huh what would you say are some of your best qualities,1,0.005291005291005291,0.9552238805970149,0.0
cool how easy was it for you to get used to living in l a,1,0.005291005291005291,0.07692307692307693,0.0
cool what do you do to relax,1,0.005291005291005291,0.35384615384615387,0.0
i'm sorry do you think that maybe you're being a little hard on yourself,1,0.005291005291005291,0.5384615384615384,0.0
i understand what do you do now,1,0.005291005291005291,0.7692307692307693,0.0
uh huh is there anything you regret,1,0.005291005291005291,0.8307692307692308,0.0
uh huh i'd love to hear about one of your trips,1,0.005291005291005291,0.17543859649122806,0.0
cool are you happy you did that,1,0.005291005291005291,0.21052631578947367,0.0
yeah that's great have you ever served in the military,1,0.005291005291005291,0.5263157894736842,0.0
yeah what were your symptoms,1,0.005291005291005291,0.6140350877192983,0.0
i'm sorry how have you been feeling lately,1,0.005291005291005291,0.631578947368421,0.0
aw that's great,1,0.005291005291005291,0.8947368421052632,0.0
that makes sense tell me about something you did recently that you really enjoyed,1,0.005291005291005291,0.9649122807017544,0.0
awesome what are you most proud of in your life,1,0.005291005291005291,0.9824561403508771,0.0
that sounds like a great situation okay i think i've asked everything i need to thanks for sharing your thoughts with me goodbye,1,0.005291005291005291,1.0,0.0
aw i see what you mean why'd you move to l a,1,0.005291005291005291,0.13559322033898305,0.0
mhm that sucks,1,0.005291005291005291,0.23636363636363636,0.0
yeah i understand what do you do to relax,1,0.005291005291005291,0.36363636363636365,0.0
that makes sense mhm how have you been feeling lately,1,0.005291005291005291,0.7818181818181819,0.0
okay yeah is there anything you regret,1,0.005291005291005291,0.8545454545454545,0.0
let's come back to that later have you noticed any changes in your behavior or thoughts lately,1,0.005291005291005291,0.5636363636363636,0.0
thats good that's good feel down do you feel down,1,0.005291005291005291,0.7073170731707317,0.0
okay what were your symptoms,1,0.005291005291005291,0.5454545454545454,0.0
thats great that's great happy lasttime tell me about the last time you felt really happy,1,0.005291005291005291,0.7560975609756098,0.0
okay is going to a therapist helping you,1,0.005291005291005291,0.82,0.0
i see what you mean what got you to seek help,1,0.005291005291005291,0.5272727272727272,0.0
awesome how would your best friend describe you,1,0.005291005291005291,0.48,0.0
mhm how easy is it for you to get a good night's sleep,1,0.005291005291005291,0.36363636363636365,0.0
i'm not a therapist but i'm here to learn about people and would love to learn about you i'll ask a few questions to get us started and please feel free to tell me anything your answers are totally confidential are you okay with this,1,0.005291005291005291,0.02,0.0
mhm that's great tell me about something you did recently that you really enjoyed,1,0.005291005291005291,0.9518072289156626,0.0
yeah mhm i see what you mean,1,0.005291005291005291,0.8795180722891566,0.0
cool have you ever served in the military,1,0.005291005291005291,0.2727272727272727,0.0
i understand is going to a therapist helping you,1,0.005291005291005291,0.7228915662650602,0.0
yeah what got you to seek help,1,0.005291005291005291,0.6626506024096386,0.0
i'm sorry what are some things you really like about l a,1,0.005291005291005291,0.21818181818181817,0.0
yeah tell me more about that,1,0.005291005291005291,0.5421686746987951,0.0
i understand how close are you to your family,1,0.005291005291005291,0.4819277108433735,0.0
mhm are you still working in that,1,0.005291005291005291,0.10909090909090909,0.0
hmm yeah i see what you mean what are some things that make you really mad,1,0.005291005291005291,0.37349397590361444,0.0
how easy was it for you to go back to civilian life,1,0.005291005291005291,0.25301204819277107,0.0
okay how did serving in the military change you,1,0.005291005291005291,0.1566265060240964,0.0
hmm how would your best friend describe you,1,0.005291005291005291,0.8979591836734694,0.0
yeah when was the last time you felt really happy,1,0.005291005291005291,0.8775510204081632,0.0
yeah i'm sorry did you think you had a problem before you found out,1,0.005291005291005291,0.6326530612244898,0.0
cool how old were you when you joined the military,1,0.005291005291005291,0.12048192771084337,0.0
yeah can you tell me about that,1,0.005291005291005291,0.3877551020408163,0.0
that sounds like a great situation how hard is that,1,0.005291005291005291,0.2857142857142857,0.0
uh huh okay i think i've asked everything i need to,1,0.005291005291005291,0.9736842105263158,0.0
okay can you give me an example of that,1,0.005291005291005291,0.8552631578947368,0.0
im sorry i'm sorry ptsd diagnosed have you ever been diagnosed with p t s d,1,0.005291005291005291,0.6341463414634146,0.0
aw what are you most proud of in your life,1,0.005291005291005291,0.88,0.0
mhm that's good is there anything you regret,1,0.005291005291005291,0.9,0.0
i see what you mean when was the last time you argued with someone and what was it about,1,0.005291005291005291,0.273972602739726,0.0
hmm what advice would you give yourself ten or twenty years ago,1,0.005291005291005291,0.8727272727272727,0.0
i see what you mean what would you say are some of your best qualities,1,0.005291005291005291,0.9090909090909091,0.0
i love listening to people talk okay i think i've asked everything i need to,1,0.005291005291005291,0.9636363636363636,0.0
what made you decide to do that what made you decide to do that,1,0.005291005291005291,0.1891891891891892,0.0
why that's good,1,0.005291005291005291,0.20270270270270271,0.0
mhm has that gotten you in trouble,1,0.005291005291005291,0.7972972972972973,0.0
that's good why'd you move to l a,1,0.005291005291005291,0.029850746268656716,0.0
okay i think i've asked everything i need to goodbye,1,0.005291005291005291,1.0,0.0
that sucks is it uncomfortable for you to talk about this,1,0.005291005291005291,0.5094339622641509,0.0
okay uh huh have you ever served in the military,1,0.005291005291005291,0.5753424657534246,0.0
aw how do you know them,1,0.005291005291005291,0.4716981132075472,0.0
awesome tell me more about that,1,0.005291005291005291,0.4383561643835616,0.0
hmm who's someone that's been a positive influence in your life,1,0.005291005291005291,0.3150684931506849,0.0
wow okay do you consider yourself an introvert,1,0.005291005291005291,0.37735849056603776,0.0
yeah downer yeah feelguilty what's something you feel guilty about,1,0.005291005291005291,0.5609756097560976,0.0
that's great what'd you study at school,1,0.005291005291005291,0.16981132075471697,0.0
thats great that's great job virtually i love my job you could almost say it's virtually made for me what's your dream job,1,0.005291005291005291,0.2682926829268293,0.0
that's great how did you feel in that moment,1,0.005291005291005291,0.8615384615384616,0.0
that's good where do you live,1,0.005291005291005291,0.0273972602739726,0.0
yeah okay what do you do when you're annoyed,1,0.005291005291005291,0.8,0.0
yeah i see have you ever been diagnosed with p t s d,1,0.005291005291005291,0.4153846153846154,0.0
that sounds interesting are you happy you did that,1,0.005291005291005291,0.26153846153846155,0.0
really what'd you study at school,1,0.005291005291005291,0.9454545454545454,0.0
nice okay i think i've asked everything i need to thanks for sharing your thoughts with me,1,0.005291005291005291,0.98,0.0
hmm what's your dream job,1,0.005291005291005291,0.8909090909090909,0.0
okay what do you enjoy about traveling,1,0.005291005291005291,0.8727272727272727,0.0
that sounds interesting who's someone that's been a positive influence in your life,1,0.005291005291005291,0.8545454545454545,0.0
mhm what would you say are some of your best qualities,1,0.005291005291005291,0.94,0.0
that's good what made you decide to do that,1,0.005291005291005291,0.7681159420289855,0.0
aw okay do you feel down,1,0.005291005291005291,0.7297297297297297,0.0
uh huh tell me about that,1,0.005291005291005291,0.7101449275362319,0.0
okay confirm okay where live where do you live,1,0.005291005291005291,0.1267605633802817,0.0
i understand what'd you study at school,1,0.005291005291005291,0.0958904109589041,0.0
oh no oh no thats good that's good travel shoes i'm sure you can tell by my shoes i'm not much of a world explorer do you travel a lot,1,0.005291005291005291,0.16901408450704225,0.0
see mean i see what you mean travel trips i'd love to hear about one of your trips,1,0.005291005291005291,0.2112676056338028,0.0
cool what are some things you really like about l a,1,0.005291005291005291,0.0547945205479452,0.0
yeah that makes sense what are some things that usually put you in a good mood,1,0.005291005291005291,0.9491525423728814,0.0
that's good yeah what advice would you give yourself ten or twenty years ago,1,0.005291005291005291,0.9322033898305084,0.0
yeah yeah control temper how are you at controlling your temper,1,0.005291005291005291,0.4507042253521127,0.0
why why yes yes,1,0.005291005291005291,0.5352112676056338,0.0
yeah okay tell me about something you did recently that you really enjoyed,1,0.005291005291005291,0.7966101694915254,0.0
isee downer i see difficult how hard is that,1,0.005291005291005291,0.704225352112676,0.0
yeah like what,1,0.005291005291005291,0.4807692307692308,0.0
mm why did you stop,1,0.005291005291005291,0.7627118644067796,0.0
yeah i see what you mean what sort of changes have you noticed since you've been going to therapy,1,0.005291005291005291,0.7457627118644068,0.0
makes sense that makes sense ellie dec what would you say are some of your best qualities,1,0.005291005291005291,0.8873239436619719,0.0
um um feelbadly tell me about a time when someone made you feel really badly about yourself,1,0.005291005291005291,0.9154929577464789,0.0
how hard is that yeah did you think you had a problem before you found out,1,0.005291005291005291,0.6779661016949152,0.0
okay i understand how would your best friend describe you,1,0.005291005291005291,0.423728813559322,0.0
wow how close are you to your family,1,0.005291005291005291,0.3898305084745763,0.0
mm mm feelguilty what's something you feel guilty about,1,0.005291005291005291,0.46153846153846156,0.0
oh that sounds really hard,1,0.005291005291005291,0.3389830508474576,0.0
aw how do you like your living situation,1,0.005291005291005291,0.3050847457627119,0.0
cool do you have roommates,1,0.005291005291005291,0.288135593220339,0.0
that's good do you feel down,1,0.005291005291005291,0.46153846153846156,0.0
okay where do you live,1,0.005291005291005291,0.2711864406779661,0.0
aw i'm sorry to hear that do you consider yourself an introvert,1,0.005291005291005291,0.2033898305084746,0.0
right right ellie dec what are you most proud of in your life,1,0.005291005291005291,0.9423076923076923,0.0
i'm sorry tell me more about that,1,0.005291005291005291,0.4230769230769231,0.0
cool cool asked everything okay i think i have asked everything i need to appreciate open thanks for sharing your thoughts with me,1,0.005291005291005291,0.9807692307692307,0.0
yeah i see what you mean how easy was it for you to get used to living in l a,1,0.005291005291005291,0.1864406779661017,0.0
yeah yeah who's someone that's been a positive influence in your life,1,0.005291005291005291,0.2876712328767123,0.0
argument about what was it about argument about what was it about,1,0.005291005291005291,0.9636363636363636,0.0
hm when was the last time that happened,1,0.005291005291005291,0.6891891891891891,0.0
thats good that's good thats good that's good ellie dec tell me about something you did recently that you really enjoyed ellie dec tell me about something you did recently that you really enjoyed,1,0.005291005291005291,0.9272727272727272,0.0
mm mm okay confirm okay feelguilty what's something you feel guilty about,1,0.005291005291005291,0.5192307692307693,0.0
awesome i'd love to hear about one of your trips,1,0.005291005291005291,0.7307692307692307,0.0
mm do you travel a lot,1,0.005291005291005291,0.6730769230769231,0.0
okay how easy is it for you to get a good night sleep,1,0.005291005291005291,0.6346153846153846,0.0
mhm do you have disturbing thoughts,1,0.005291005291005291,0.6153846153846154,0.0
i see i see,1,0.005291005291005291,0.6164383561643836,0.0
that's good how have you been feeling lately,1,0.005291005291005291,0.5753424657534246,0.0
okay did you think you had a problem before you found out,1,0.005291005291005291,0.5205479452054794,0.0
wild laughter laughter influence positive who's someone that's been a positive influence in your life,1,0.005291005291005291,0.9038461538461539,0.0
good hear that's so good to hear how close how close are you to them,1,0.005291005291005291,0.9230769230769231,0.0
uh huh uh huh asked everything okay i think i have asked everything i need to,1,0.005291005291005291,0.9615384615384616,0.0
cool cool cool cool,1,0.005291005291005291,0.05454545454545454,0.0
like about la what are some things you really like about l a like about la what are some things you really like about l a,1,0.005291005291005291,0.07272727272727272,0.0
travel shoes i'm sure you can tell by my shoes i'm not much of a world explorer do you travel a lot travel shoes i'm sure you can tell by my shoes i'm not much of a world explorer do you travel a lot,1,0.005291005291005291,0.10909090909090909,0.0
mhm mhm mhm mhm,1,0.005291005291005291,0.12727272727272726,0.0
mhm mhm study what did you study at school study what did you study at school,1,0.005291005291005291,0.23636363636363636,0.0
thats great that's great thats great that's great,1,0.005291005291005291,0.2545454545454545,0.0
yeah yeah yeah yeah,1,0.005291005291005291,0.2909090909090909,0.0
thats good that's good thats good that's good shyoutgoing do you consider yourself more shy or outgoing,1,0.005291005291005291,0.36363636363636365,0.0
mm mm mm mm,1,0.005291005291005291,0.41818181818181815,0.0
downer okay downer okay bf describe how would your best friend describe you,1,0.005291005291005291,0.5636363636363636,0.0
okay confirm okay okay confirm okay feel lately how have you been feeling lately feel lately how have you been feeling lately,1,0.005291005291005291,0.6181818181818182,0.0
ptsd diagnosed have you ever been diagnosed with p t s d ptsd diagnosed have you ever been diagnosed with p t s d,1,0.005291005291005291,0.6727272727272727,0.0
depression diagnosed have you been diagnosed with depression depression diagnosed have you been diagnosed with depression,1,0.005291005291005291,0.6909090909090909,0.0
happy lasttime tell me about the last time you felt really happy happy lasttime tell me about the last time you felt really happy,1,0.005291005291005291,0.7272727272727273,0.0
describe felt how did you feel in that moment describe felt how did you feel in that moment,1,0.005291005291005291,0.7454545454545455,0.0
yeah yeah yeah yeah advice back what advice would you give to yourself ten or twenty years ago advice back what advice would you give to yourself ten or twenty years ago,1,0.005291005291005291,0.8,0.0
downer okay downer okay ideal weekendc tell me how you spend your ideal weekend,1,0.005291005291005291,0.8363636363636363,0.0
hmm how do you cope with them,1,0.005291005291005291,0.5192307692307693,0.0
oh oh,1,0.005291005291005291,0.375,0.0
right right makes sense that makes sense family relationship tell me about your relationship with your family,1,0.005291005291005291,0.4107142857142857,0.0
okay hmm what's one of your most memorable experiences,1,0.005291005291005291,0.40384615384615385,0.0
let's come back to that later what do you think of today's kids,1,0.005291005291005291,0.9056603773584906,0.0
awesome awesome asked everything okay i think i have asked everything i need to appreciate open thanks for sharing your thoughts with me bye goodbye,1,0.005291005291005291,1.0,0.0
uh oh uh oh where originally where are you from originally,1,0.005291005291005291,0.028169014084507043,0.0
yeah yeah when la when did you move to l a,1,0.005291005291005291,0.07042253521126761,0.0
nice what are you most proud of in your life,1,0.005291005291005291,0.7868852459016393,0.0
hmmb hmm hard decisionb tell me about the hardest decision you've ever had to make,1,0.005291005291005291,0.39436619718309857,0.0
wow yeah when was the last time you felt really happy,1,0.005291005291005291,0.7540983606557377,0.0
right that makes sense what's one of your most memorable experiences,1,0.005291005291005291,0.8541666666666666,0.0
yeah how has seeing a therapist affected you,1,0.005291005291005291,0.6065573770491803,0.0
right there are always trade offs in life aren't there,1,0.005291005291005291,0.7916666666666666,0.0
cool cool travel shoes i'm sure you can tell by my shoes i'm not much of a world explorer do you travel a lot,1,0.005291005291005291,0.22,0.0
mmm that's good how are you at controlling your temper,1,0.005291005291005291,0.6458333333333334,0.0
aw aw thats great that's great,1,0.005291005291005291,0.72,0.0
hmm are they triggered by something,1,0.005291005291005291,0.6792452830188679,0.0
mm mm like about la what are some things you really like about l a,1,0.005291005291005291,0.16981132075471697,0.0
that's so good to hear have you ever served in the military,1,0.005291005291005291,0.5081967213114754,0.0
i understand what do you think of today's kids,1,0.005291005291005291,0.45901639344262296,0.0
yeah downer yeah relax fishtank sometimes when i'm feeling tense i turn on the fish tank screensaver hey i know it's not hawaii but it's the best i've got what do you do to relax,1,0.005291005291005291,0.32075471698113206,0.0
talk later why don't we talk about that later memory erase tell me about an event or something that you wish you could erase from your memory,1,0.005291005291005291,0.41509433962264153,0.0
really really bouts symptoms when was the last time that happened,1,0.005291005291005291,0.5094339622641509,0.0
sorry hear i'm sorry to hear that behavior changes have you noticed any changes in your behavior or thoughts lately,1,0.005291005291005291,0.6415094339622641,0.0
aw how hard is that,1,0.005291005291005291,0.3442622950819672,0.0
aw aw more tell me more about that,1,0.005291005291005291,0.7358490566037735,0.0
that's great what are some things that make you really mad,1,0.005291005291005291,0.2786885245901639,0.0
okay confirm okay what do when annoyed what do you do when you are annoyed,1,0.005291005291005291,0.29850746268656714,0.0
oh no oh no landed trouble has that gotten you in trouble,1,0.005291005291005291,0.34328358208955223,0.0
hmmb hmm situation handled tell me about a situation that you wish you had handled differently,1,0.005291005291005291,0.373134328358209,0.0
awesome who's someone that's been a positive influence in your life,1,0.005291005291005291,0.5833333333333334,0.0
thats good that's good travel shoes i'm sure you can tell by my shoes i'm not much of a world explorer do you travel a lot,1,0.005291005291005291,0.5223880597014925,0.0
i understand do you consider yourself an introvert,1,0.005291005291005291,0.5208333333333334,0.0
hmm downer hmm do fun what are some things you like to do for fun,1,0.005291005291005291,0.94,0.0
ellie dec uh huh ellie dec what are you most proud of in your life,1,0.005291005291005291,0.84,0.0
um um ellie dec what would you say are some of your best qualities,1,0.005291005291005291,0.82,0.0
i see what you mean how does it compare to l a,1,0.005291005291005291,0.1044776119402985,0.0
that's good tell me about something you did recently that you really enjoyed,1,0.005291005291005291,0.8113207547169812,0.0
yeah is going to a therapist helping you,1,0.005291005291005291,0.7169811320754716,0.0
i see are they triggered by something,1,0.005291005291005291,0.6981132075471698,0.0
okay why don't we talk about that later have you ever served in the military,1,0.005291005291005291,0.49056603773584906,0.0
mhm mhm makes sense that makes sense bf describe how would your best friend describe you,1,0.005291005291005291,0.8392857142857143,0.0
good hear that's so good to hear mad makeyou what are some things that make you really mad,1,0.005291005291005291,0.9107142857142857,0.0
thats good that's good ellie dec tell me about something you did recently that you really enjoyed,1,0.005291005291005291,0.9285714285714286,0.0
ellie dec uh huh asked everything okay i think i have asked everything i need to,1,0.005291005291005291,0.9642857142857143,0.0
okay confirm okay thats good that's good how doingv so how are you doing today,1,0.005291005291005291,0.017857142857142856,0.0
okay that's good what are some things you like to do for fun,1,0.005291005291005291,0.2641509433962264,0.0
that's good yeah i understand okay i think i've asked everything i need to thanks for sharing your thoughts with me goodbye,1,0.005291005291005291,1.0,0.0
wow i see what you mean do you consider yourself an introvert,1,0.005291005291005291,0.25,0.0
that's so good to hear what are some things you really like about l a,1,0.005291005291005291,0.2127659574468085,0.0
i'm ellie,1,0.005291005291005291,0.9850746268656716,0.0
cool cool ideal weekendc tell me how you spend your ideal weekend,1,0.005291005291005291,0.72,0.0
yes yes thank you thank you,1,0.005291005291005291,0.8571428571428571,0.0
mhm thanks for sharing your thoughts with me,1,0.005291005291005291,0.9701492537313433,0.0
mhm okay when was the last time you felt really happy,1,0.005291005291005291,0.9104477611940298,0.0
aw what are some things you like to do for fun,1,0.005291005291005291,0.8507462686567164,0.0
mhm i'd love to hear about one of your trips,1,0.005291005291005291,0.5223880597014925,0.0
wow that's great how close are you to your family,1,0.005291005291005291,0.4626865671641791,0.0
that's good what's the best thing about being a parent,1,0.005291005291005291,0.29850746268656714,0.0
uh huh that sounds really hard,1,0.005291005291005291,0.2835820895522388,0.0
yeah what's the hardest thing about being a parent,1,0.005291005291005291,0.26865671641791045,0.0
ellie dec uh huh tell about that can you tell me about that,1,0.005291005291005291,0.8714285714285714,0.0
mhm that sounds interesting,1,0.005291005291005291,0.19402985074626866,0.0
yes what are some things you really like about l a,1,0.005291005291005291,0.11940298507462686,0.0
thats good that's good family roleb how close are you to your family,1,0.005291005291005291,0.26,0.0
uh huh what'd you study at school,1,0.005291005291005291,0.19298245614035087,0.0
cool do you travel a lot,1,0.005291005291005291,0.3333333333333333,0.0
awesome what do you enjoy about traveling,1,0.005291005291005291,0.3508771929824561,0.0
really why'd you decide to enlist in the military,1,0.005291005291005291,0.639344262295082,0.0
oh no i'm sorry are they triggered by something,1,0.005291005291005291,0.5384615384615384,0.0
mm mm parent best what's the best thing about being a parent,1,0.005291005291005291,0.34782608695652173,0.0
okay confirm okay parent hardest what's the hardest thing about being a parent,1,0.005291005291005291,0.391304347826087,0.0
okay how would you best friend describe you,1,0.005291005291005291,0.875,0.0
hm okay have you ever served in the military,1,0.005291005291005291,0.8392857142857143,0.0
right right makes sense that makes sense,1,0.005291005291005291,0.6376811594202898,0.0
yeah downer yeah im sorry i'm sorry easy sleep how easy is it for you to get a good night's sleep,1,0.005291005291005291,0.6666666666666666,0.0
hmm downer hmm trigger are they triggered by something,1,0.005291005291005291,0.6811594202898551,0.0
aw that sounds like a great situation,1,0.005291005291005291,0.41025641025641024,0.0
understand i understand suspect problem did you think you had a problem before you found out,1,0.005291005291005291,0.7391304347826086,0.0
right what are you like when you don't sleep well,1,0.005291005291005291,0.8035714285714286,0.0
aww okay i think i've asked everything i need to thanks for sharing your thoughts with me,1,0.005291005291005291,0.9841269841269841,0.0
thats good that's good right right,1,0.005291005291005291,0.8260869565217391,0.0
wow tell me more about that,1,0.005291005291005291,0.9682539682539683,0.0
awesome awesome bouts symptoms when was the last time that happened,1,0.005291005291005291,0.9130434782608695,0.0
wow wow why la why did you move to l a,1,0.005291005291005291,0.1111111111111111,0.0
uh huh uh huh like about la what are some things you really like about l a,1,0.005291005291005291,0.2222222222222222,0.0
yeah yeah that sucks that sucks study what did you study at school,1,0.005291005291005291,0.26666666666666666,0.0
i'm sorry i see what you mean how easy is it for you to get a good night's sleep,1,0.005291005291005291,0.7678571428571429,0.0
good hear that's so good to hear shyoutgoing do you consider yourself more shy or outgoing,1,0.005291005291005291,0.4222222222222222,0.0
yeah there are always tradeoffs in life aren't there,1,0.005291005291005291,0.6071428571428571,0.0
right yeah could you have done anything to avoid it,1,0.005291005291005291,0.5892857142857143,0.0
uh huh uh huh symptoms cope how do you cope with them,1,0.005291005291005291,0.6888888888888889,0.0
yeah yeah depression diagnosed have you been diagnosed with depression,1,0.005291005291005291,0.7111111111111111,0.0
mhm mhm when diagnosed how long ago were you diagnosed,1,0.005291005291005291,0.7333333333333333,0.0
i understand how have you been feeling lately,1,0.005291005291005291,0.6825396825396826,0.0
right right ellie dec what would you say are some of your best qualities,1,0.005291005291005291,0.8666666666666667,0.0
yeah i see what you mean what's one of your most memorable experiences,1,0.005291005291005291,0.4642857142857143,0.0
wow awesome,1,0.005291005291005291,0.4107142857142857,0.0
nice nice tell me about tell me about that,1,0.005291005291005291,0.2318840579710145,0.0
i see have you been diagnosed with depression,1,0.005291005291005291,0.5512820512820513,0.0
really how often do you go back to your home town,1,0.005291005291005291,0.07462686567164178,0.0
that's so good to hear how close are you to your family,1,0.005291005291005291,0.17567567567567569,0.0
mm mm makes sense that makes sense feelbadly tell me about a time when someone made you feel really badly about yourself,1,0.005291005291005291,0.7142857142857143,0.0
hm,1,0.005291005291005291,0.527027027027027,0.0
yeah downer yeah memorableb what's one of your most memorable experiences,1,0.005291005291005291,0.7714285714285715,0.0
nice nice happy lasttime tell me about the last time you felt really happy,1,0.005291005291005291,0.8,0.0
hm okay tell me more about that,1,0.005291005291005291,0.5135135135135135,0.0
aw that's great have you ever served in the military,1,0.005291005291005291,0.5652173913043478,0.0
wild laughter laughter travel changed what do you enjoy about traveling,1,0.005291005291005291,0.12903225806451613,0.0
okay how do you know them,1,0.005291005291005291,0.4927536231884058,0.0
mm i'm sorry to hear that,1,0.005291005291005291,0.28378378378378377,0.0
oh what's it like for you living with them,1,0.005291005291005291,0.24324324324324326,0.0
mhm mhm describe felt how did you feel in that moment,1,0.005291005291005291,0.3064516129032258,0.0
mhm how do you like your living situation,1,0.005291005291005291,0.1891891891891892,0.0
mm do you feel that way often,1,0.005291005291005291,0.43478260869565216,0.0
aww how close are you to them,1,0.005291005291005291,0.16216216216216217,0.0
how close how close are you to them,1,0.005291005291005291,0.967741935483871,0.0
wow that's a long time,1,0.005291005291005291,0.15942028985507245,0.0
uh huh okay what are some things you really like about l a,1,0.005291005291005291,0.08695652173913043,0.0
im sorry i'm sorry depression diagnosed have you been diagnosed with depression,1,0.005291005291005291,0.5483870967741935,0.0
nice are you still doing that,1,0.005291005291005291,0.05405405405405406,0.0
that makes sense what are you that makes sense what are you most proud of in your life,1,0.005291005291005291,0.9487179487179487,0.0
hi i'm ellie thanks for coming in today i was created to talk to people in a safe and secure environment think of me as a friend i don't judge i can't i'm a computer i''m here to learn about people and would love to learn about you i'll ask a few questions to get us started and please feel free to tell me anything your answers are totally confidential how are you doing today,1,0.005291005291005291,0.0,0.0
thats good that's good ellie dec what would you say are some of your best qualities,1,0.005291005291005291,0.6612903225806451,0.0
downer okay bf describe how would your best friend describe you,1,0.005291005291005291,0.7741935483870968,0.0
aw yeah that's so good to hear,1,0.005291005291005291,0.9642857142857143,0.0
mm mm ellie dec what are some things that usually put you in a good mood,1,0.005291005291005291,0.8709677419354839,0.0
okay confirm okay do fun what are some things you like to do for fun,1,0.005291005291005291,0.9032258064516129,0.0
that makes sense that makes sense that makes sense,1,0.005291005291005291,0.9358974358974359,0.0
right that's great,1,0.005291005291005291,0.9107142857142857,0.0
mhm tell me about your kids,1,0.005291005291005291,0.375,0.0
awesome have you ever been diagnosed with p t s d,1,0.005291005291005291,0.6031746031746031,0.0
wow are you happy you did that,1,0.005291005291005291,0.38596491228070173,0.0
thats great that's great still doing x are you still doing that,1,0.005291005291005291,0.24,0.0
adapted la how easy was it for you to get used to living in l a adapted la how easy was it for you to get used to living in l a,1,0.005291005291005291,0.16666666666666666,0.0
yeah yeah yeah yeah see mean i see what you mean travel shoes i'm sure you can tell by my shoes i'm not much of a world explorer do you travel a lot travel shoes i'm sure you can tell by my shoes i'm not much of a world explorer do you travel a lot,1,0.005291005291005291,0.18518518518518517,0.0
travel trips i'd love to hear about one of your trips travel trips i'd love to hear about one of your trips,1,0.005291005291005291,0.2222222222222222,0.0
that's good that's good how easy is it for you to get a good night's sleep,1,0.005291005291005291,0.7192982456140351,0.0
still working on x are you still working in that still working on x are you still working in that,1,0.005291005291005291,0.2962962962962963,0.0
yeah yeah yeah yeah change directions what made you decide to do that change directions what made you decide to do that,1,0.005291005291005291,0.3148148148148148,0.0
back later let's come back to that later back later let's come back to that later,1,0.005291005291005291,0.3333333333333333,0.0
okay confirm okay okay confirm okay family relationship tell me about your relationship with your family,1,0.005291005291005291,0.37037037037037035,0.0
thats good that's good thats good that's good describe felt how did you feel in that moment describe felt how did you feel in that moment,1,0.005291005291005291,0.3888888888888889,0.0
okay what got you to seek help,1,0.005291005291005291,0.6842105263157895,0.0
mhm have you ever served in the military,1,0.005291005291005291,0.5789473684210527,0.0
aw that's great i'd love to hear all about it,1,0.005291005291005291,0.9615384615384616,0.0
uh huh uh huh hard decisionb tell me about the hardest decision you've ever had to make hard decisionb tell me about the hardest decision you've ever had to make,1,0.005291005291005291,0.5370370370370371,0.0
change directions what made you decide to do that change directions what made you decide to do that,1,0.005291005291005291,0.5555555555555556,0.0
i see when was the last time you argued with someone and what was it about,1,0.005291005291005291,0.47368421052631576,0.0
difficult how hard is that difficult how hard is that,1,0.005291005291005291,0.6296296296296297,0.0
isee downer i see feel lately how have you been feeling lately feel lately how have you been feeling lately,1,0.005291005291005291,0.6481481481481481,0.0
im sorry i'm sorry im sorry i'm sorry,1,0.005291005291005291,0.6666666666666666,0.0
when diagnosed how long ago were you diagnosed when diagnosed how long ago were you diagnosed,1,0.005291005291005291,0.7037037037037037,0.0
why seek help what got you to seek help why seek help what got you to seek help,1,0.005291005291005291,0.7222222222222222,0.0
stop going why did you stop stop going why did you stop,1,0.005291005291005291,0.7777777777777778,0.0
therapy useful do you feel like therapy is useful therapy useful do you feel like therapy is useful,1,0.005291005291005291,0.7962962962962963,0.0
yeah yeah happy lasttime tell me about the last time you felt really happy happy lasttime tell me about the last time you felt really happy,1,0.005291005291005291,0.8333333333333334,0.0
okay confirm okay okay confirm okay ellie dec what are you most proud of in your life,1,0.005291005291005291,0.9259259259259259,0.0
asked everything okay i think i have asked everything i need to asked everything okay i think i have asked everything i need to,1,0.005291005291005291,0.9629629629629629,0.0
appreciate open thanks for sharing your thoughts with me appreciate open thanks for sharing your thoughts with me,1,0.005291005291005291,0.9814814814814815,0.0
bye goodbye bye goodbye,1,0.005291005291005291,1.0,0.0
okay uh huh that's good what are some things that make you really mad,1,0.005291005291005291,0.43859649122807015,0.0
that's good what do you do when you're annoyed,1,0.005291005291005291,0.42105263157894735,0.0
wild laughter laughter wild laughter laughter why la why did you move to l a why la why did you move to l a,1,0.005291005291005291,0.12962962962962962,0.0
compares la how does it compare to l a compares la how does it compare to l a,1,0.005291005291005291,0.1111111111111111,0.0
often backb how often do you go back to your hometown often backb how often do you go back to your hometown,1,0.005291005291005291,0.09259259259259259,0.0
mhm that sounds like a great situation,1,0.005291005291005291,0.14285714285714285,0.0
understand i understand good job it can be tough to find a good job these days,1,0.005291005291005291,0.28,0.0
that's good yeah who's someone that's been a positive influence in your life,1,0.005291005291005291,0.2857142857142857,0.0
thats good that's good feelguilty what's something you feel guilty about,1,0.005291005291005291,0.5,0.0
uh huh what did you do after the military,1,0.005291005291005291,0.5714285714285714,0.0
right how hard is that,1,0.005291005291005291,0.25,0.0
yeah downer yeah im sorry i'm sorry ellie dec what would you say are some of your best qualities,1,0.005291005291005291,0.92,0.0
that's great i'd love to hear about one of your trips,1,0.005291005291005291,0.47619047619047616,0.0
from la i am from l a,1,0.005291005291005291,0.0784313725490196,0.0
that makes sense do you consider yourself an introvert,1,0.005291005291005291,0.17857142857142858,0.0
why why awesome awesome,1,0.005291005291005291,0.29411764705882354,0.0
uh huh what's your dream job,1,0.005291005291005291,0.23809523809523808,0.0
aw aw how know how do you know them,1,0.005291005291005291,0.5882352941176471,0.0
awesome awesome easy sleep how easy is it for you to get a good night's sleep,1,0.005291005291005291,0.6274509803921569,0.0
that's great how did you decide to do that,1,0.005291005291005291,0.2222222222222222,0.0
mhm do you consider yourself an introvert do you consider yourself an introvert,1,0.005291005291005291,0.7719298245614035,0.0
yeah i see what you mean do you consider yourself an introvert,1,0.005291005291005291,0.15873015873015872,0.0
nice how easy was it for you to get used to living in l a,1,0.005291005291005291,0.1111111111111111,0.0
ellie dec that's good okay confirm okay how doingv so how are you doing today,1,0.005291005291005291,0.017857142857142856,0.0
that's great okay i think i've asked everything i need to thanks for sharing your thoughts with me goodbye,1,0.005291005291005291,1.0,0.0
nice nice travel shoes i'm sure you can tell by my shoes i'm not much of a world explorer do you travel a lot,1,0.005291005291005291,0.19642857142857142,0.0
yeah that's good okay i think i've asked everything i need to thanks for sharing your thoughts with me,1,0.005291005291005291,0.9807692307692307,0.0
yeah downer yeah landed trouble has that gotten you in trouble,1,0.005291005291005291,0.375,0.0
i understand what are you most proud of in your life,1,0.005291005291005291,0.9298245614035088,0.0
ellie dec that's good ellie dec that's good behavior changes have you noticed any changes in your behavior or thoughts lately,1,0.005291005291005291,0.6071428571428571,0.0
isee downer i see depression diagnosed have you been diagnosed with depression,1,0.005291005291005291,0.625,0.0
wow that sounds like a great situation,1,0.005291005291005291,0.9122807017543859,0.0
understand i understand therapy changes what sort of changes have you noticed since you've been going to therapy,1,0.005291005291005291,0.7142857142857143,0.0
okay that's great,1,0.005291005291005291,0.8596491228070176,0.0
uh huh uh huh still working on x are you still working in that,1,0.005291005291005291,0.36065573770491804,0.0
