session	slug	answer_words
363	IntroV4Confirmation	1
363	okay_confirm	0
363	how_doingV	4
363	great_thanks	0
363	where_originally	5
363	really	1
363	like_about_LA	34
363	mhm	0
363	dont_like_LA	31
363	yeah2	6
363	see_mean	0
363	study	26
363	still_doing_X	35
363	change_directions	65
363	happy_didthat	21
363	thats_great	0
363	job_virtually	135
363	great_situation	0
363	shyoutgoing	72
363	tell_about_that	27
363	Ellie17Dec2012_06	83
363	okay_confirm	0
363	relax_fishtank	63
363	aw	0
363	control_temper	34
363	last_argument	122
363	yeah2	0
363	that_sucks	2
363	hard_decisionB	144
363	yeah_downer	0
363	been_hard	4
363	family_relationship	92
363	wow	65
363	yeah_downer	0
363	feelguilty	51
363	give_example	111
363	yeah_downer	0
363	describe_felt	30
363	im_sorry	0
363	ptsd_diagnosed	4
363	depression_diagnosed	4
363	easy_sleep	17
363	thats_good	0
363	feel_down	4
363	behavior_changes	67
363	thats_great	0
363	happy_lasttime	93
363	good_hear	0
363	self_change	67
363	symptoms_cope	68
363	mm	0
363	regret	97
363	yeah_downer	0
363	advice_back	67
363	uh_huh	0
363	Ellie17Dec2012_08	127
363	yeah3	0
363	difficult	55
363	mhm	0
363	BF_describe	65
363	uh_huh	0
363	ideal_weekendC	153
363	nice	0
363	asked_everything	0
363	appreciate_open	3
363	bye	1
364	IntroV4Confirmation	2
364	okay_confirm	0
364	how_doingV	53
364	thats_good	0
364	where_originally	40
364	really	3
364	like_about_LA	106
364	yeah2	0
364	see_mean	2
364	dont_like_LA	96
364	that_sucks	68
364	mm	43
364	mhm	0
364	travel_shoes	37
364	like_what	2
364	like_what	103
364	travel_trips	204
364	nice	46
364	wild_laughter3	4
364	study	42
364	change_directions	73
364	mhm	0
364	still_working_on_X	75
364	dream_job	47
364	aw	100
364	yeah3	13
364	shyoutgoing	120
364	okay_confirm	0
364	relax_fishtank	185
364	thats_great	49
364	yeah2	40
364	control_temper	119
364	uh_huh	16
364	last_argument	119
364	describe_felt	158
364	yeah_downer	13
364	mhm	0
364	situation_handled	10
364	im_sorry	300
364	isee_downer	0
364	family_relationship	63
364	Ellie17Dec2012_02	56
364	yeah2	0
364	understand	40
364	ptsd_diagnosed	79
364	why_enlist	15
364	old	39
364	very_young	11
364	combat	6
364	tell_about_that	42
364	Ellie17Dec2012_06	36
364	why2	46
364	mhm	0
364	effectB	100
364	right2	34
364	after	89
364	civilian_life	80
364	mm	5
364	thats_good	0
364	easy_sleep	55
364	feel_lately	30
364	behavior_changes	15
364	okay_confirm	0
364	depression_diagnosed	45
364	therapy_useful	79
364	why_seek_help	63
364	understand	21
364	therapy_going	34
364	okay_confirm	1
364	therapist_affect	72
364	yeah2	35
364	uh_huh	63
364	uh_huh	0
364	happy_lasttime	124
364	thats_great	9
364	BF_describe	105
364	mhm	81
364	yeah3	4
364	landed_trouble	8
364	okay_confirm	6
364	regret	45
364	advice_back	61
364	Ellie17Dec2012_08	69
364	mhm	40
364	asked_everything	0
364	appreciate_open	5
364	bye	4
365	IntroV4Confirmation	1
365	okay_confirm	0
365	how_doingV	3
365	thats_good	0
365	where_originally	2
365	really	1
365	when_LA	3
365	often_backB	3
365	compares_LA	16
365	why_LA	7
365	adapted_LA	28
365	like_about_LA	28
365	uh_huh	0
365	dont_like_LA	3
365	understand	0
365	travel_shoes	5
365	why2	9
365	okay_confirm	0
365	study	2
365	sounds_interesting	0
365	hard_decision	23
365	cool3	0
365	still_doing_X	4
365	job_virtually	70
365	mhm	0
365	shyoutgoing	52
365	yeah3	0
365	relax_fishtank	22
365	nice	5
365	like_what	15
365	awesome	0
365	control_temper	27
365	last_argument	54
365	that_sucks	3
365	feelguilty	53
365	yeah3	0
365	been_hard	4
365	easy_parent	76
365	yeah_downer	0
365	parent_hardest	98
365	mhm	51
365	yeah_downer	0
365	sorry_hear	0
365	parent_best	79
365	mm	3
365	parent_differences	86
365	yeah2	55
365	see_mean	1
365	situation_handled	98
365	okay_confirm	0
365	military	1
365	ptsd_diagnosed	1
365	depression_diagnosed	1
365	easy_sleep	111
365	too_hard	42
365	behavior_changes	64
365	Ellie17Dec2012_03	0
365	happy_lasttime	76
365	uh_huh	0
365	Ellie17Dec2012_07	117
365	give_example	169
365	yeah_downer	0
365	Ellie17Dec2012_04	0
365	self_change	64
365	landed_trouble	41
365	yeah_downer	0
365	regret	13
365	why2	115
365	isee_downer	0
365	advice_back	115
365	right2	0
365	ideal_weekendC	82
365	uh_huh	0
365	BF_describe	79
365	Ellie17Dec2012_08	106
365	memorableB	81
365	nice	0
365	asked_everything	0
365	appreciate_open	3
365	bye	1
366	IntroV4Confirmation	1
366	okay_confirm	0
366	how_doingV	2
366	thats_good	2
366	great_thanks	0
366	where_originally	4
366	really	0
366	like_about_LA	28
366	see_mean	0
366	dont_like_LA	30
366	yeah3	0
366	travel_shoes	28
366	like_what	65
366	awesome	1
366	travel_changed	42
366	mhm	19
366	yeah3	1
366	travel_trips	44
366	wild_laughter3	107
366	wow	74
366	wild_laughter3	0
366	great_situation	1
366	study	17
366	hard_decision	74
366	cool3	0
366	still_doing_X	36
366	okay_confirm	1
366	job_virtually	17
366	really	86
366	aw	1
366	Ellie17Dec2012_04	1
366	shyoutgoing	49
366	okay_confirm	0
366	relax_fishtank	32
366	control_temper	85
366	landed_trouble	3
366	last_argument	108
366	describe_felt	106
366	uh_huh	1
366	family_relationship	45
366	okay_confirm	1
366	feelguilty	66
366	okay_confirm	1
366	easy_sleep	83
366	feel_lately	51
366	depression_diagnosed	2
366	behavior_changes	73
366	yeah_downer	2
366	regret	12
366	advice_back	23
366	memory_erase	41
366	tell_about_that	97
366	Ellie17Dec2012_06	322
366	wow	55
366	uh_huh	1
366	Ellie17Dec2012_07	100
366	cool3	1
366	self_change	48
366	mhm	54
366	mm	13
366	yeah3	0
366	BF_describe	33
366	why2	162
366	yeah2	21
366	wild_laughter3	19
366	thats_good	1
366	Ellie17Dec2012_08	73
366	asked_everything	1
366	appreciate_open	4
366	bye	5
367	IntroV4Confirmation	1
367	how_doingV	18
367	sorry_hear	0
367	where_originally	6
367	really	4
367	why_LA	32
367	adapted_LA	52
367	often_backB	76
367	difficult	83
367	yeah_downer	0
367	shyoutgoing	43
367	okay_confirm	0
367	relax_fishtank	73
367	mhm	0
367	bouts_symptoms	64
367	cool3	0
367	argument_about	75
367	mm	0
367	change_directions	90
367	uh_huh	0
367	difficult	69
367	yeah3	0
367	see_mean	0
367	control_temper	91
367	last_argument	79
367	wild_laughter5	26
367	okay_confirm	0
367	feelguilty	141
367	hmm_downer	0
367	avoid	154
367	yeah_downer	5
367	too_hard	131
367	yeah_downer	0
367	been_hard	72
367	Ellie17Dec2012_03	0
367	symptoms_cope	95
367	mhm	28
367	trigger	75
367	that_sucks	1
367	easy_sleep	157
367	mhm	0
367	sleep_affects	38
367	okay_confirm	0
367	when_diagnosed	116
367	describe_felt	155
367	yeah_downer	0
367	why_seek_help	137
367	downer	0
367	therapy_going	118
367	okay_confirm	4
367	wild_laughter3	0
367	yeah3	1
367	therapy_changes	155
367	right2	1
367	feel_lately	112
367	yeah3	0
367	good_job	1
367	happy_lasttime	199
367	uh_huh	0
367	Ellie17Dec2012_08	90
367	mhm	0
367	sounds_interesting	0
367	hard_decision	113
367	awesome	0
367	ideal_weekendC	37
367	asked_everything	0
367	appreciate_open	0
367	bye	2
368	IntroV4Confirmation	5
368	okay_confirm	0
368	how_doingV	8
368	thats_good	0
368	where_originally	7
368	cool3	1
368	like_about_LA	75
368	uh_huh	0
368	dont_like_LA	100
368	yeah3	0
368	travel_shoes	47
368	mhm	7
368	travel_changed	63
368	yeah3	0
368	study	40
368	still_working_on_X	66
368	yeah_downer	0
368	good_job	0
368	job_virtually	152
368	that_sucks	4
368	shyoutgoing	65
368	yeah3	0
368	see_mean	0
368	relax_fishtank	21
368	nice	98
368	okay_confirm	0
368	control_temper	161
368	mhm	0
368	last_argument	24
368	feelguilty	67
368	give_example	80
368	mhm	0
368	situation_handled	176
368	uh_huh	0
368	family_relationship	58
368	aw	106
368	good_hear	1
368	easy_sleep	109
368	thats_good	0
368	feel_lately	179
368	yeah_downer	0
368	symptoms_cope	173
368	right2	84
368	mhm	0
368	been_hard	98
368	yeah_downer	0
368	ptsd_diagnosed	11
368	depression_diagnosed	2
368	happy_lasttime	200
368	uh_huh	0
368	self_change	212
368	yeah_downer	0
368	see_mean	0
368	regret	92
368	right2	112
368	yeah3	0
368	advice_back	152
368	yeah2	17
368	okay_confirm	0
368	BF_describe	407
368	mm	0
368	Ellie17Dec2012_08	156
368	mhm	0
368	asked_everything	0
368	appreciate_open	24
368	thank_you	0
368	bye	8
368	yes	0
369	IntroV4Confirmation	2
369	okay_confirm	0
369	how_doingV	13
369	great_thanks	2
369	where_originally	22
369	really	7
369	often_backB	15
369	why2	53
369	yeah3	0
369	see_mean	2
369	like_about_LA	46
369	mhm	37
369	yeah2	0
369	dont_like_LA	54
369	wild_laughter3	20
369	thats_good	0
369	study	51
369	dream_job	81
369	mhm	7
369	shyoutgoing	91
369	uh_huh	1
369	relax_fishtank	56
369	thats_great	9
369	control_temper	45
369	mhm	25
369	yeah3	0
369	last_argument	78
369	okay_confirm	0
369	talk_later	7
369	feelguilty	59
369	Ellie17Dec2012_03	1
369	memory_erase	94
369	okay_confirm	2
369	travel_shoes	121
369	yeah3	25
369	nice	0
369	bouts_symptoms	64
369	aw	0
369	great_situation	53
369	uh_huh	1
369	easy_sleep	110
369	sleep_affects	75
369	uh_huh	28
369	okay_confirm	0
369	depression_diagnosed	2
369	ptsd_diagnosed	1
369	feel_lately	47
369	thats_great	30
369	right2	0
369	happy_lasttime	82
369	yeah3	1
369	Ellie17Dec2012_07	95
369	mhm	1
369	self_change	72
369	uh_huh	3
369	regret	63
369	advice_back	68
369	yeah3	0
369	Ellie17Dec2012_08	81
369	difficult	93
369	mhm	2
369	BF_describe	92
369	yeah3	1
369	ideal_weekendC	110
369	good_hear	1
369	asked_everything	1
369	appreciate_open	4
369	bye	1
370	IntroV4Confirmation	1
370	okay_confirm	0
370	how_doingV	10
370	thats_good	0
370	great_thanks	0
370	where_originally	14
370	really	1
370	like_about_LA	90
370	cool3	0
370	dont_like_LA	71
370	uh_huh	0
370	job_virtually	100
370	travel_changed	106
370	yeah3	20
370	travel_trips	110
370	yeah2	163
370	awesome	0
370	relax_fishtank	206
370	uh_huh	0
370	control_temper	84
370	last_argument	102
370	okay_confirm	0
370	feelguilty	177
370	see_mean	0
370	memory_erase	235
370	yeah3	0
370	that_sucks	17
370	okay_confirm	0
370	easy_sleep	127
370	mhm	20
370	yeah3	0
370	feel_lately	62
370	behavior_changes	45
370	okay_confirm	0
370	ptsd_diagnosed	1
370	depression_diagnosed	1
370	regret	129
370	advice_back	210
370	mm	0
370	makes_sense	0
370	feelbadly	100
370	bouts_symptoms	266
370	yeah_downer	0
370	memorableB	162
370	nice	0
370	happy_lasttime	55
370	aw	81
370	good_hear	3
370	BF_describe	44
370	wild_laughter3	56
370	mhm	0
370	Ellie17Dec2012_08	149
370	mhm	0
370	asked_everything	0
370	appreciate_open	8
370	bye	1
371	IntroV4Confirmation	1
371	okay_confirm	0
371	how_doingV	6
371	thats_good	0
371	where_originally	10
371	really	1
371	like_about_LA	21
371	dont_like_LA	5
371	see_mean	0
371	travel_shoes	24
371	travel_trips	33
371	wild_laughter3	0
371	travel_changed	16
371	cool3	0
371	study	11
371	hard_decision	36
371	still_doing_X	5
371	dream_job	17
371	okay_confirm	0
371	shyoutgoing	7
371	why2	10
371	relax_fishtank	6
371	cool3	0
371	control_temper	4
371	last_argument	19
371	tell_about_that	37
371	mhm	0
371	describe_felt	22
371	okay_confirm	0
371	family_relationship	38
371	uh_huh	0
371	feelguilty	16
371	avoid	20
371	mm	0
371	hard_decisionB	19
371	more	41
371	wow	0
371	happy_didthat	1
371	easy_sleep	3
371	why2	24
371	like_what	7
371	uncomfortable_talkV	2
371	sleep_affects	11
371	feel_down	2
371	mhm	2
371	behavior_changes	21
371	im_sorry	0
371	depression_diagnosed	2
371	ptsd_diagnosed	1
371	disturbing_thoughts	3
371	symptoms_cope	4
371	trigger	13
371	okay_confirm	0
371	happy_lasttime	28
371	Ellie17Dec2012_10	21
371	thats_good	0
371	Ellie17Dec2012_07	19
371	memory_erase	15
371	give_example	10
371	difficult	17
371	tell_about_that	26
371	yeah_downer	5
371	landed_trouble	13
371	downer	0
371	BF_describe	7
371	Ellie17Dec2012_08	8
371	okay_confirm	0
371	self_change	18
371	mhm	2
371	regret	14
371	advice_back	11
371	mm	0
371	Ellie17Dec2012_09	10
371	uh_huh	0
371	Ellie17Dec2012_08	9
371	okay_confirm	0
371	do_fun	21
371	thats_great	0
371	influence_positive	3
371	tell_about_that	19
371	been_hard	5
371	how_close	1
371	good_hear	0
371	asked_everything	0
371	appreciate_open	1
371	bye	1
372	IntroV4Confirmation	1
372	okay_confirm	0
372	how_doingV	5
372	thats_good	1
372	where_originally	3
372	really	1
372	like_about_LA	8
372	dont_like_LA	6
372	tell_about_that	32
372	yeah3	0
372	see_mean	0
372	travel_shoes	4
372	okay_confirm	0
372	study	2
372	hard_decision	33
372	mhm	9
372	thats_great	1
372	happy_didthat	2
372	still_doing_X	12
372	job_virtually	4
372	nice	0
372	tell_me_about	43
372	argument_about	30
372	aw	15
372	awesome	1
372	easy_parent	42
372	yeah_downer	1
372	symptoms_cope	4
372	yeah3	20
372	mm	0
372	parent_best	26
372	give_example	56
372	wild_laughter3	20
372	okay_confirm	0
372	parent_hardest	49
372	been_hard	1
372	too_hard	2
372	parent_differences	76
372	yeah2	4
372	uh_huh	1
372	influence_positive	3
372	influence_positive	6
372	yeah3	9
372	okay_confirm	1
372	relax_fishtank	37
372	uh_huh	4
372	control_temper	19
372	last_argument	178
372	that_sucks	2
372	situation_handled	98
372	oh_no	154
372	right2	0
372	makes_sense	1
372	describe_felt	131
372	yeah_downer	0
372	im_sorry	0
372	easy_sleep	85
372	hmm_downer	0
372	trigger	41
372	yeah_downer	82
372	yeah_downer	0
372	feel_lately	54
372	why_seek_help	98
372	understand	0
372	suspect_problem	14
372	symptoms_what	111
372	therapy_going	5
372	therapy_useful	60
372	Ellie17Dec2012_03	18
372	mhm	0
372	like_what	146
372	thats_good	0
372	right2	4
372	happy_lasttime	16
372	ideal_weekendC	54
372	uh_huh	11
372	Ellie17Dec2012_10	4
372	mind	42
372	awesome	0
372	bouts_symptoms	40
372	wow	17
372	mhm	0
372	Ellie17Dec2012_08	2
372	BF_describe	5
372	Ellie17Dec2012_07	33
372	asked_everything	0
372	appreciate_open	1
372	bye	5
372	yes	0
373	IntroV4Confirmation	1
373	okay_confirm	0
373	how_doingV	5
373	thats_good	0
373	where_originally	3
373	really	1
373	when_LA	5
373	wow	0
373	why_LA	43
373	cool3	1
373	often_backB	21
373	thats_good	1
373	compares_LA	63
373	uh_huh	0
373	like_about_LA	85
373	dont_like_LA	126
373	yeah3	0
373	that_sucks	0
373	study	11
373	still_working_on_X	10
373	hard_decision	84
373	thats_great	0
373	travel_shoes	58
373	awesome	1
373	travel_changed	139
373	mhm	0
373	travel_trips	122
373	good_hear	0
373	shyoutgoing	18
373	relax_fishtank	82
373	okay_confirm	1
373	wild_laughter3	4
373	control_temper	72
373	thats_good	0
373	last_argument	105
373	okay_confirm	0
373	situation_handled	179
373	yeah_downer	0
373	hard_decisionB	53
373	right2	104
373	change_directions	89
373	okay_confirm	0
373	easy_sleep	211
373	feel_lately	225
373	uh_huh	0
373	symptoms_cope	157
373	yeah3	0
373	depression_diagnosed	145
373	mhm	0
373	when_diagnosed	95
373	symptoms_what	104
373	therapy_going	138
373	therapy_useful	63
373	okay_confirm	0
373	memory_erase	192
373	yeah_downer	0
373	advice_back	175
373	right2	0
373	Ellie17Dec2012_07	212
373	uh_huh	1
373	happy_lasttime	47
373	aw	130
373	good_hear	0
373	BF_describe	147
373	mhm	0
373	asked_everything	0
373	appreciate_open	2
373	bye	1
374	IntroV4Confirmation	1
374	okay_confirm	0
374	how_doingV	2
374	thats_good	0
374	where_originally	2
374	really	1
374	when_LA	11
374	long_time	3
374	often_backB	10
374	compares_LA	54
374	mhm	0
374	why_LA	8
374	cool3	0
374	adapted_LA	95
374	uh_huh	0
374	study	1
374	hard_decision	84
374	thats_great	0
374	still_doing_X	39
374	dream_job	173
374	understand	0
374	good_job	1
374	travel_shoes	37
374	travel_changed	62
374	travel_trips	218
374	awesome	0
374	relax_fishtank	89
374	okay_confirm	0
374	control_temper	22
374	last_argument	16
374	describe_felt	19
374	that_sucks	1
374	family_relationship	82
374	thats_good	0
374	feelguilty	66
374	isee_downer	0
374	easy_sleep	19
374	why2	83
374	trigger	40
374	sleep_affects	21
374	understand	0
374	behavior_changes	4
374	depression_diagnosed	1
374	when_diagnosed	32
374	why_seek_help	21
374	symptoms_what	50
374	been_hard	1
374	therapy_going	1
374	therapy_useful	13
374	therapy_changes	100
374	okay_confirm	0
374	happy_lasttime	34
374	tell_about_that	99
374	aw	0
374	good_hear	0
374	BF_describe	24
374	okay_confirm	0
374	memory_erase	444
374	oh_no	116
374	yeah_downer	0
374	im_sorry	0
374	Ellie17Dec2012_07	28
374	thats_great	0
374	advice_back	51
374	mm	0
374	Ellie17Dec2012_08	21
374	asked_everything	0
374	appreciate_open	2
374	bye	1
375	IntroV4Confirmation	1
375	okay_confirm	0
375	how_doingV	6
375	thats_good	0
375	where_originally	3
375	really	7
375	from_LA2	14
375	cool3	0
375	like_about_LA	8
375	why2	23
375	see_mean	0
375	travel_shoes	5
375	travel_changed	5
375	travel_trips	28
375	nice	0
375	change_directions	7
375	study	1
375	still_doing_X	4
375	dream_job	17
375	why2	0
375	awesome	0
375	shyoutgoing	1
375	relax_fishtank	15
375	control_temper	1
375	thats_good	0
375	last_argument	20
375	describe_felt	8
375	family_relationship	21
375	give_example	23
375	that_sucks	0
375	feelguilty	6
375	avoid	4
375	memory_erase	24
375	tell_about_that	35
375	landed_trouble	11
375	influence_positive	9
375	mind	2
375	aw	0
375	how_know	19
375	thats_great	6
375	awesome	0
375	easy_sleep	15
375	sleep_affects	9
375	feel_lately	2
375	behavior_changes	1
375	like_what	38
375	difficult	13
375	okay_confirm	0
375	ptsd_diagnosed	1
375	depression_diagnosed	1
375	feel_down	8
375	happy_lasttime	17
375	like_what	10
375	okay_confirm	0
375	Ellie17Dec2012_08	4
375	mhm	0
375	BF_describe	3
375	self_change	9
375	feelbadly	8
375	Ellie17Dec2012_09	13
375	thats_good	0
375	memorableB	7
375	regret	1
375	advice_back	21
375	hard_decisionB	7
375	asked_everything	0
375	appreciate_open	0
375	bye	0
376	IntroV4Confirmation	1
376	Ellie17Dec2012_03	0
376	okay_confirm	0
376	how_doingV	7
376	where_originally	6
376	really	1
376	when_LA	22
376	often_backB	20
376	compares_LA	61
376	uh_huh	2
376	see_mean	1
376	adapted_LA	48
376	thats_good	0
376	like_about_LA	37
376	nice	0
376	travel_shoes	4
376	why2	41
376	okay_confirm	0
376	study	28
376	sorry_hear	3
376	job_virtually	41
376	mhm	1
376	shyoutgoing	57
376	relax_fishtank	31
376	control_temper	25
376	last_argument	51
376	yeah_downer	0
376	landed_trouble	62
376	okay_confirm	0
376	situation_handled	14
376	uncomfortable_talkV	7
376	im_sorry	2
376	hard_decisionB	20
376	okay_confirm	0
376	easy_sleep	35
376	yeah2	49
376	trigger	39
376	been_hard	29
376	uh_huh	0
376	sleep_affects	36
376	wild_laughter3	8
376	feel_lately	72
376	Ellie17Dec2012_03	0
376	Ellie17Dec2012_03	0
376	behavior_changes	44
376	isee_downer	0
376	depression_diagnosed	14
376	when_diagnosed	37
376	why_seek_help	52
376	therapist_useful	119
376	yeah3	1
376	understand	0
376	therapy_changes	77
376	okay_confirm	0
376	happy_lasttime	12
376	easy_parent	16
376	sorry_hear	1
376	Ellie17Dec2012_07	50
376	thats_great	0
376	regret	2
376	regret	81
376	right2	0
376	advice_back	47
376	self_change	62
376	uh_huh	0
376	Ellie17Dec2012_10	74
376	ideal_weekendC	68
376	wild_laughter3	1
376	Ellie17Dec2012_08	20
376	Ellie17Dec2012_09	51
376	asked_everything	1
376	appreciate_open	4
376	bye	1
377	IntroV4Confirmation	3
377	okay_confirm	0
377	okay_confirm	0
377	how_doingV	0
377	how_doingV	3
377	thats_good	0
377	thats_good	0
377	where_originally	0
377	where_originally	27
377	wow	1
377	when_LA	22
377	often_backB	0
377	often_backB	8
377	compares_LA	0
377	compares_LA	27
377	wild_laughter3	0
377	wild_laughter3	0
377	why_LA	0
377	why_LA	102
377	uh_huh	10
377	adapted_LA	0
377	adapted_LA	64
377	yeah3	0
377	yeah3	0
377	see_mean	0
377	travel_shoes	0
377	travel_shoes	37
377	travel_changed	26
377	travel_trips	0
377	travel_trips	66
377	memorableB	0
377	memorableB	110
377	awesome	0
377	awesome	1
377	study	23
377	still_working_on_X	0
377	still_working_on_X	72
377	yeah3	0
377	yeah3	0
377	change_directions	0
377	change_directions	10
377	back_later	0
377	back_later	1
377	job_virtually	35
377	okay_confirm	0
377	okay_confirm	0
377	family_relationship	92
377	thats_good	0
377	thats_good	0
377	describe_felt	0
377	describe_felt	63
377	mhm	0
377	shyoutgoing	2
377	relax_fishtank	0
377	relax_fishtank	115
377	uh_huh	2
377	control_temper	0
377	control_temper	15
377	last_argument	0
377	last_argument	31
377	tell_about_that	155
377	yeah_downer	0
377	situation_handled	247
377	uh_huh	0
377	hard_decisionB	0
377	hard_decisionB	131
377	change_directions	0
377	change_directions	124
377	great_situation	0
377	great_situation	1
377	easy_sleep	98
377	trigger	75
377	difficult	0
377	difficult	47
377	isee_downer	0
377	feel_lately	0
377	feel_lately	65
377	im_sorry	0
377	im_sorry	1
377	depression_diagnosed	6
377	when_diagnosed	0
377	when_diagnosed	18
377	why_seek_help	0
377	why_seek_help	3
377	feel_down	6
377	therapy_going	4
377	stop_going	0
377	stop_going	62
377	therapy_useful	0
377	therapy_useful	37
377	right2	82
377	yeah3	0
377	happy_lasttime	0
377	happy_lasttime	39
377	Ellie17Dec2012_07	29
377	regret	8
377	advice_back	5
377	ideal_weekendC	89
377	okay_confirm	0
377	okay_confirm	0
377	Ellie17Dec2012_08	73
377	thats_great	1
377	asked_everything	0
377	asked_everything	1
377	appreciate_open	0
377	appreciate_open	1
377	bye	0
377	bye	1
378	IntroV4Confirmation	1
378	okay_confirm	0
378	how_doingV	2
378	thats_good	0
378	where_originally	5
378	really	0
378	when_LA	4
378	long_time	1
378	often_backB	9
378	compares_LA	13
378	why_LA	29
378	okay_confirm	0
378	adapted_LA	39
378	mhm	0
378	study	2
378	sounds_interesting	0
378	hard_decision	34
378	still_working_on_X	1
378	why2	61
378	yeah_downer	0
378	good_job	1
378	dream_job	17
378	nice	0
378	difficult	31
378	see_mean	1
378	travel_shoes	10
378	travel_changed	21
378	uh_huh	0
378	travel_trips	12
378	wow	15
378	wild_laughter3	75
378	awesome	0
378	shyoutgoing	2
378	why2	48
378	okay_confirm	0
378	relax_fishtank	41
378	uh_huh	0
378	control_temper	15
378	last_argument	23
378	mm	0
378	okay_confirm	0
378	feelguilty	13
378	situation_handled	8
378	okay_confirm	0
378	mad_makeyou	38
378	that_sucks	1
378	hard_decisionB	86
378	yeah3	0
378	easy_sleep	6
378	thats_good	0
378	feel_lately	46
378	thats_good	0
378	ptsd_diagnosed	1
378	depression_diagnosed	1
378	happy_lasttime	30
378	Ellie17Dec2012_10	50
378	nice	0
378	BF_describe	13
378	regret	27
378	like_what	36
378	okay_confirm	0
378	advice_back	16
378	self_change	31
378	mhm	0
378	memory_erase	9
378	okay_confirm	0
378	ideal_weekendC	43
378	Ellie17Dec2012_08	75
378	thats_great	0
378	family_relationship	85
378	wild_laughter5	0
378	influence_positive	49
378	good_hear	0
378	how_close	26
378	Ellie17Dec2012_09	26
378	uh_huh	0
378	asked_everything	1
378	appreciate_open	1
378	bye	1
379	IntroV4Confirmation	1
379	okay_confirm	0
379	okay_confirm	0
379	how_doingV	0
379	how_doingV	14
379	thats_good	0
379	thats_good	0
379	where_originally	0
379	where_originally	45
379	cool3	0
379	cool3	13
379	like_about_LA	0
379	like_about_LA	53
379	yeah3	0
379	see_mean	2
379	travel_shoes	0
379	travel_shoes	70
379	mhm	0
379	mhm	1
379	travel_changed	52
379	yeah3	0
379	travel_trips	60
379	nice	1
379	memorableB	0
379	memorableB	44
379	mhm	0
379	study	0
379	study	19
379	thats_great	0
379	thats_great	1
379	hard_decision	118
379	yeah2	0
379	yeah2	27
379	uh_huh	1
379	job_virtually	37
379	okay_confirm	0
379	family_relationship	85
379	thats_good	0
379	thats_good	0
379	shyoutgoing	128
379	mhm	1
379	relax_fishtank	0
379	relax_fishtank	77
379	mm	0
379	mm	0
379	control_temper	0
379	control_temper	79
379	last_argument	0
379	last_argument	75
379	uh_huh	1
379	feelguilty	74
379	hard_decisionB	129
379	yeah_downer	0
379	been_hard	25
379	aw	48
379	downer	0
379	downer	0
379	BF_describe	88
379	mhm	2
379	easy_sleep	86
379	okay_confirm	0
379	okay_confirm	0
379	feel_lately	0
379	feel_lately	77
379	great_situation	0
379	great_situation	30
379	right2	0
379	ptsd_diagnosed	0
379	ptsd_diagnosed	4
379	depression_diagnosed	0
379	depression_diagnosed	1
379	feel_down	1
379	happy_lasttime	0
379	happy_lasttime	84
379	describe_felt	0
379	describe_felt	67
379	yeah3	0
379	regret	131
379	yeah3	0
379	yeah3	0
379	advice_back	0
379	advice_back	79
379	memory_erase	36
379	downer	0
379	downer	0
379	ideal_weekendC	64
379	self_change	75
379	mhm	0
379	feelbadly	90
379	okay_confirm	0
379	Ellie17Dec2012_07	47
379	thats_good	0
379	thats_good	0
379	Ellie17Dec2012_10	0
379	Ellie17Dec2012_10	96
379	awesome	0
379	awesome	5
379	argument_about	0
379	argument_about	40
379	Ellie17Dec2012_08	53
379	asked_everything	0
379	appreciate_open	2
379	bye	0
380	IntroV4Confirmation	1
380	okay_confirm	0
380	how_doingV	6
380	thats_good	1
380	where_originally	3
380	really	6
380	when_LA	5
380	wow	0
380	compares_LA	51
380	adapted_LA	32
380	okay_confirm	0
380	where_live	5
380	roommates	5
380	living_situation	56
380	oh_no	0
380	thats_good	0
380	travel_shoes	50
380	travel_changed	99
380	Ellie17Dec2012_02	1
380	see_mean	0
380	travel_trips	11
380	wild_laughter3	157
380	yeah2	0
380	memorableB	29
380	yes	5
380	back_later	6
380	study	1
380	hard_decision	243
380	hmm1	49
380	uh_huh	26
380	wild_laughter5	45
380	still_working_on_X	3
380	job_virtually	83
380	mm	12
380	okay_confirm	0
380	family_relationship	140
380	mhm	0
380	shyoutgoing	51
380	why2	54
380	okay_confirm	0
380	relax_fishtank	97
380	yeah3	0
380	control_temper	2
380	last_argument	54
380	uh_huh	54
380	yes	1
380	bouts_symptoms	15
380	uh_huh	87
380	why2	0
380	yes	215
380	mm	88
380	yeah2	70
380	right2	119
380	hmmB	128
380	yeah3	145
380	understand	5
380	memory_erase	75
380	hmmB	1
380	hard_decisionB	19
380	yeah3	89
380	mhm	164
380	isee_downer	0
380	difficult	10
380	yes	127
380	yeah_downer	0
380	that_sucks	1
380	easy_sleep	112
380	mm	0
380	sleep_affects	88
380	okay_confirm	2
380	behavior_changes	6
380	mind	140
380	Ellie17Dec2012_03	0
380	ptsd_diagnosed	3
380	depression_diagnosed	1
380	happy_lasttime	203
380	wow	26
380	uh_huh	7
380	makes_sense	0
380	Ellie17Dec2012_07	37
380	okay_confirm	0
380	self_change	54
380	um	0
380	feelbadly	170
380	been_hard	1
380	advice_back	112
380	mhm	79
380	asked_everything	2
380	appreciate_open	1
380	bye	2
381	IntroV4Confirmation	1
381	okay_confirm	0
381	how_doingV	1
381	thats_good	0
381	where_originally	3
381	really	0
381	like_about_LA	4
381	dont_like_LA	4
381	see_mean	0
381	travel_shoes	5
381	why2	12
381	okay_confirm	0
381	study	6
381	sounds_interesting	0
381	hard_decision	24
381	still_doing_X	3
381	job_virtually	14
381	difficult	8
381	why2	9
381	understand	0
381	shyoutgoing	3
381	relax_fishtank	3
381	what_do_when_annoyed	35
381	okay_confirm	0
381	control_temper	15
381	thats_good	0
381	last_argument	34
381	hmmB	0
381	memory_erase	52
381	yeah_downer	0
381	describe_felt	81
381	yeah_downer	0
381	been_hard	5
381	situation_handled	84
381	tell_about_that	115
381	mm	0
381	feelguilty	103
381	bouts_symptoms	44
381	mhm	0
381	family_relationship	97
381	yeah_downer	0
381	easy_sleep	21
381	behavior_changes	44
381	feel_lately	39
381	yeah_downer	0
381	depression_diagnosed	1
381	when_diagnosed	18
381	why_seek_help	41
381	therapy_going	11
381	stop_going	22
381	therapist_affect	26
381	disturbing_thoughts	6
381	happy_lasttime	39
381	thats_great	0
381	ideal_weekendC	39
381	travel_changed	71
381	awesome	0
381	travel_trips	98
381	wow	7
381	memorableB	16
381	mind	91
381	yeah_downer	0
381	self_change	59
381	BF_describe	77
381	advice_back	12
381	regret	7
381	right2	0
381	Ellie17Dec2012_08	65
381	okay_confirm	0
381	Ellie17Dec2012_10	41
381	cool3	0
381	asked_everything	0
381	appreciate_open	2
381	bye	0
382	IntroV4Confirmation	1
382	okay_confirm	0
382	how_doingV	3
382	thats_good	0
382	where_originally	5
382	really	1
382	when_LA	4
382	long_time	1
382	often_backB	7
382	thats_good	0
382	compares_LA	5
382	why_LA	17
382	still_doing_X	1
382	difficult	7
382	change_directions	22
382	cool3	0
382	adapted_LA	18
382	like_about_LA	21
382	yeah3	0
382	dont_like_LA	11
382	see_mean	0
382	travel_shoes	16
382	shyoutgoing	20
382	okay_confirm	0
382	relax_fishtank	18
382	uh_huh	0
382	control_temper	3
382	last_argument	28
382	tell_about_that	17
382	oh	38
382	yeah3	9
382	right2	0
382	makes_sense	0
382	family_relationship	41
382	okay_confirm	0
382	situation_handled	4
382	yes	45
382	okay_confirm	0
382	hard_decisionB	52
382	happy_didthat	1
382	okay_confirm	0
382	feelguilty	12
382	avoid	21
382	influence_positive	23
382	uh_huh	0
382	memory_erase	38
382	okay_confirm	0
382	easy_sleep	3
382	thats_good	0
382	sleep_affects	21
382	okay_confirm	0
382	behavior_changes	13
382	feel_lately	5
382	thats_good	0
382	ptsd_diagnosed	5
382	depression_diagnosed	4
382	happy_lasttime	54
382	thats_great	1
382	elaborate	54
382	right2	5
382	yeah3	0
382	Ellie17Dec2012_07	12
382	advice_back	69
382	mm	0
382	self_change	23
382	difficult	30
382	feelbadly	98
382	mhm	0
382	makes_sense	0
382	BF_describe	11
382	okay_confirm	0
382	ideal_weekendC	41
382	bouts_symptoms	24
382	nice	0
382	Ellie17Dec2012_08	54
382	good_hear	0
382	mad_makeyou	32
382	thats_good	0
382	Ellie17Dec2012_10	18
382	argument_about	4
382	Ellie17Dec2012_02	0
382	asked_everything	4
382	appreciate_open	1
382	bye	1
383	IntroV4Confirmation	19
383	okay_confirm	0
383	thats_good	0
383	how_doingV	37
383	really	0
383	why2	33
383	Ellie17Dec2012_02	1
383	see_mean	0
383	where_originally	27
383	cool3	0
383	like_about_LA	79
383	mhm	0
383	dont_like_LA	69
383	mm	1
383	travel_shoes	32
383	travel_changed	97
383	thats_great	1
383	travel_trips	4
383	mhm	104
383	hmm1	1
383	difficult	23
383	change_directions	41
383	okay_confirm	0
383	study	33
383	wow	31
383	sounds_interesting	52
383	yeah_downer	2
383	that_sucks	7
383	dream_job	63
383	thats_good	0
383	shyoutgoing	16
383	relax_fishtank	35
383	uh_huh	0
383	control_temper	12
383	last_argument	90
383	okay_confirm	0
383	feelguilty	23
383	talk_later	1
383	memory_erase	43
383	mm	0
383	situation_handled	122
383	hard_decisionB	36
383	yeah_downer	0
383	change_directions	42
383	right2	71
383	mhm	34
383	right2	40
383	okay_confirm	0
383	easy_sleep	76
383	symptoms_cope	85
383	okay_confirm	0
383	behavior_changes	13
383	feel_lately	51
383	mhm	0
383	ptsd_diagnosed	4
383	depression_diagnosed	12
383	tell_about_that	103
383	okay_confirm	0
383	happy_lasttime	44
383	thats_great	3
383	BF_describe	37
383	okay_confirm	0
383	advice_back	54
383	okay_confirm	0
383	Ellie17Dec2012_07	68
383	uh_huh	0
383	Ellie17Dec2012_08	56
383	yes	0
383	thank_you	3
383	family_relationship	56
383	cool3	48
383	thats_good	1
383	asked_everything	0
383	appreciate_open	8
383	bye	8
383	mhm	14
383	yes	6
383	wild_laughter3	17
383	wild_laughter5	0
383	yes	0
384	IntroV4Confirmation	1
384	okay_confirm	0
384	how_doingV	3
384	thats_good	0
384	where_originally	1
384	really	1
384	when_LA	8
384	often_backB	1
384	why2	7
384	see_mean	0
384	compares_LA	9
384	why_LA	2
384	adapted_LA	3
384	like_about_LA	11
384	mhm	0
384	dont_like_LA	4
384	travel_shoes	1
384	travel_changed	8
384	travel_trips	14
384	nice	0
384	tell_about_that	17
384	memorableB	10
384	describe_felt	1
384	okay_confirm	0
384	study	1
384	job_virtually	4
384	sounds_interesting	0
384	hard_decision	8
384	difficult	3
384	shyoutgoing	1
384	why2	5
384	tell_about_that	13
384	been_hard	1
384	relax_fishtank	8
384	cool3	0
384	control_temper	6
384	thats_good	0
384	last_argument	14
384	tell_about_that	14
384	trigger	11
384	symptoms_cope	7
384	bouts_symptoms	6
384	describe_felt	9
384	okay_confirm	0
384	feelguilty	3
384	avoid	19
384	memory_erase	12
384	why2	15
384	see_mean	0
384	hard_decisionB	26
384	uh_huh	0
384	situation_handled	16
384	give_example	27
384	like_what	10
384	okay_confirm	0
384	family_relationship	44
384	tell_about_that	14
384	influence_positive	2
384	love_hear	18
384	okay_confirm	0
384	easy_sleep	29
384	tell_me_about	37
384	sleep_affects	11
384	feel_lately	19
384	tell_about_that	27
384	yeah_downer	0
384	behavior_changes	57
384	Ellie17Dec2012_03	0
384	ptsd_diagnosed	1
384	when_diagnosed	6
384	why_seek_help	1
384	therapy_going	11
384	therapist_affect	50
384	like_what	18
384	mhm	0
384	depression_diagnosed	1
384	symptoms_what	16
384	happy_lasttime	8
384	Ellie17Dec2012_02	0
384	tell_about_that	69
384	awesome	0
384	ideal_weekendC	122
384	uh_huh	0
384	regret	2
384	tell_about_that	19
384	advice_back	47
384	Ellie17Dec2012_08	3
384	self_change	43
384	Ellie17Dec2012_07	73
384	asked_everything	0
384	appreciate_open	2
384	bye	4
385	IntroV4Confirmation	1
385	okay_confirm	0
385	how_doingV	4
385	great_thanks	0
385	where_originally	2
385	really	0
385	like_about_LA	3
385	dont_like_LA	1
385	travel_shoes	1
385	why2	4
385	see_mean	0
385	study	1
385	hard_decision	6
385	still_working_on_X	1
385	tell_about_that	5
385	dream_job	5
385	wild_laughter3	0
385	family_relationship	4
385	thats_good	0
385	family_roleB	2
385	okay_confirm	0
385	shyoutgoing	2
385	relax_fishtank	1
385	control_temper	3
385	last_argument	2
385	hmmB	0
385	feelguilty	3
385	memory_erase	7
385	mad_makeyou	3
385	give_example	8
385	like_what	3
385	okay_confirm	0
385	hard_decisionB	7
385	situation_handled	4
385	mm	0
385	influence_positive	2
385	ptsd_diagnosed	1
385	depression_diagnosed	1
385	easy_sleep	2
385	sleep_affects	4
385	trigger	5
385	behavior_changes	1
385	feel_lately	3
385	happy_lasttime	4
385	Ellie17Dec2012_10	7
385	really	0
385	why2	6
385	cool3	0
385	ideal_weekendC	5
385	okay_confirm	0
385	self_change	3
385	like_what	1
385	feelbadly	4
385	BF_describe	6
385	um	0
385	Ellie17Dec2012_07	6
385	Ellie17Dec2012_02	0
385	Ellie17Dec2012_08	2
385	mind	2
385	regret	1
385	advice_back	3
385	memorableB	3
385	hmm_downer	0
385	do_fun	5
385	like_what	1
385	bouts_symptoms	3
385	awesome	0
385	asked_everything	0
385	appreciate_open	0
385	bye	1
386	IntroV4Confirmation	1
386	okay_confirm	0
386	how_doingV	19
386	uh_oh	0
386	where_originally	5
386	really	27
386	when_LA	1
386	yeah3	0
386	when_LA	7
386	often_backB	15
386	why2	34
386	yeah3	2
386	compares_LA	66
386	see_mean	1
386	why_LA	30
386	adapted_LA	4
386	thats_good	2
386	study	47
386	change_directions	8
386	okay_confirm	1
386	still_working_on_X	25
386	happy_didthat	19
386	dream_job	16
386	wild_laughter3	33
386	yeah_downer	1
386	shyoutgoing	44
386	relax_fishtank	36
386	control_temper	52
386	mhm	0
386	thats_good	0
386	last_argument	23
386	okay_confirm	0
386	feelguilty	15
386	situation_handled	8
386	hmmB	0
386	hard_decisionB	85
386	makes_sense	2
386	memory_erase	69
386	yeah_downer	17
386	trade_offs	23
386	mhm	1
386	family_relationship	72
386	thats_good	6
386	todays_kids	65
386	easy_sleep	95
386	oh_no	116
386	that_sucks	64
386	sleep_affects	78
386	uh_huh	1
386	feel_lately	55
386	right2	55
386	okay_confirm	0
386	ptsd_diagnosed	3
386	depression_diagnosed	1
386	happy_lasttime	41
386	Ellie17Dec2012_10	25
386	okay_confirm	0
386	regret	5
386	advice_back	66
386	uh_huh	11
386	okay_confirm	2
386	BF_describe	39
386	thats_good	1
386	self_change	76
386	yeah_downer	32
386	understand	1
386	BF_describe	9
386	yes	9
386	Ellie17Dec2012_07	75
386	mhm	0
386	Ellie17Dec2012_08	19
386	do_fun	47
386	travel_changed	35
386	yeah3	1
386	travel_trips	102
386	mm	49
386	wow	1
386	great_situation	71
386	right2	1
386	asked_everything	0
386	appreciate_open	3
386	bye	1
387	IntroV4Confirmation	3
387	okay_confirm	0
387	how_doingV	1
387	thats_good	0
387	where_originally	1
387	when_LA	4
387	long_time	0
387	often_backB	3
387	compares_LA	2
387	tell_about_that	6
387	why_LA	2
387	still_doing_X	1
387	hard_decision	13
387	dream_job	11
387	cool3	0
387	travel_shoes	1
387	travel_changed	6
387	travel_trips	8
387	okay_confirm	0
387	shyoutgoing	17
387	relax_fishtank	11
387	control_temper	2
387	thats_good	0
387	last_argument	18
387	that_sucks	3
387	family_relationship	5
387	thats_good	1
387	feelguilty	10
387	hmmB	0
387	memory_erase	13
387	okay_confirm	0
387	mad_makeyou	10
387	uh_huh	0
387	situation_handled	15
387	okay_confirm	0
387	hard_decisionB	35
387	change_directions	3
387	talk_later	1
387	easy_sleep	3
387	sleep_affects	11
387	okay_confirm	0
387	feel_lately	10
387	behavior_changes	4
387	mhm	0
387	ptsd_diagnosed	1
387	depression_diagnosed	1
387	happy_lasttime	35
387	tell_about_that	56
387	aw	0
387	thats_great	2
387	ideal_weekendC	47
387	nice	2
387	regret	1
387	advice_back	22
387	self_change	12
387	mhm	3
387	feelbadly	29
387	mm	0
387	BF_describe	14
387	influence_positive	3
387	tell_about_that	46
387	uh_huh	0
387	Ellie17Dec2012_08	19
387	awesome	2
387	asked_everything	0
387	appreciate_open	2
387	bye	1
388	IntroV4Confirmation	1
388	okay_confirm	0
388	how_doingV	2
388	thats_good	0
388	where_originally	4
388	really	1
388	when_LA	5
388	often_backB	6
388	compares_LA	6
388	why_LA	3
388	adapted_LA	8
388	mm	0
388	like_about_LA	2
388	cool3	0
388	dont_like_LA	12
388	good_job	1
388	study	8
388	dream_job	8
388	okay_confirm	0
388	travel_shoes	3
388	okay_confirm	0
388	shyoutgoing	7
388	why2	25
388	yeah_downer	0
388	relax_fishtank	3
388	control_temper	4
388	last_argument	5
388	give_example	17
388	uh_huh	0
388	situation_handled	8
388	talk_later	0
388	memory_erase	22
388	okay_confirm	0
388	feelguilty	20
388	been_hard	1
388	too_hard	7
388	hard_decisionB	6
388	really	0
388	bouts_symptoms	4
388	tell_about_that	7
388	like_what	29
388	see_mean	0
388	easy_sleep	2
388	sleep_affects	1
388	uh_huh	1
388	okay_confirm	0
388	feel_lately	12
388	sorry_hear	0
388	behavior_changes	20
388	hmm_downer	0
388	ptsd_diagnosed	1
388	depression_diagnosed	1
388	happy_lasttime	6
388	bouts_symptoms	2
388	aw	0
388	more	25
388	thats_good	1
388	ideal_weekendC	7
388	self_change	17
388	yeah_downer	0
388	advice_back	12
388	BF_describe	10
388	Ellie17Dec2012_07	15
388	okay_confirm	0
388	mad_makeyou	12
388	give_example	20
388	uh_huh	10
388	right2	11
388	mm	0
388	influence_positive	3
388	tell_about_that	8
388	okay_confirm	0
388	Ellie17Dec2012_08	5
388	asked_everything	0
388	appreciate_open	0
388	bye	1
389	IntroV4Confirmation	1
389	okay_confirm	0
389	how_doingV	1
389	thats_good	0
389	where_originally	7
389	really	0
389	when_LA	3
389	often_backB	4
389	compares_LA	1
389	why_LA	8
389	still_doing_X	3
389	adapted_LA	2
389	why2	2
389	tell_about_that	2
389	okay_confirm	0
389	like_about_LA	1
389	mhm	0
389	dont_like_LA	11
389	see_mean	0
389	study	1
389	awesome	0
389	hard_decision	11
389	dream_job	6
389	difficult	2
389	shyoutgoing	1
389	why2	4
389	relax_fishtank	2
389	okay_confirm	0
389	what_do_when_annoyed	3
389	control_temper	3
389	last_argument	30
389	oh_no	0
389	landed_trouble	21
389	okay_confirm	0
389	feelguilty	3
389	hmmB	0
389	situation_handled	23
389	like_what	67
389	uh_huh	2
389	memory_erase	8
389	tell_about_that	38
389	been_hard	5
389	hard_decisionB	12
389	change_directions	3
389	okay_confirm	0
389	family_relationship	2
389	family_roleB	5
389	thats_good	0
389	travel_shoes	11
389	travel_changed	6
389	travel_trips	12
389	cool3	0
389	memorableB	10
389	describe_felt	4
389	thats_great	0
389	easy_sleep	4
389	why2	4
389	trigger	8
389	tell_me_about	27
389	symptoms_cope	5
389	Ellie17Dec2012_03	0
389	sleep_affects	14
389	downer	0
389	ptsd_diagnosed	2
389	depression_diagnosed	3
389	when_diagnosed	6
389	why_seek_help	3
389	tell_about_that	5
389	suspect_problem	4
389	symptoms_what	8
389	therapy_going	10
389	stop_going	9
389	therapy_changes	9
389	feel_lately	1
389	happy_lasttime	14
389	cool3	0
389	change_directions	12
389	BF_describe	1
389	uh_huh	1
389	regret	11
389	advice_back	17
389	mm	1
389	self_change	35
389	okay_confirm	0
389	ideal_weekendC	2
389	Ellie17Dec2012_08	3
389	asked_everything	0
389	appreciate_open	2
389	bye	0
390	IntroV4Confirmation	1
390	okay_confirm	0
390	how_doingV	20
390	thats_good	0
390	where_originally	3
390	really	1
390	when_LA	5
390	long_time	3
390	often_backB	18
390	compares_LA	38
390	mhm	0
390	thats_good	0
390	why_LA	5
390	still_doing_X	28
390	change_directions	31
390	yeah3	0
390	see_mean	0
390	study	16
390	dream_job	14
390	okay_confirm	0
390	shyoutgoing	6
390	relax_fishtank	57
390	nice	2
390	like_what	27
390	okay_confirm	0
390	control_temper	18
390	mhm	0
390	last_argument	17
390	difficult	37
390	yeah_downer	0
390	situation_handled	36
390	why2	20
390	understand	0
390	hard_decisionB	12
390	okay_confirm	0
390	family_relationship	14
390	wow	71
390	thats_great	1
390	easy_parent	29
390	mm	0
390	parent_differences	67
390	yeah3	0
390	parent_hardest	37
390	mhm	38
390	Ellie17Dec2012_03	0
390	influence_positive	57
390	like_what	42
390	okay_confirm	0
390	memory_erase	12
390	tell_me_about	10
390	sorry_hear	3
390	easy_sleep	37
390	why2	13
390	okay_confirm	0
390	sleep_affects	75
390	okay_confirm	0
390	feel_lately	3
390	tell_about_that	21
390	been_hard	35
390	yeah_downer	0
390	ptsd_diagnosed	1
390	depression_diagnosed	53
390	when_diagnosed	6
390	why_seek_help	45
390	Ellie17Dec2012_03	0
390	suspect_problem	4
390	symptoms_what	38
390	mhm	0
390	therapy_going	1
390	therapy_useful	2
390	therapy_useful	5
390	therapy_changes	25
390	yeah3	0
390	happy_lasttime	52
390	Ellie17Dec2012_10	29
390	aw	0
390	good_hear	1
390	regret	10
390	advice_back	62
390	downer	0
390	ideal_weekendC	21
390	Ellie17Dec2012_08	48
390	thats_good	0
390	asked_everything	0
390	appreciate_open	3
390	bye	1
391	IntroV4Confirmation	1
391	okay_confirm	0
391	how_doingV	3
391	why2	8
391	sorry_hear	0
391	where_originally	1
391	really	1
391	when_LA	5
391	often_backB	5
391	thats_good	0
391	compares_LA	3
391	adapted_LA	3
391	tell_about_that	22
391	yeah3	0
391	like_about_LA	7
391	mhm	0
391	dont_like_LA	14
391	see_mean	0
391	travel_shoes	7
391	travel_changed	12
391	travel_trips	62
391	awesome	0
391	memorableB	29
391	thats_great	0
391	study	12
391	dream_job	18
391	really	1
391	why2	20
391	wild_laughter3	0
391	shyoutgoing	1
391	relax_fishtank	8
391	like_what	13
391	nice	0
391	control_temper	2
391	last_argument	66
391	that_sucks	0
391	situation_handled	22
391	okay_confirm	0
391	tell_about_that	17
391	okay_confirm	0
391	hard_decisionB	4
391	tell_me_about	15
391	yeah_downer	0
391	im_sorry	0
391	uncomfortable_talkV	1
391	downer	0
391	easy_sleep	12
391	sleep_affects	6
391	uh_huh	0
391	feel_lately	2
391	why2	7
391	isee_downer	0
391	behavior_changes	6
391	depression_diagnosed	1
391	happy_lasttime	15
391	tell_about_that	13
391	Ellie17Dec2012_10	18
391	ideal_weekendC	15
391	regret	2
391	advice_back	13
391	avoid	3
391	okay_confirm	0
391	self_change	4
391	BF_describe	5
391	very_young	3
391	Ellie17Dec2012_08	12
391	family_relationship	4
391	influence_positive	18
391	like_what	7
391	Ellie17Dec2012_07	14
391	do_fun	14
391	thats_good	0
391	asked_everything	0
391	appreciate_open	0
391	bye	1
391	yes	0
392	IntroV4Confirmation	1
392	okay_confirm	0
392	how_doingV	3
392	thats_good	0
392	where_originally	2
392	like_about_LA	8
392	dont_like_LA	9
392	see_mean	0
392	study	1
392	really	0
392	hard_decision	18
392	still_working_on_X	1
392	dream_job	4
392	tell_about_that	25
392	like_what	10
392	mhm	0
392	todays_kids	16
392	yeah3	0
392	travel_shoes	4
392	okay_confirm	0
392	shyoutgoing	32
392	uh_huh	0
392	relax_fishtank	26
392	control_temper	29
392	thats_good	0
392	last_argument	19
392	wow	0
392	feelguilty	21
392	okay_confirm	0
392	family_relationship	14
392	why2	20
392	understand	0
392	situation_handled	9
392	okay_confirm	0
392	memory_erase	12
392	im_sorry	1
392	uncomfortable_talkV	2
392	downer	0
392	hard_decisionB	20
392	change_directions	24
392	difficult	17
392	okay_confirm	0
392	influence_positive	11
392	tell_about_that	18
392	good_hear	0
392	easy_sleep	22
392	sleep_affects	10
392	okay_confirm	0
392	feel_lately	5
392	mhm	5
392	behavior_changes	7
392	ptsd_diagnosed	1
392	depression_diagnosed	1
392	happy_lasttime	26
392	thats_great	0
392	BF_describe	13
392	mhm	0
392	ideal_weekendC	24
392	mm	0
392	regret	23
392	advice_back	23
392	self_change	26
392	give_example	24
392	okay_confirm	0
392	feelbadly	24
392	oh_no	6
392	that_sucks	0
392	Ellie17Dec2012_07	9
392	mhm	0
392	Ellie17Dec2012_08	36
392	good_hear	0
392	Ellie17Dec2012_09	21
392	asked_everything	0
392	appreciate_open	1
392	bye	1
393	IntroV4Confirmation	1
393	okay_confirm	0
393	how_doingV	2
393	thats_good	0
393	where_originally	6
393	really	0
393	like_about_LA	16
393	mhm	0
393	dont_like_LA	16
393	yeah3	0
393	see_mean	0
393	study	3
393	cool3	0
393	hard_decision	24
393	still_working_on_X	4
393	dream_job	10
393	difficult	18
393	shyoutgoing	17
393	give_example	58
393	relax_fishtank	9
393	uh_huh	4
393	control_temper	13
393	thats_good	0
393	last_argument	49
393	like_what	39
393	uh_oh	0
393	situation_handled	30
393	okay_confirm	0
393	family_relationship	31
393	thats_great	0
393	family_roleB	8
393	influence_positive	21
393	tell_about_that	7
393	okay_confirm	0
393	memory_erase	16
393	hmmB	7
393	hard_decisionB	46
393	tell_me_about	31
393	why2	10
393	okay_confirm	0
393	easy_sleep	19
393	thats_good	0
393	sleep_affects	6
393	uh_huh	3
393	feel_lately	9
393	behavior_changes	1
393	ptsd_diagnosed	4
393	depression_diagnosed	4
393	happy_lasttime	34
393	awesome	0
393	BF_describe	17
393	regret	1
393	advice_back	19
393	self_change	23
393	feelbadly	8
393	Ellie17Dec2012_02	0
393	tell_me_moreV2	13
393	im_sorry	0
393	Ellie17Dec2012_07	12
393	okay_confirm	0
393	Ellie17Dec2012_10	41
393	nice	0
393	asked_everything	0
393	appreciate_open	0
393	bye	0
395	IntroV4Confirmation	1
395	okay_confirm	0
395	how_doingV	3
395	thats_good	0
395	where_originally	5
395	really	1
395	like_about_LA	20
395	mhm	15
395	dont_like_LA	19
395	okay_confirm	0
395	study	4
395	sounds_interesting	1
395	hard_decision	48
395	difficult	13
395	still_working_on_X	3
395	dream_job	24
395	like_what	25
395	awesome	1
395	travel_shoes	13
395	travel_changed	13
395	travel_trips	34
395	memorableB	48
395	great_situation	3
395	shyoutgoing	22
395	uh_huh	0
395	study	4
395	relax_fishtank	33
395	okay_confirm	0
395	control_temper	4
395	thats_good	0
395	last_argument	12
395	feelguilty	19
395	tell_about_that	16
395	im_sorry	0
395	been_hard	18
395	Ellie17Dec2012_04	0
395	Ellie17Dec2012_04	0
395	give_example	36
395	mhm	0
395	memory_erase	4
395	ptsd_diagnosed	1
395	depression_diagnosed	1
395	disturbing_thoughts	1
395	trigger	6
395	feel_lately	16
395	easy_sleep	20
395	thats_good	1
395	sleep_affects	10
395	situation_handled	18
395	okay_confirm	0
395	hard_decisionB	21
395	tell_about_that	49
395	yeah_downer	0
395	happy_lasttime	28
395	describe_felt	26
395	thats_great	0
395	self_change	17
395	Ellie17Dec2012_07	62
395	mm	0
395	family_relationship	97
395	yeah_downer	11
395	influence_positive	25
395	aw	0
395	advice_back	30
395	okay_confirm	0
395	regret	26
395	Ellie17Dec2012_10	40
395	kids_elaborate	8
395	easy_parent	77
395	thats_good	1
395	parent_differences	65
395	Ellie17Dec2012_08	65
395	mhm	0
395	asked_everything	0
395	appreciate_open	2
395	bye	1
396	IntroV4Confirmation	1
396	okay_confirm	0
396	how_doingV	1
396	thats_good	0
396	where_originally	1
396	really	0
396	when_LA	14
396	often_backB	5
396	compares_LA	14
396	why_LA	29
396	mm	0
396	adapted_LA	19
396	mhm	0
396	like_about_LA	31
396	dont_like_LA	26
396	yeah_downer	0
396	travel_shoes	21
396	understand	0
396	travel_changed	36
396	cool3	0
396	travel_trips	57
396	nice	0
396	memorableB	39
396	great_situation	0
396	shyoutgoing	5
396	study	3
396	sounds_interesting	0
396	hard_decision	33
396	happy_didthat	27
396	mm	0
396	still_working_on_X	15
396	wow	0
396	change_directions	35
396	thats_good	0
396	dream_job	12
396	okay_confirm	0
396	control_temper	3
396	last_argument	16
396	situation_handled	28
396	give_example	22
396	yeah_downer	0
396	hard_decisionB	42
396	uh_huh	0
396	feelguilty	53
396	difficult	18
396	family_relationship	27
396	family_roleB	3
396	thats_good	0
396	memory_erase	14
396	easy_sleep	21
396	sleep_affects	22
396	uh_huh	0
396	feel_lately	39
396	im_sorry	0
396	behavior_changes	19
396	ptsd_diagnosed	1
396	depression_diagnosed	1
396	happy_lasttime	39
396	mhm	0
396	BF_describe	15
396	wild_laughter3	0
396	regret	1
396	advice_back	40
396	tell_about_that	22
396	yeah_downer	0
396	self_change	30
396	tell_me_moreV2	34
396	like_what	38
396	that_sucks	0
396	ideal_weekendC	48
396	Ellie17Dec2012_08	55
396	thats_good	0
396	influence_positive	14
396	asked_everything	0
396	appreciate_open	0
396	bye	2
397	IntroV4Confirmation	1
397	okay_confirm	0
397	how_doingV	7
397	thats_good	1
397	where_originally	7
397	like_about_LA	6
397	dont_like_LA	11
397	yeah3	0
397	see_mean	0
397	travel_shoes	10
397	travel_changed	24
397	travel_trips	47
397	thats_great	0
397	memorableB	29
397	mhm	0
397	study	9
397	hard_decision	13
397	still_working_on_X	2
397	dream_job	23
397	awesome	32
397	hmm_downer	9
397	shyoutgoing	14
397	relax_fishtank	4
397	cool3	0
397	like_what	8
397	mm	0
397	control_temper	20
397	last_argument	24
397	tell_about_that	48
397	describe_felt	3
397	yeah_downer	0
397	kids_elaborate	32
397	aw	0
397	easy_parent	50
397	parent_hardest	25
397	parent_best	2
397	parent_differences	55
397	family_relationship	56
397	okay_confirm	0
397	influence_positive	6
397	tell_about_that	58
397	good_hear	10
397	feelguilty	24
397	avoid	20
397	yeah_downer	21
397	situation_handled	92
397	hmm_downer	26
397	difficult	4
397	yeah_downer	9
397	okay_confirm	0
397	hard_decisionB	16
397	change_directions	55
397	downer	0
397	memory_erase	22
397	tell_about_that	23
397	isee_downer	0
397	easy_sleep	41
397	sleep_affects	9
397	feel_lately	58
397	im_sorry	28
397	yeah_downer	9
397	Ellie17Dec2012_06	0
397	behavior_changes	13
397	ptsd_diagnosed	2
397	depression_diagnosed	1
397	happy_lasttime	26
397	happy_lasttime	43
397	thats_great	0
397	regret	7
397	give_example	39
397	like_what	20
397	uh_huh	36
397	mm	0
397	advice_back	14
397	self_change	33
397	landed_trouble	6
397	feelbadly	53
397	mhm	31
397	yeah_downer	0
397	Ellie17Dec2012_07	69
397	okay_confirm	0
397	Ellie17Dec2012_10	45
397	thats_great	9
397	todays_kids	49
397	yeah3	27
397	Ellie17Dec2012_08	21
397	asked_everything	0
397	appreciate_open	6
397	bye	1
399	IntroV4Confirmation	1
399	okay_confirm	0
399	how_doingV	3
399	thats_good	0
399	where_originally	7
399	really	1
399	like_about_LA	10
399	dont_like_LA	2
399	yeah3	0
399	see_mean	0
399	study	9
399	cool3	0
399	hard_decision	38
399	thats_great	0
399	shyoutgoing	24
399	relax_fishtank	19
399	mhm	0
399	control_temper	24
399	last_argument	12
399	okay_confirm	0
399	feelguilty	9
399	tell_about_that	21
399	mm	0
399	situation_handled	51
399	yeah_downer	0
399	hard_decisionB	15
399	okay_confirm	0
399	memory_erase	13
399	tell_me_about	65
399	yeah_downer	0
399	been_hard	0
399	family_relationship	104
399	downer	0
399	todays_kids	77
399	yeah3	0
399	easy_sleep	18
399	sleep_affects	51
399	okay_confirm	0
399	feel_lately	41
399	why2	24
399	mhm	0
399	ptsd_diagnosed	1
399	depression_diagnosed	1
399	happy_lasttime	11
399	more	54
399	good_hear	0
399	BF_describe	15
399	why2	19
399	like_what	18
399	cool3	0
399	regret	10
399	advice_back	9
399	uh_huh	0
399	ideal_weekendC	19
399	self_change	25
399	feelbadly	60
399	yeah_downer	0
399	influence_positive	3
399	tell_about_that	81
399	yeah3	0
399	travel_shoes	25
399	travel_changed	40
399	bouts_symptoms	36
399	nice	0
399	describe_felt	34
399	Ellie17Dec2012_08	34
399	asked_everything	0
399	appreciate_open	0
399	bye	0
400	IntroV4Confirmation	1
400	okay_confirm	0
400	how_doingV	2
400	thats_good	0
400	where_originally	4
400	like_about_LA	16
400	mhm	0
400	dont_like_LA	14
400	see_mean	0
400	study	22
400	cool3	0
400	hard_decision	17
400	still_working_on_X	2
400	dream_job	10
400	change_directions	22
400	thats_great	0
400	travel_shoes	6
400	travel_changed	12
400	travel_trips	34
400	memorableB	31
400	great_situation	2
400	family_relationship	27
400	sorry_hear	1
400	shyoutgoing	8
400	why2	22
400	mhm	0
400	relax_fishtank	17
400	control_temper	35
400	hmm_downer	0
400	landed_trouble	11
400	last_argument	15
400	why2	27
400	uh_huh	0
400	situation_handled	43
400	okay_confirm	0
400	hard_decisionB	7
400	feelguilty	16
400	tell_about_that	7
400	okay_confirm	0
400	influence_positive	28
400	more	58
400	uh_huh	0
400	easy_sleep	11
400	thats_good	0
400	sleep_affects	3
400	feel_lately	10
400	tell_about_that	54
400	mhm	0
400	behavior_changes	31
400	thats_great	0
400	ptsd_diagnosed	1
400	depression_diagnosed	4
400	when_diagnosed	5
400	why_seek_help	14
400	symptoms_what	33
400	therapy_going	1
400	stop_going	68
400	mhm	0
400	therapy_useful	1
400	tell_about_that	67
400	yeah3	0
400	happy_lasttime	40
400	thats_great	1
400	self_change	45
400	difficult	8
400	feelbadly	81
400	yeah_downer	0
400	regret	2
400	advice_back	31
400	okay_confirm	0
400	BF_describe	8
400	Ellie17Dec2012_10	15
400	tell_about_that	53
400	awesome	0
400	Ellie17Dec2012_09	10
400	okay_confirm	0
400	Ellie17Dec2012_07	23
400	okay_confirm	0
400	Ellie17Dec2012_08	29
400	good_hear	0
400	asked_everything	0
400	appreciate_open	0
400	bye	1
401	IntroV4Confirmation	3
401	okay_confirm	0
401	how_doingV	9
401	thats_good	0
401	where_originally	4
401	really	0
401	when_LA	8
401	often_backB	5
401	compares_LA	3
401	why_LA	8
401	sounds_interesting	0
401	hard_decision	22
401	mhm	2
401	adapted_LA	13
401	like_about_LA	41
401	uh_huh	3
401	dont_like_LA	33
401	yeah_downer	33
401	family_relationship	38
401	downer	0
401	travel_shoes	15
401	travel_changed	29
401	travel_trips	128
401	yeah2	0
401	cool3	0
401	shyoutgoing	17
401	okay_confirm	0
401	relax_fishtank	13
401	okay_confirm	0
401	control_temper	15
401	thats_good	0
401	last_argument	16
401	tell_about_that	41
401	yeah_downer	33
401	mhm	35
401	yeah_downer	5
401	situation_handled	61
401	isee_downer	0
401	hard_decisionB	36
401	describe_felt	25
401	Ellie17Dec2012_03	1
401	memory_erase	40
401	mm	0
401	easy_sleep	28
401	why2	14
401	been_hard	18
401	sleep_affects	1
401	okay_confirm	0
401	feel_lately	27
401	trigger	15
401	like_what	38
401	uh_huh	4
401	behavior_changes	3
401	tell_about_that	48
401	symptoms_cope	29
401	mhm	0
401	ptsd_diagnosed	1
401	depression_diagnosed	1
401	happy_lasttime	14
401	ideal_weekendC	22
401	nice	0
401	self_change	13
401	feelbadly	26
401	okay_confirm	0
401	BF_describe	3
401	uh_huh	7
401	okay_confirm	0
401	regret	2
401	yes	43
401	give_example	30
401	yeah_downer	0
401	advice_back	38
401	mm	0
401	Ellie17Dec2012_08	12
401	good_hear	0
401	asked_everything	0
401	appreciate_open	2
401	bye	1
402	IntroV4Confirmation	1
402	okay_confirm	0
402	how_doingV	1
402	thats_good	0
402	where_originally	2
402	really	0
402	when_LA	6
402	often_backB	1
402	why2	6
402	okay_confirm	0
402	compares_LA	18
402	see_mean	0
402	why_LA	80
402	thats_good	0
402	adapted_LA	3
402	like_about_LA	61
402	good_hear	0
402	travel_shoes	1
402	why2	7
402	okay_confirm	0
402	study	6
402	dream_job	5
402	tell_about_that	76
402	yeah3	0
402	shyoutgoing	22
402	relax_fishtank	23
402	control_temper	13
402	last_argument	13
402	situation_handled	16
402	okay_confirm	0
402	hard_decisionB	8
402	okay_confirm	0
402	family_relationship	6
402	easy_sleep	5
402	sleep_affects	30
402	feel_lately	10
402	tell_about_that	148
402	thats_great	1
402	depression_diagnosed	1
402	when_diagnosed	23
402	why_seek_help	5
402	therapy_going	1
402	stop_going	7
402	more	87
402	hard_decision	64
402	describe_felt	102
402	Ellie17Dec2012_04	0
402	Ellie17Dec2012_10	99
402	awesome	3
402	ideal_weekendC	8
402	okay_confirm	0
402	self_change	35
402	mhm	0
402	regret	6
402	advice_back	12
402	influence_positive	14
402	tell_about_that	65
402	Ellie17Dec2012_08	25
402	asked_everything	0
402	appreciate_open	0
402	bye	0
403	IntroV4Confirmation	1
403	okay_confirm	0
403	how_doingV	4
403	thats_good	0
403	where_originally	15
403	cool3	0
403	like_about_LA	43
403	mhm	5
403	dont_like_LA	9
403	see_mean	0
403	travel_shoes	20
403	wow	0
403	travel_changed	15
403	travel_trips	42
403	awesome	0
403	memorableB	27
403	great_situation	0
403	shyoutgoing	6
403	relax_fishtank	50
403	mm	0
403	control_temper	81
403	thats_good	0
403	last_argument	80
403	yeah_downer	0
403	that_sucks	0
403	feelguilty	61
403	mhm	0
403	situation_handled	41
403	yeah_downer	0
403	hard_decisionB	113
403	yeah_downer	0
403	study	33
403	still_working_on_X	47
403	sounds_interesting	0
403	hard_decision	37
403	mhm	0
403	thats_great	5
403	family_relationship	60
403	yeah3	0
403	easy_sleep	15
403	feel_lately	26
403	difficult	42
403	mhm	0
403	ptsd_diagnosed	1
403	depression_diagnosed	1
403	happy_lasttime	25
403	okay_confirm	23
403	yeah3	0
403	Ellie17Dec2012_07	57
403	uh_huh	0
403	self_change	5
403	wild_laughter3	0
403	me_too	0
403	feelbadly	50
403	aw	0
403	BF_describe	27
403	Ellie17Dec2012_10	73
403	great_situation	5
403	feelguilty	43
403	see_mean	0
403	memory_erase	14
403	okay_confirm	0
403	regret	54
403	yeah3	0
403	advice_back	24
403	influence_positive	6
403	tell_about_that	61
403	mhm	0
403	thats_great	0
403	Ellie17Dec2012_08	62
403	yeah3	0
403	asked_everything	0
403	appreciate_open	2
403	bye	0
404	IntroV4Confirmation	1
404	okay_confirm	0
404	how_doingV	2
404	thats_good	0
404	where_originally	3
404	really	0
404	when_LA	35
404	cool3	0
404	like_about_LA	32
404	yeah3	0
404	dont_like_LA	8
404	mm	0
404	see_mean	0
404	travel_shoes	8
404	travel_changed	20
404	uh_huh	0
404	shyoutgoing	1
404	why2	10
404	relax_fishtank	54
404	thats_good	0
404	control_temper	8
404	last_argument	39
404	okay_confirm	0
404	feelguilty	10
404	tell_about_that	57
404	isee_downer	0
404	situation_handled	38
404	landed_trouble	35
404	okay_confirm	0
404	hard_decisionB	19
404	Ellie17Dec2012_02	0
404	tell_me_about	32
404	been_hard	0
404	happy_didthat	5
404	thats_good	0
404	family_relationship	53
404	why2	67
404	yeah_downer	0
404	memory_erase	62
404	okay_confirm	0
404	easy_sleep	19
404	sleep_affects	37
404	okay_confirm	0
404	military	1
404	old	13
404	very_young	7
404	combat	1
404	effectB	41
404	mhm	0
404	memorableB	32
404	nice	0
404	describe_felt	15
404	mhm	0
404	after	32
404	difficult	8
404	civilian_life	26
404	understand	0
404	ptsd_diagnosed	2
404	depression_diagnosed	1
404	happy_lasttime	20
404	uh_huh	16
404	okay_confirm	0
404	ideal_weekendC	40
404	mhm	0
404	like_what	38
404	okay_confirm	0
404	self_change	40
404	mhm	0
404	BF_describe	14
404	advice_back	8
404	okay_confirm	0
404	Ellie17Dec2012_10	32
404	thats_great	0
404	Ellie17Dec2012_08	20
404	asked_everything	0
404	appreciate_open	0
404	bye	3
405	IntroV4Confirmation	2
405	okay_confirm	0
405	how_doingV	4
405	thats_good	0
405	where_originally	5
405	when_LA	10
405	long_time	1
405	often_backB	10
405	mhm	0
405	compares_LA	17
405	why_LA	30
405	okay_confirm	0
405	adapted_LA	17
405	like_about_LA	31
405	uh_huh	24
405	dont_like_LA	14
405	yeah3	0
405	travel_shoes	15
405	travel_changed	25
405	mhm	0
405	travel_trips	27
405	nice	0
405	memorableB	22
405	thats_great	0
405	shyoutgoing	56
405	yeah3	0
405	relax_fishtank	38
405	mhm	0
405	control_temper	8
405	last_argument	16
405	okay_confirm	0
405	family_relationship	18
405	mind	47
405	wild_laughter5	59
405	okay_confirm	44
405	yeah_downer	0
405	situation_handled	27
405	hard_decisionB	18
405	tell_about_that	205
405	yeah_downer	0
405	memory_erase	375
405	yeah_downer	16
405	im_sorry	24
405	yeah_downer	5
405	easy_sleep	56
405	trigger	108
405	downer	0
405	sleep_affects	73
405	mhm	0
405	feel_lately	15
405	tell_about_that	169
405	okay_confirm	0
405	ptsd_diagnosed	1
405	depression_diagnosed	1
405	when_diagnosed	9
405	yes	202
405	mm	0
405	therapy_going	1
405	stop_going	20
405	happy_lasttime	21
405	describe_felt	50
405	yeah_downer	0
405	Ellie17Dec2012_10	49
405	great_situation	4
405	advice_back	196
405	okay_confirm	0
405	Ellie17Dec2012_08	96
405	Ellie17Dec2012_07	136
405	yeah_downer	11
405	asked_everything	1
405	appreciate_open	2
405	bye	1
406	IntroV4Confirmation	1
406	okay_confirm	0
406	how_doingV	3
406	thats_good	0
406	where_originally	5
406	really	0
406	like_about_LA	25
406	mhm	0
406	dont_like_LA	26
406	okay_confirm	0
406	travel_shoes	11
406	why2	13
406	okay_confirm	0
406	travel_changed	24
406	travel_trips	43
406	nice	1
406	study	7
406	sounds_interesting	1
406	hard_decision	72
406	yeah3	0
406	happy_didthat	17
406	understand	0
406	dream_job	22
406	okay_confirm	0
406	shyoutgoing	16
406	relax_fishtank	17
406	like_what	26
406	cool3	0
406	control_temper	5
406	last_argument	53
406	okay_confirm	8
406	situation_handled	8
406	hard_decisionB	19
406	tell_about_that	29
406	change_directions	18
406	see_mean	0
406	feelguilty	10
406	okay_confirm	0
406	family_relationship	86
406	mhm	0
406	influence_positive	49
406	like_what	3
406	okay_confirm	0
406	memory_erase	33
406	okay_confirm	0
406	easy_sleep	41
406	thats_good	0
406	feel_lately	5
406	good_hear	0
406	ptsd_diagnosed	1
406	depression_diagnosed	1
406	happy_lasttime	6
406	tell_about_that	50
406	awesome	0
406	Ellie17Dec2012_10	40
406	wow	0
406	regret	24
406	advice_back	40
406	okay_confirm	0
406	Ellie17Dec2012_07	33
406	self_change	35
406	feelbadly	9
406	okay_confirm	0
406	Ellie17Dec2012_08	29
406	thats_great	0
406	asked_everything	0
406	appreciate_open	2
406	bye	1
407	IntroV4Confirmation	1
407	okay_confirm	0
407	how_doingV	100
407	okay_confirm	0
407	where_originally	5
407	really	1
407	when_LA	41
407	often_backB	57
407	compares_LA	137
407	yeah3	0
407	travel_shoes	38
407	okay_confirm	0
407	study	143
407	wow	89
407	change_directions	4
407	yes	135
407	makes_sense	54
407	thats_great	1
407	shyoutgoing	30
407	wild_laughter5	13
407	relax_fishtank	179
407	hmm1	95
407	okay_confirm	0
407	control_temper	155
407	last_argument	63
407	mm	7
407	situation_handled	205
407	yeah_downer	2
407	hard_decisionB	236
407	mm	1
407	memory_erase	8
407	memory_erase	10
407	memory_erase	71
407	easy_sleep	33
407	wow	11
407	wild_laughter5	30
407	yeah_downer	20
407	okay_confirm	0
407	ptsd_diagnosed	2
407	depression_diagnosed	1
407	feel_lately	50
407	symptoms_cope	146
407	uh_huh	17
407	happy_lasttime	116
407	thats_great	0
407	advice_back	199
407	BF_describe	109
407	uh_huh	4
407	self_change	278
407	mm	9
407	Ellie17Dec2012_08	187
407	thats_great	0
407	asked_everything	0
407	appreciate_open	1
407	bye	1
408	IntroV4Confirmation	3
408	okay_confirm	0
408	how_doingV	3
408	thats_good	0
408	where_originally	5
408	really	0
408	when_LA	5
408	very_young	3
408	often_backB	4
408	why2	15
408	aw	0
408	okay_confirm	0
408	like_about_LA	25
408	mhm	0
408	dont_like_LA	1
408	see_mean	0
408	travel_shoes	5
408	travel_changed	16
408	travel_trips	34
408	memorableB	16
408	awesome	0
408	shyoutgoing	2
408	relax_fishtank	3
408	hard_decision	34
408	difficult	51
408	uh_huh	0
408	control_temper	4
408	last_argument	17
408	okay_confirm	0
408	situation_handled	10
408	wild_laughter3	16
408	see_mean	0
408	hard_decisionB	23
408	change_directions	26
408	family_relationship	29
408	good_hear	0
408	influence_positive	9
408	okay_confirm	0
408	memory_erase	24
408	okay_confirm	0
408	feelguilty	32
408	okay_confirm	0
408	easy_sleep	12
408	thats_good	0
408	feel_lately	4
408	behavior_changes	1
408	okay_confirm	0
408	happy_lasttime	54
408	nice	0
408	BF_describe	11
408	regret	7
408	advice_back	17
408	self_change	8
408	okay_confirm	0
408	feelbadly	35
408	thats_great	0
408	Ellie17Dec2012_07	40
408	mhm	0
408	study	22
408	sounds_interesting	0
408	hard_decision	54
408	mhm	0
408	still_working_on_X	3
408	dream_job	56
408	yeah_downer	0
408	Ellie17Dec2012_08	29
408	give_example	78
408	thats_great	0
408	asked_everything	0
408	appreciate_open	2
408	bye	1
409	IntroV4Confirmation	4
409	okay_confirm	0
409	how_doingV	3
409	thats_good	0
409	where_originally	4
409	really	1
409	like_about_LA	13
409	mhm	1
409	dont_like_LA	90
409	okay_confirm	0
409	study	31
409	yeah3	9
409	change_directions	141
409	mhm	0
409	still_working_on_X	25
409	why2	69
409	dream_job	140
409	yeah3	1
409	see_mean	1
409	shyoutgoing	84
409	wild_laughter5	14
409	okay_confirm	0
409	relax_fishtank	103
409	mm	0
409	control_temper	74
409	thats_good	1
409	last_argument	53
409	okay_confirm	0
409	situation_handled	156
409	isee_downer	0
409	hard_decisionB	17
409	okay_confirm	1
409	family_relationship	161
409	downer	0
409	easy_sleep	89
409	feel_lately	40
409	thats_good	0
409	ptsd_diagnosed	1
409	depression_diagnosed	33
409	mhm	83
409	why2	115
409	okay_confirm	0
409	happy_lasttime	163
409	great_situation	4
409	BF_describe	51
409	Ellie17Dec2012_07	90
409	mhm	0
409	regret	10
409	mind	104
409	mm	0
409	advice_back	83
409	yeah2	85
409	right2	1
409	ideal_weekendC	114
409	mhm	0
409	Ellie17Dec2012_08	84
409	asked_everything	1
409	appreciate_open	2
409	bye	2
410	IntroV4Confirmation	1
410	okay_confirm	0
410	how_doingV	9
410	aw	0
410	thats_great	0
410	where_originally	1
410	really	1
410	like_about_LA	3
410	mhm	4
410	dont_like_LA	4
410	okay_confirm	0
410	tell_about_that	22
410	sorry_hear	9
410	yeah_downer	0
410	travel_shoes	13
410	okay_confirm	0
410	study	15
410	sounds_interesting	0
410	hard_decision	69
410	dream_job	4
410	why2	80
410	makes_sense	0
410	kids_elaborate	51
410	easy_parent	8
410	parent_hardest	149
410	yeah3	0
410	parent_best	108
410	good_hear	2
410	parent_differences	88
410	yeah3	1
410	influence_positive	135
410	okay_confirm	0
410	shyoutgoing	47
410	wild_laughter5	0
410	relax_fishtank	42
410	mm	0
410	control_temper	88
410	thats_good	0
410	last_argument	33
410	okay_confirm	0
410	feelguilty	89
410	downer	0
410	memory_erase	7
410	describe_felt	107
410	yeah_downer	0
410	im_sorry	0
410	hard_decisionB	44
410	change_directions	13
410	happy_didthat	1
410	thats_good	0
410	easy_sleep	47
410	mhm	0
410	sleep_affects	15
410	okay_confirm	0
410	feel_lately	21
410	thats_great	0
410	behavior_changes	24
410	ptsd_diagnosed	1
410	depression_diagnosed	1
410	happy_lasttime	20
410	uh_huh	0
410	Ellie17Dec2012_07	5
410	regret	6
410	advice_back	10
410	self_change	2
410	feelbadly	6
410	tell_about_that	11
410	okay_confirm	0
410	Ellie17Dec2012_08	8
410	thats_great	0
410	asked_everything	0
410	appreciate_open	3
410	bye	1
411	IntroV4Confirmation	1
411	okay_confirm	0
411	how_doingV	2
411	thats_good	0
411	where_originally	2
411	really	0
411	when_LA	8
411	long_time	11
411	often_backB	28
411	wow	0
411	travel_changed	16
411	travel_trips	2
411	travel_trips	4
411	mhm	63
411	memorableB	105
411	wild_laughter5	0
411	wild_laughter3	84
411	aw	27
411	thats_great	0
411	shyoutgoing	246
411	yeah2	0
411	yeah3	0
411	see_mean	0
411	relax_fishtank	8
411	what_do_when_annoyed	7
411	yes	49
411	difficult	78
411	yeah3	0
411	last_argument	32
411	tell_about_that	169
411	yeah2	217
411	right2	186
411	yeah2	56
411	yeah3	19
411	understand	163
411	yeah3	8
411	situation_handled	18
411	mm	0
411	hard_decisionB	22
411	im_sorry	0
411	hard_decision	154
411	yeah_downer	0
411	been_hard	4
411	memory_erase	196
411	okay_confirm	0
411	easy_sleep	156
411	wild_laughter5	0
411	thats_good	0
411	feel_lately	34
411	behavior_changes	6
411	behavior_changes	9
411	behavior_changes	13
411	ptsd_diagnosed	2
411	depression_diagnosed	2
411	happy_lasttime	39
411	regret	20
411	mind	391
411	yeah3	119
411	mm	0
411	good_hear	0
411	advice_back	102
411	mhm	0
411	Ellie17Dec2012_08	65
411	yeah2	0
411	asked_everything	0
411	appreciate_open	1
411	bye	1
412	IntroV4Confirmation	1
412	okay_confirm	0
412	how_doingV	1
412	thats_good	0
412	where_originally	3
412	really	0
412	when_LA	4
412	compares_LA	25
412	why_LA	3
412	happy_didthat	1
412	thats_good	0
412	like_about_LA	12
412	dont_like_LA	12
412	yeah3	0
412	see_mean	0
412	adapted_LA	13
412	travel_shoes	6
412	travel_changed	9
412	travel_trips	20
412	memorableB	36
412	awesome	0
412	study	3
412	hard_decision	30
412	still_working_on_X	5
412	dream_job	13
412	like_what	30
412	cool3	0
412	shyoutgoing	2
412	why2	17
412	okay_confirm	0
412	relax_fishtank	13
412	nice	0
412	bouts_symptoms	20
412	thats_great	0
412	control_temper	2
412	last_argument	20
412	describe_felt	3
412	okay_confirm	0
412	situation_handled	23
412	tell_about_that	26
412	see_mean	0
412	hard_decisionB	6
412	more	25
412	difficult	14
412	family_relationship	61
412	mm	0
412	influence_positive	9
412	memory_erase	10
412	sorry_hear	0
412	uncomfortable_talkV	1
412	tell_about_that	35
412	Ellie17Dec2012_06	0
412	symptoms_cope	23
412	downer	0
412	easy_sleep	4
412	why2	19
412	like_what	16
412	okay_confirm	0
412	sleep_affects	2
412	feel_lately	1
412	behavior_changes	6
412	ptsd_diagnosed	1
412	depression_diagnosed	1
412	happy_lasttime	21
412	thats_good	0
412	ideal_weekendC	37
412	okay_confirm	0
412	regret	1
412	advice_back	7
412	self_change	16
412	mhm	0
412	feelbadly	51
412	oh_no	0
412	give_example	63
412	that_sucks	1
412	Ellie17Dec2012_07	12
412	Ellie17Dec2012_10	45
412	thats_great	0
412	Ellie17Dec2012_08	26
412	asked_everything	0
412	appreciate_open	2
412	bye	1
413	IntroV4Confirmation	1
413	okay_confirm	0
413	how_doingV	3
413	thats_good	0
413	where_originally	4
413	really	1
413	when_LA	13
413	often_backB	17
413	mhm	0
413	compares_LA	14
413	why2	33
413	understand	0
413	why_LA	20
413	adapted_LA	54
413	mm	0
413	study	5
413	sounds_interesting	0
413	hard_decision	31
413	still_working_on_X	15
413	awesome	0
413	happy_didthat	36
413	memorableB	14
413	tell_about_that	50
413	great_situation	31
413	yeah_downer	0
413	shyoutgoing	6
413	relax_fishtank	13
413	like_what	25
413	okay_confirm	0
413	control_temper	36
413	uh_huh	0
413	last_argument	33
413	tell_about_that	161
413	yeah_downer	0
413	that_sucks	1
413	situation_handled	97
413	yeah_downer	0
413	im_sorry	0
413	hard_decisionB	96
413	okay_confirm	0
413	memory_erase	36
413	yeah_downer	0
413	influence_positive	65
413	mhm	0
413	easy_sleep	57
413	trigger	50
413	hmm_downer	0
413	sleep_affects	42
413	okay_confirm	0
413	feel_lately	27
413	behavior_changes	32
413	ptsd_diagnosed	1
413	depression_diagnosed	7
413	why_seek_help	43
413	therapy_useful	30
413	therapy_going	11
413	stop_going	60
413	see_mean	0
413	happy_lasttime	78
413	thats_great	0
413	regret	2
413	yes	125
413	yeah_downer	10
413	advice_back	40
413	BF_describe	81
413	uh_huh	0
413	Ellie17Dec2012_10	23
413	nice	1
413	Ellie17Dec2012_07	48
413	asked_everything	0
413	appreciate_open	0
413	bye	1
414	IntroV4Confirmation	1
414	okay_confirm	0
414	how_doingV	2
414	thats_good	0
414	where_originally	2
414	really	1
414	like_about_LA	20
414	mhm	13
414	dont_like_LA	17
414	okay_confirm	0
414	travel_shoes	40
414	nice	0
414	travel_changed	16
414	mhm	0
414	travel_trips	34
414	awesome	0
414	describe_felt	22
414	good_hear	0
414	study	4
414	cool3	0
414	hard_decision	50
414	thats_great	0
414	dream_job	34
414	okay_confirm	2
414	shyoutgoing	22
414	relax_fishtank	30
414	okay_confirm	0
414	control_temper	34
414	landed_trouble	33
414	last_argument	40
414	difficult	29
414	im_sorry	2
414	situation_handled	57
414	avoid	15
414	hard_decisionB	91
414	tell_about_that	106
414	yeah_downer	0
414	change_directions	94
414	been_hard	2
414	why_seek_help	58
414	therapy_going	7
414	therapy_useful	43
414	aw	26
414	downer	4
414	easy_sleep	5
414	why2	47
414	like_what	74
414	bouts_symptoms	5
414	Ellie17Dec2012_06	0
414	happy_lasttime	60
414	BF_describe	17
414	regret	9
414	advice_back	30
414	yeah_downer	0
414	ideal_weekendC	66
414	wild_laughter5	11
414	Ellie17Dec2012_08	160
414	thats_great	0
414	asked_everything	0
414	appreciate_open	0
414	bye	7
415	IntroV4Confirmation	1
415	okay_confirm	0
415	how_doingV	2
415	thats_good	0
415	where_originally	1
415	really	0
415	when_LA	3
415	often_backB	4
415	compares_LA	9
415	mm	0
415	why_LA	15
415	adapted_LA	22
415	wild_laughter5	0
415	see_mean	0
415	like_about_LA	22
415	study	5
415	sounds_interesting	0
415	hard_decision	41
415	wow	1
415	happy_didthat	9
415	like_what	13
415	dream_job	51
415	thats_great	0
415	travel_shoes	1
415	travel_changed	23
415	travel_trips	45
415	memorableB	12
415	awesome	1
415	shyoutgoing	1
415	relax_fishtank	7
415	tell_about_that	38
415	good_hear	0
415	control_temper	55
415	okay_confirm	0
415	last_argument	22
415	wild_laughter5	0
415	family_relationship	77
415	thats_great	0
415	feelguilty	42
415	wild_laughter3	0
415	situation_handled	72
415	yeah_downer	0
415	hard_decisionB	7
415	why2	57
415	yeah_downer	0
415	influence_positive	25
415	okay_confirm	0
415	memory_erase	86
415	yeah_downer	0
415	been_hard	0
415	easy_sleep	33
415	that_sucks	2
415	sleep_affects	36
415	okay_confirm	0
415	feel_lately	23
415	behavior_changes	2
415	like_what	90
415	yeah3	0
415	ptsd_diagnosed	1
415	depression_diagnosed	1
415	happy_lasttime	22
415	thats_great	0
415	BF_describe	47
415	regret	8
415	advice_back	7
415	self_change	31
415	mhm	0
415	feelbadly	30
415	okay_confirm	0
415	ideal_weekendC	45
415	nice	1
415	Ellie17Dec2012_08	27
415	asked_everything	0
415	appreciate_open	2
415	bye	1
416	IntroV4Confirmation	1
416	okay_confirm	0
416	how_doingV	6
416	great_thanks	0
416	where_originally	1
416	really	1
416	when_LA	5
416	long_time	5
416	often_backB	8
416	why2	3
416	compares_LA	23
416	see_mean	0
416	why_LA	5
416	adapted_LA	8
416	thats_good	0
416	like_about_LA	33
416	mhm	0
416	dont_like_LA	1
416	travel_shoes	10
416	travel_changed	11
416	cool3	0
416	travel_trips	18
416	memorableB	12
416	okay_confirm	18
416	study	1
416	sounds_interesting	3
416	hard_decision	25
416	still_working_on_X	1
416	why2	9
416	that_sucks	3
416	dream_job	16
416	tell_about_that	62
416	uh_huh	12
416	yeah_downer	0
416	shyoutgoing	19
416	okay_confirm	0
416	relax_fishtank	46
416	mhm	1
416	control_temper	46
416	last_argument	12
416	tell_about_that	79
416	describe_felt	1
416	yeah_downer	58
416	uh_huh	2
416	situation_handled	95
416	mhm	0
416	hard_decisionB	51
416	feelguilty	70
416	yeah_downer	0
416	good_job	3
416	family_relationship	47
416	thats_good	0
416	yeah_downer	0
416	easy_sleep	6
416	sleep_affects	29
416	mhm	0
416	feel_lately	10
416	makes_sense	0
416	ptsd_diagnosed	4
416	depression_diagnosed	1
416	happy_lasttime	57
416	mhm	0
416	self_change	29
416	why2	17
416	mm	26
416	yeah_downer	0
416	feelbadly	20
416	downer	0
416	memory_erase	75
416	describe_felt	2
416	influence_positive	24
416	thats_great	1
416	BF_describe	38
416	tell_about_that	17
416	give_example	34
416	see_mean	0
416	regret	14
416	advice_back	17
416	Ellie17Dec2012_10	65
416	wild_laughter5	0
416	Ellie17Dec2012_08	31
416	Ellie17Dec2012_07	52
416	yeah2	6
416	asked_everything	1
416	appreciate_open	6
416	bye	0
417	IntroV4Confirmation	1
417	okay_confirm	0
417	how_doingV	2
417	thats_good	0
417	where_originally	3
417	really	0
417	like_about_LA	4
417	dont_like_LA	13
417	yeah3	0
417	study	30
417	hard_decision	53
417	yeah_downer	0
417	difficult	3
417	okay_confirm	0
417	travel_shoes	1
417	why2	4
417	see_mean	0
417	shyoutgoing	33
417	mhm	0
417	relax_fishtank	51
417	uh_huh	0
417	control_temper	9
417	thats_good	0
417	last_argument	27
417	okay_confirm	0
417	feelguilty	77
417	yeah3	0
417	regret	52
417	avoid	1
417	avoid	49
417	yeah3	0
417	memory_erase	32
417	sorry_hear	0
417	hard_decisionB	15
417	okay_confirm	0
417	situation_handled	9
417	family_relationship	41
417	thats_good	0
417	influence_positive	70
417	mhm	0
417	easy_sleep	19
417	sleep_affects	31
417	okay_confirm	0
417	feel_lately	37
417	behavior_changes	37
417	ptsd_diagnosed	10
417	tell_about_that	50
417	suspect_problem	4
417	symptoms_what	5
417	therapist_useful	1
417	therapist_affect	81
417	yeah_downer	0
417	happy_lasttime	5
417	Ellie17Dec2012_10	4
417	okay_confirm	0
417	BF_describe	4
417	ideal_weekendC	77
417	mhm	0
417	advice_back	133
417	mm	0
417	Ellie17Dec2012_08	104
417	asked_everything	0
417	appreciate_open	0
417	bye	1
418	IntroV4Confirmation	1
418	okay_confirm	0
418	how_doingV	2
418	thats_good	0
418	where_originally	5
418	really	0
418	when_LA	19
418	very_young	1
418	often_backB	1
418	why2	13
418	okay_confirm	0
418	like_about_LA	26
418	mhm	1
418	dont_like_LA	18
418	yeah3	0
418	see_mean	0
418	study	59
418	sounds_interesting	1
418	change_directions	12
418	thats_great	0
418	dream_job	17
418	okay_confirm	0
418	travel_shoes	10
418	relax_fishtank	49
418	aw	0
418	tell_about_that	67
418	thats_good	0
418	control_temper	18
418	last_argument	19
418	okay_confirm	0
418	feelguilty	15
418	situation_handled	19
418	okay_confirm	0
418	hard_decisionB	108
418	yeah_downer	0
418	kids_elaborate	196
418	easy_parent	18
418	parent_hardest	52
418	tell_me_moreV2	68
418	parent_hardest	25
418	parent_best	36
418	yeah3	4
418	parent_differences	135
418	hmm_downer	8
418	easy_sleep	53
418	sleep_affects	5
418	okay_confirm	0
418	feel_lately	71
418	trade_offs	2
418	ptsd_diagnosed	3
418	depression_diagnosed	1
418	when_diagnosed	11
418	why_seek_help	31
418	therapy_going	3
418	therapy_useful	43
418	therapy_changes	39
418	thats_good	0
418	happy_lasttime	2
418	yes	83
418	okay_confirm	0
418	makes_sense	1
418	Ellie17Dec2012_10	27
418	okay_confirm	0
418	BF_describe	6
418	Ellie17Dec2012_07	86
418	mhm	1
418	regret	3
418	yes	2
418	mind	99
418	mm	1
418	advice_back	12
418	Ellie17Dec2012_08	12
418	asked_everything	0
418	appreciate_open	1
418	bye	1
419	IntroV4Confirmation	1
419	okay_confirm	0
419	how_doingV	4
419	thats_good	0
419	where_originally	7
419	really	1
419	when_LA	6
419	long_time	1
419	often_backB	17
419	why2	21
419	okay_confirm	0
419	compares_LA	32
419	why_LA	28
419	uh_huh	0
419	travel_shoes	22
419	travel_changed	30
419	travel_trips	35
419	memorableB	51
419	yeah3	0
419	shyoutgoing	6
419	why2	49
419	see_mean	0
419	study	5
419	awesome	0
419	hard_decision	29
419	still_working_on_X	9
419	dream_job	52
419	mhm	0
419	relax_fishtank	51
419	thats_great	0
419	control_temper	56
419	last_argument	109
419	yeah_downer	0
419	situation_handled	98
419	hmm_downer	0
419	describe_felt	47
419	see_mean	0
419	hard_decisionB	119
419	aw	0
419	thats_great	2
419	memory_erase	168
419	yeah_downer	0
419	been_hard	2
419	family_relationship	89
419	wild_laughter5	10
419	thats_good	1
419	easy_sleep	63
419	why2	51
419	feel_lately	49
419	okay_confirm	0
419	ptsd_diagnosed	1
419	depression_diagnosed	1
419	happy_lasttime	48
419	nice	0
419	BF_describe	55
419	self_change	71
419	regret	55
419	advice_back	42
419	Ellie17Dec2012_08	32
419	thats_great	0
419	asked_everything	1
419	appreciate_open	2
419	bye	1
420	IntroV4Confirmation	4
420	okay_confirm	0
420	how_doingV	3
420	thats_good	0
420	where_originally	1
420	really	0
420	when_LA	12
420	often_backB	9
420	wow	0
420	why2	15
420	compares_LA	21
420	tell_about_that	57
420	wild_laughter5	0
420	yeah_downer	0
420	why_LA	7
420	adapted_LA	9
420	thats_good	0
420	like_about_LA	5
420	dont_like_LA	9
420	mhm	0
420	travel_shoes	5
420	travel_changed	17
420	uh_huh	0
420	travel_trips	16
420	nice	0
420	memorableB	14
420	awesome	1
420	study	8
420	dream_job	11
420	really	0
420	why2	15
420	thats_great	0
420	relax_fishtank	13
420	uh_huh	0
420	shyoutgoing	3
420	okay_confirm	0
420	control_temper	5
420	last_argument	27
420	oh_no	0
420	describe_felt	4
420	yeah_downer	28
420	sorry_hear	6
420	situation_handled	31
420	change_directions	8
420	avoid	23
420	yeah_downer	0
420	hard_decisionB	4
420	okay_confirm	0
420	memory_erase	10
420	tell_about_that	40
420	yeah_downer	0
420	see_mean	0
420	feelguilty	7
420	okay_confirm	0
420	family_relationship	60
420	why2	55
420	isee_downer	0
420	kids_elaborate	91
420	aw	0
420	easy_parent	40
420	yeah3	0
420	parent_hardest	28
420	parent_best	6
420	parent_differences	14
420	give_example	50
420	okay_confirm	0
420	influence_positive	5
420	tell_about_that	18
420	okay_confirm	0
420	easy_sleep	9
420	sleep_affects	6
420	feel_lately	60
420	hmm_downer	0
420	behavior_changes	1
420	ptsd_diagnosed	5
420	depression_diagnosed	24
420	okay_confirm	0
420	happy_lasttime	7
420	tell_about_that	31
420	great_situation	0
420	BF_describe	4
420	self_change	11
420	okay_confirm	0
420	regret	8
420	advice_back	15
420	hmm_downer	0
420	Ellie17Dec2012_07	11
420	ideal_weekendC	33
420	nice	0
420	Ellie17Dec2012_08	2
420	asked_everything	0
420	appreciate_open	2
420	bye	1
421	IntroV4Confirmation	3
421	okay_confirm	0
421	how_doingV	5
421	thats_good	0
421	great_thanks	0
421	where_originally	5
421	really	0
421	when_LA	30
421	wow	3
421	often_backB	1
421	why2	9
421	understand	0
421	compares_LA	15
421	yeah3	0
421	why_LA	12
421	okay_confirm	0
421	study	16
421	sounds_interesting	0
421	hard_decision	26
421	still_working_on_X	6
421	aw	0
421	kids_elaborate	1
421	wild_laughter5	0
421	easy_parent	28
421	parent_hardest	50
421	yeah_downer	0
421	parent_best	23
421	parent_differences	38
421	family_relationship	39
421	downer	0
421	shyoutgoing	10
421	mhm	0
421	relax_fishtank	7
421	like_what	23
421	nice	0
421	wild_laughter5	0
421	control_temper	32
421	last_argument	20
421	tell_about_that	25
421	been_hard	1
421	describe_felt	7
421	yeah_downer	0
421	im_sorry	0
421	situation_handled	24
421	hard_decisionB	13
421	change_directions	6
421	memory_erase	47
421	see_mean	0
421	easy_sleep	19
421	why2	31
421	sleep_affects	3
421	mhm	0
421	feel_lately	8
421	tell_about_that	15
421	symptoms_cope	29
421	hmm_downer	0
421	ptsd_diagnosed	1
421	depression_diagnosed	1
421	when_diagnosed	8
421	why_seek_help	27
421	trigger	1
421	therapy_going	18
421	therapist_useful	10
421	tell_about_that	42
421	yeah_downer	0
421	happy_lasttime	12
421	aw	0
421	describe_felt	28
421	uh_huh	0
421	BF_describe	55
421	self_change	12
421	regret	9
421	advice_back	23
421	hmm_downer	0
421	ideal_weekendC	28
421	influence_positive	22
421	tell_about_that	42
421	good_hear	0
421	Ellie17Dec2012_08	2
421	Ellie17Dec2012_10	44
421	great_situation	1
421	asked_everything	0
421	appreciate_open	1
421	bye	1
422	IntroV4Confirmation	2
422	okay_confirm	0
422	how_doingV	1
422	thats_good	0
422	where_originally	7
422	really	1
422	when_LA	7
422	very_young	1
422	often_backB	9
422	cool3	0
422	like_about_LA	26
422	mhm	0
422	dont_like_LA	31
422	yeah_downer	0
422	see_mean	0
422	travel_shoes	9
422	yes	26
422	travel_changed	63
422	mhm	0
422	travel_trips	190
422	yeah2	49
422	wow	12
422	awesome	1
422	study	44
422	thats_great	3
422	dream_job	54
422	shyoutgoing	42
422	makes_sense	1
422	relax_fishtank	53
422	uh_huh	0
422	control_temper	55
422	thats_good	0
422	last_argument	23
422	mind	194
422	okay_confirm	8
422	hard_decisionB	8
422	hard_decision	161
422	been_hard	31
422	Ellie17Dec2012_03	0
422	situation_handled	248
422	wild_laughter5	51
422	yeah_downer	0
422	memory_erase	40
422	uh_huh	46
422	mm	11
422	yeah_downer	0
422	easy_sleep	32
422	tell_about_that	54
422	feel_lately	7
422	sorry_hear	2
422	ptsd_diagnosed	1
422	depression_diagnosed	61
422	isee_downer	3
422	feel_down	0
422	feel_down	54
422	downer	0
422	trigger	33
422	happy_lasttime	50
422	Ellie17Dec2012_10	60
422	wild_laughter5	69
422	nice	8
422	BF_describe	80
422	why2	166
422	isee_downer	0
422	advice_back	57
422	Ellie17Dec2012_08	100
422	thats_great	1
422	asked_everything	2
422	appreciate_open	1
422	bye	1
423	IntroV4Confirmation	1
423	okay_confirm	0
423	how_doingV	3
423	thats_good	0
423	where_originally	7
423	really	0
423	like_about_LA	7
423	mhm	0
423	dont_like_LA	6
423	see_mean	0
423	travel_shoes	6
423	cool3	0
423	travel_changed	10
423	travel_trips	10
423	awesome	2
423	memorableB	6
423	mind	9
423	nice	0
423	tell_about_that	29
423	aw	0
423	study	9
423	change_directions	19
423	mhm	0
423	still_working_on_X	6
423	dream_job	18
423	tell_about_that	46
423	awesome	0
423	shyoutgoing	3
423	why2	29
423	okay_confirm	0
423	relax_fishtank	17
423	thats_good	0
423	control_temper	1
423	last_argument	23
423	landed_trouble	9
423	wild_laughter5	0
423	situation_handled	122
423	isee_downer	0
423	feelguilty	10
423	hard_decisionB	8
423	mind	25
423	tell_about_that	45
423	been_hard	5
423	memory_erase	33
423	yes	7
423	describe_felt	4
423	why2	21
423	yeah_downer	21
423	sorry_hear	0
423	family_relationship	5
423	family_roleB	11
423	okay_confirm	0
423	influence_positive	2
423	tell_about_that	49
423	thats_great	0
423	easy_sleep	2
423	feel_lately	4
423	behavior_changes	11
423	symptoms_cope	5
423	ptsd_diagnosed	4
423	when_diagnosed	4
423	why_seek_help	19
423	tell_about_that	32
423	describe_felt	49
423	depression_diagnosed	12
423	therapy_going	1
423	stop_going	55
423	been_hard	1
423	happy_lasttime	15
423	Ellie17Dec2012_10	20
423	okay_confirm	0
423	BF_describe	6
423	Ellie17Dec2012_07	22
423	self_change	28
423	regret	9
423	advice_back	28
423	mhm	0
423	Ellie17Dec2012_08	24
423	asked_everything	0
423	appreciate_open	0
423	bye	1
424	IntroV4Confirmation	2
424	okay_confirm	0
424	how_doingV	11
424	good_hear	0
424	where_originally	23
424	really	1
424	often_backB	10
424	compares_LA	35
424	yeah_downer	0
424	why_LA	20
424	adapted_LA	50
424	thats_good	0
424	travel_changed	15
424	travel_trips	148
424	wow	0
424	awesome	8
424	shyoutgoing	54
424	understand	0
424	study	13
424	hard_decision	84
424	thats_great	0
424	still_working_on_X	36
424	difficult	15
424	dream_job	59
424	mhm	19
424	okay_confirm	0
424	relax_fishtank	69
424	control_temper	35
424	last_argument	59
424	describe_felt	48
424	family_relationship	83
424	landed_trouble	8
424	easy_parent	13
424	parent_hardest	7
424	parent_best	30
424	yeah3	0
424	parent_differences	87
424	feelguilty	25
424	avoid	5
424	situation_handled	28
424	tell_about_that	129
424	yeah_downer	0
424	hard_decisionB	167
424	oh_my_gosh	0
424	describe_felt	160
424	yeah_downer	0
424	im_sorry	33
424	mhm	0
424	yeah3	0
424	easy_sleep	84
424	sleep_affects	41
424	uh_huh	0
424	feel_lately	176
424	yeah_downer	0
424	ptsd_diagnosed	66
424	okay_confirm	0
424	therapy_going	61
424	yeah_downer	0
424	that_sucks	175
424	yeah_downer	0
424	happy_lasttime	50
424	good_hear	0
424	regret	32
424	mhm	0
424	advice_back	28
424	BF_describe	18
424	mhm	0
424	Ellie17Dec2012_08	129
424	thats_great	0
424	asked_everything	1
424	appreciate_open	9
424	bye	1
425	IntroV4Confirmation	1
425	okay_confirm	0
425	how_doingV	10
425	why2	28
425	sorry_hear	0
425	good_job	0
425	where_live	7
425	living_situation	25
425	understand	0
425	where_originally	14
425	long_time	1
425	why_LA	38
425	adapted_LA	31
425	thats_good	0
425	like_about_LA	29
425	dont_like_LA	26
425	wild_laughter5	21
425	yeah_downer	0
425	see_mean	0
425	travel_shoes	22
425	travel_trips	62
425	wow	7
425	hard_decision	26
425	memorableB	91
425	awesome	0
425	study	43
425	dream_job	27
425	difficult	45
425	thats_good	0
425	shyoutgoing	62
425	okay_confirm	0
425	relax_fishtank	50
425	okay_confirm	0
425	control_temper	117
425	yeah_downer	0
425	last_argument	70
425	describe_felt	21
425	hmm_downer	0
425	situation_handled	57
425	mhm	0
425	hard_decisionB	69
425	sorry_hear	0
425	hard_decision	68
425	isee_downer	0
425	memory_erase	167
425	oh_no	0
425	easy_sleep	27
425	feel_lately	18
425	ptsd_diagnosed	1
425	depression_diagnosed	3
425	when_diagnosed	42
425	why_seek_help	51
425	therapy_going	7
425	stop_going	26
425	therapy_useful	8
425	therapy_changes	31
425	happy_lasttime	44
425	great_situation	0
425	Ellie17Dec2012_07	21
425	mhm	0
425	self_change	96
425	uh_huh	13
425	advice_back	46
425	mhm	0
425	Ellie17Dec2012_08	33
425	thats_great	0
425	asked_everything	0
425	appreciate_open	0
425	bye	1
426	IntroV4Confirmation	1
426	okay_confirm	0
426	how_doingV	2
426	thats_good	0
426	where_originally	2
426	really	0
426	like_about_LA	7
426	mhm	3
426	dont_like_LA	4
426	yeah_downer	2
426	travel_shoes	2
426	why2	8
426	okay_confirm	0
426	study	2
426	cool3	1
426	hard_decision	22
426	happy_didthat	2
426	still_working_on_X	1
426	dream_job	6
426	nice	0
426	difficult	22
426	yeah3	0
426	shyoutgoing	5
426	why2	26
426	uh_huh	1
426	relax_fishtank	11
426	thats_good	1
426	control_temper	20
426	landed_trouble	2
426	tell_about_that	23
426	okay_confirm	0
426	hard_decisionB	20
426	mm	0
426	last_argument	27
426	describe_felt	60
426	yeah3	0
426	situation_handled	79
426	memory_erase	127
426	yeah_downer	0
426	been_hard	1
426	feelguilty	45
426	downer	0
426	family_relationship	41
426	Ellie17Dec2012_04	0
426	Ellie17Dec2012_04	0
426	influence_positive	10
426	tell_about_that	109
426	yeah3	0
426	easy_sleep	9
426	why2	41
426	mhm	1
426	trigger	21
426	feel_lately	4
426	tell_about_that	71
426	im_sorry	3
426	trade_offs	3
426	ptsd_diagnosed	1
426	when_diagnosed	8
426	why_seek_help	52
426	happy_didthat	3
426	therapy_going	1
426	therapy_useful	6
426	therapy_changes	20
426	give_example	61
426	mhm	0
426	happy_lasttime	26
426	BF_describe	15
426	self_change	1
426	regret	28
426	advice_back	38
426	Ellie17Dec2012_09	11
426	Ellie17Dec2012_10	24
426	uh_huh	9
426	Ellie17Dec2012_08	26
426	mhm	0
426	asked_everything	0
426	appreciate_open	1
426	bye	2
427	IntroV4Confirmation	2
427	okay_confirm	0
427	how_doingV	5
427	great_thanks	0
427	where_originally	4
427	really	1
427	when_LA	8
427	often_backB	10
427	compares_LA	13
427	adapted_LA	20
427	thats_good	0
427	like_about_LA	16
427	mhm	0
427	dont_like_LA	13
427	see_mean	1
427	travel_shoes	7
427	travel_changed	26
427	uh_huh	0
427	travel_trips	28
427	memorableB	5
427	yeah3	29
427	nice	0
427	relax_fishtank	16
427	control_temper	14
427	last_argument	16
427	tell_about_that	28
427	okay_confirm	0
427	situation_handled	26
427	avoid	18
427	okay_confirm	0
427	memory_erase	40
427	give_example	39
427	mm	0
427	influence_positive	16
427	family_relationship	17
427	okay_confirm	0
427	hard_decisionB	35
427	study	2
427	cool3	0
427	still_working_on_X	13
427	hard_decision	42
427	happy_didthat	31
427	dream_job	6
427	awesome	1
427	difficult	5
427	yes	27
427	okay_confirm	0
427	easy_sleep	13
427	thats_good	0
427	sleep_affects	18
427	mhm	4
427	feel_lately	5
427	thats_good	1
427	behavior_changes	1
427	ptsd_diagnosed	1
427	depression_diagnosed	1
427	happy_lasttime	45
427	awesome	1
427	tell_about_that	32
427	Ellie17Dec2012_07	29
427	okay_confirm	0
427	self_change	39
427	mm	0
427	landed_trouble	28
427	okay_confirm	0
427	feelbadly	75
427	that_sucks	4
427	regret	31
427	how_know	7
427	awB	12
427	understand	0
427	advice_back	52
427	mhm	0
427	BF_describe	30
427	okay_confirm	0
427	Ellie17Dec2012_08	7
427	asked_everything	1
427	appreciate_open	2
427	bye	2
428	IntroV4Confirmation	1
428	okay_confirm	0
428	how_doingV	5
428	great_thanks	0
428	where_originally	7
428	really	0
428	like_about_LA	27
428	mhm	0
428	dont_like_LA	17
428	thats_good	0
428	wild_laughter3	0
428	study	10
428	cool3	5
428	hard_decision	10
428	dream_job	13
428	okay_confirm	0
428	travel_shoes	13
428	why2	22
428	see_mean	0
428	shyoutgoing	6
428	why2	3
428	tell_about_that	5
428	yeah3	29
428	mhm	0
428	control_temper	1
428	thats_good	0
428	last_argument	14
428	describe_felt	22
428	landed_trouble	7
428	okay_confirm	12
428	yeah3	0
428	feelguilty	3
428	situation_handled	8
428	okay_confirm	0
428	memory_erase	15
428	like_what	21
428	give_example	51
428	oh_no	1
428	that_sucks	0
428	hard_decisionB	21
428	change_directions	26
428	makes_sense	0
428	happy_didthat	2
428	thats_good	0
428	family_relationship	20
428	influence_positive	6
428	tell_about_that	8
428	yeah3	62
428	good_hear	0
428	easy_sleep	6
428	sleep_affects	2
428	sleep_affects	36
428	okay_confirm	0
428	feel_lately	3
428	behavior_changes	14
428	tell_about_that	58
428	thats_great	0
428	ptsd_diagnosed	9
428	depression_diagnosed	1
428	feel_down	1
428	happy_lasttime	2
428	happy_lasttime	10
428	awesome	0
428	Ellie17Dec2012_07	3
428	mhm	0
428	regret	4
428	self_change	24
428	okay_confirm	23
428	feelbadly	11
428	Ellie17Dec2012_07	9
428	okay_confirm	0
428	ideal_weekendC	54
428	nice	17
428	Ellie17Dec2012_10	38
428	thats_great	0
428	Ellie17Dec2012_08	78
428	yeah_downer	0
428	Ellie17Dec2012_09	14
428	like_what	21
428	wild_laughter3	1
428	good_hear	0
428	asked_everything	0
428	appreciate_open	4
428	bye	9
428	yeah3	3
429	IntroV4Confirmation	3
429	okay_confirm	0
429	how_doingV	2
429	thats_good	0
429	where_originally	1
429	really	0
429	when_LA	3
429	when_LA	4
429	long_time	0
429	often_backB	6
429	mhm	0
429	compares_LA	5
429	why_LA	17
429	nice	1
429	adapted_LA	8
429	tell_about_that	16
429	see_mean	0
429	like_about_LA	18
429	dont_like_LA	3
429	understand	0
429	travel_shoes	3
429	why2	8
429	okay_confirm	0
429	study	8
429	hard_decision	27
429	why2	2
429	yeah3	11
429	happy_didthat	4
429	thats_good	0
429	dream_job	5
429	difficult	36
429	wow	3
429	shyoutgoing	1
429	why2	15
429	makes_sense	0
429	relax_fishtank	8
429	nice	1
429	bouts_symptoms	9
429	cool3	4
429	what_do_when_annoyed	12
429	control_temper	5
429	thats_good	10
429	mm	3
429	last_argument	10
429	wild_laughter3	3
429	tell_about_that	56
429	oh_no	13
429	landed_trouble	5
429	that_sucks	0
429	feelguilty	28
429	like_what	50
429	isee_downer	0
429	situation_handled	64
429	yeah2	23
429	okay_confirm	0
429	okay_confirm	0
429	hard_decisionB	17
429	tell_about_that	14
429	good_hear	1
429	memory_erase	34
429	yeah_downer	24
429	isee_downer	9
429	okay_confirm	17
429	hmm_downer	2
429	family_relationship	45
429	sorry_hear	9
429	influence_positive	20
429	thats_great	0
429	easy_sleep	18
429	nice	1
429	sleep_affects	38
429	yeah3	24
429	wild_laughter5	0
429	makes_sense	1
429	feel_lately	12
429	behavior_changes	24
429	mhm	3
429	ptsd_diagnosed	2
429	ptsd_diagnosed	24
429	okay_confirm	0
429	depression_diagnosed	1
429	happy_lasttime	71
429	great_situation	17
429	yeah3	5
429	ideal_weekendC	12
429	okay_confirm	2
429	self_change	23
429	mhm	3
429	Ellie17Dec2012_07	12
429	Ellie17Dec2012_08	27
429	thats_great	0
429	regret	22
429	mind	53
429	okay_confirm	0
429	yeah3	0
429	advice_back	23
429	asked_everything	6
429	appreciate_open	1
429	bye	1
430	IntroV4Confirmation	2
430	okay_confirm	0
430	how_doingV	4
430	thats_good	0
430	where_originally	5
430	really	0
430	like_about_LA	22
430	mhm	0
430	dont_like_LA	19
430	see_mean	0
430	travel_shoes	19
430	travel_changed	21
430	mhm	0
430	travel_trips	104
430	wild_laughter3	0
430	memorableB	12
430	okay_confirm	0
430	shyoutgoing	6
430	relax_fishtank	65
430	okay_confirm	0
430	control_temper	14
430	last_argument	24
430	how_know	27
430	thats_good	0
430	living_situation	35
430	good_hear	0
430	situation_handled	24
430	hard_decisionB	27
430	change_directions	48
430	yeah_downer	0
430	happy_didthat	1
430	memory_erase	31
430	feelguilty	80
430	okay_confirm	0
430	family_relationship	54
430	influence_positive	3
430	tell_about_that	42
430	thats_great	0
430	easy_sleep	55
430	mm	0
430	sleep_affects	24
430	yeah3	0
430	feel_lately	3
430	behavior_changes	13
430	okay_confirm	0
430	ptsd_diagnosed	4
430	depression_diagnosed	3
430	when_diagnosed	9
430	why_seek_help	58
430	symptoms_what	48
430	hmm_downer	0
430	therapy_going	2
430	therapy_useful	4
430	therapist_useful	8
430	therapy_changes	60
430	difficult	14
430	happy_lasttime	6
430	tell_about_that	21
430	understand	0
430	BF_describe	25
430	wild_laughter3	27
430	self_change	38
430	regret	19
430	okay_confirm	0
430	advice_back	65
430	okay_confirm	0
430	Ellie17Dec2012_10	71
430	aw	72
430	wow	27
430	great_situation	0
430	Ellie17Dec2012_08	35
430	yeah3	0
430	asked_everything	1
430	appreciate_open	0
430	bye	10
430	wild_laughter5	0
431	IntroV4Confirmation	1
431	okay_confirm	0
431	how_doingV	2
431	thats_good	0
431	where_originally	2
431	really	0
431	when_LA	7
431	often_backB	6
431	compares_LA	8
431	why_LA	7
431	cool3	0
431	adapted_LA	10
431	thats_good	0
431	like_about_LA	17
431	mhm	0
431	dont_like_LA	1
431	see_mean	0
431	travel_shoes	10
431	travel_changed	14
431	uh_huh	0
431	travel_trips	33
431	mhm	0
431	memorableB	33
431	okay_confirm	0
431	study	18
431	still_doing_X	1
431	dream_job	37
431	shyoutgoing	1
431	why2	13
431	okay_confirm	0
431	relax_fishtank	6
431	like_what	2
431	nice	0
431	control_temper	3
431	thats_good	0
431	last_argument	9
431	tell_about_that	8
431	describe_felt	3
431	mhm	0
431	family_relationship	10
431	family_roleB	9
431	thats_great	0
431	situation_handled	11
431	hard_decisionB	16
431	change_directions	13
431	happy_didthat	4
431	tell_about_that	1
431	okay_confirm	0
431	feelguilty	15
431	wild_laughter3	0
431	influence_positive	12
431	tell_about_that	39
431	mhm	0
431	easy_sleep	3
431	sleep_affects	1
431	feel_lately	12
431	okay_confirm	0
431	behavior_changes	1
431	ptsd_diagnosed	1
431	depression_diagnosed	1
431	happy_lasttime	36
431	thats_great	0
431	Ellie17Dec2012_10	32
431	thats_great	0
431	BF_describe	7
431	mhm	5
431	okay_confirm	0
431	self_change	5
431	feelbadly	11
431	okay_confirm	0
431	Ellie17Dec2012_07	13
431	regret	2
431	tell_about_that	5
431	advice_back	27
431	uh_huh	0
431	kids_elaborate	16
431	easy_parent	31
431	parent_best	55
431	yeah3	0
431	parent_hardest	67
431	yeah_downer	0
431	give_example	59
431	hmm_downer	0
431	parent_differences	31
431	Ellie17Dec2012_08	35
431	asked_everything	0
431	appreciate_open	1
431	bye	1
432	IntroV4Confirmation	2
432	okay_confirm	0
432	how_doingV	1
432	thats_good	0
432	where_originally	2
432	really	1
432	when_LA	7
432	compares_LA	2
432	why_LA	3
432	happy_didthat	4
432	good_hear	1
432	adapted_LA	5
432	yeah3	0
432	like_about_LA	7
432	mhm	3
432	okay_confirm	0
432	dont_like_LA	8
432	see_mean	1
432	travel_shoes	4
432	travel_changed	18
432	like_what	7
432	cool3	1
432	travel_trips	6
432	mind	2
432	tell_about_that	24
432	mhm	4
432	memorableB	10
432	nice	1
432	describe_felt	2
432	thats_great	0
432	study	1
432	dream_job	8
432	difficult	41
432	mhm	0
432	thats_good	0
432	shyoutgoing	66
432	understand	0
432	give_example	13
432	yeah3	123
432	yeah_downer	0
432	isee_downer	1
432	relax_fishtank	20
432	control_temper	10
432	last_argument	33
432	mm	1
432	feelguilty	9
432	situation_handled	10
432	okay_confirm	0
432	hard_decisionB	28
432	tell_about_that	18
432	yeah_downer	0
432	influence_positive	2
432	tell_about_that	64
432	yeah3	1
432	family_relationship	25
432	why2	30
432	makes_sense	1
432	easy_sleep	41
432	mhm	0
432	sleep_affects	53
432	okay_confirm	0
432	feel_lately	4
432	behavior_changes	4
432	mind	30
432	thats_good	0
432	ptsd_diagnosed	1
432	depression_diagnosed	1
432	happy_lasttime	5
432	Ellie17Dec2012_10	13
432	nice	1
432	more	58
432	thats_great	0
432	BF_describe	6
432	ideal_weekendC	34
432	uh_huh	0
432	self_change	23
432	wild_laughter3	0
432	feelbadly	134
432	yeah_downer	1
432	Ellie17Dec2012_07	23
432	mhm	1
432	regret	47
432	advice_back	34
432	mm	0
432	Ellie17Dec2012_08	97
432	yeah3	0
432	asked_everything	3
432	appreciate_open	2
432	bye	2
433	IntroV4Confirmation	1
433	okay_confirm	0
433	how_doingV	3
433	thats_good	0
433	where_originally	5
433	really	0
433	like_about_LA	14
433	mhm	0
433	dont_like_LA	18
433	see_mean	0
433	travel_shoes	13
433	why2	14
433	understand	0
433	study	4
433	cool3	2
433	change_directions	19
433	happy_didthat	7
433	good_hear	0
433	dream_job	29
433	okay_confirm	0
433	shyoutgoing	6
433	why2	21
433	uh_huh	0
433	okay_confirm	0
433	relax_fishtank	19
433	like_what	10
433	nice	0
433	control_temper	19
433	thats_good	0
433	last_argument	16
433	describe_felt	27
433	see_mean	0
433	situation_handled	16
433	feelguilty	13
433	give_example	19
433	okay_confirm	0
433	hard_decisionB	12
433	tell_about_that	29
433	change_directions	11
433	aw	0
433	memory_erase	8
433	tell_about_that	31
433	Ellie17Dec2012_06	0
433	Ellie17Dec2012_06	0
433	been_hard	35
433	yeah_downer	0
433	easy_sleep	25
433	sleep_affects	20
433	mhm	0
433	okay_confirm	0
433	feel_lately	4
433	thats_good	0
433	behavior_changes	23
433	okay_confirm	0
433	ptsd_diagnosed	6
433	depression_diagnosed	8
433	happy_lasttime	8
433	family_relationship	25
433	thats_great	0
433	influence_positive	7
433	tell_about_that	65
433	mhm	0
433	todays_kids	29
433	mm	7
433	right2	0
433	regret	20
433	like_what	30
433	that_sucks	0
433	advice_back	24
433	okay_confirm	0
433	self_change	42
433	mhm	0
433	feelbadly	14
433	give_example	22
433	yeah_downer	0
433	bouts_symptoms	4
433	tell_about_that	65
433	isee_downer	0
433	BF_describe	11
433	Ellie17Dec2012_10	17
433	thats_great	0
433	Ellie17Dec2012_08	16
433	asked_everything	0
433	appreciate_open	0
433	bye	3
434	IntroV4Confirmation	3
434	okay_confirm	0
434	how_doingV	5
434	thats_good	0
434	where_originally	12
434	really	1
434	often_backB	4
434	why2	2
434	see_mean	0
434	compares_LA	39
434	mhm	1
434	why_LA	7
434	im_sorry	2
434	adapted_LA	13
434	okay_confirm	0
434	like_about_LA	43
434	wild_laughter3	58
434	yeah3	0
434	dont_like_LA	3
434	understand	0
434	travel_shoes	33
434	yeah3	0
434	study	6
434	cool3	0
434	hard_decision	86
434	still_working_on_X	71
434	difficult	149
434	mm	0
434	dream_job	15
434	cool3	0
434	shyoutgoing	72
434	uh_huh	0
434	okay_confirm	0
434	relax_fishtank	34
434	wild_laughter3	10
434	nice	0
434	control_temper	147
434	yeah3	0
434	situation_handled	208
434	hmm_downer	0
434	been_hard	1
434	family_relationship	126
434	mm	0
434	influence_positive	159
434	good_hear	0
434	feelguilty	140
434	yeah_downer	9
434	okay_confirm	0
434	memory_erase	66
434	describe_felt	8
434	like_what	27
434	yeah_downer	0
434	easy_sleep	33
434	sleep_affects	67
434	see_mean	0
434	feel_lately	171
434	thats_good	0
434	behavior_changes	148
434	okay_confirm	0
434	ptsd_diagnosed	4
434	depression_diagnosed	1
434	happy_lasttime	15
434	awesome	1
434	BF_describe	12
434	why2	128
434	wow	8
434	self_change	174
434	okay_confirm	0
434	advice_back	79
434	yeah3	0
434	Ellie17Dec2012_08	155
434	thats_great	0
434	asked_everything	0
434	appreciate_open	3
434	bye	1
435	IntroV4Confirmation	1
435	okay_confirm	0
435	how_doingV	1
435	thats_good	0
435	where_originally	3
435	really	0
435	when_LA	6
435	long_time	0
435	often_backB	7
435	compares_LA	2
435	why_LA	5
435	adapted_LA	2
435	thats_good	0
435	like_about_LA	15
435	mhm	3
435	dont_like_LA	12
435	hmm_downer	0
435	see_mean	1
435	study	4
435	sounds_interesting	0
435	hard_decision	41
435	happy_didthat	1
435	still_working_on_X	1
435	dream_job	20
435	okay_confirm	0
435	travel_shoes	13
435	travel_changed	14
435	mhm	4
435	travel_trips	26
435	nice	1
435	shyoutgoing	4
435	why2	24
435	relax_fishtank	15
435	okay_confirm	0
435	control_temper	31
435	last_argument	18
435	been_hard	0
435	describe_felt	20
435	yeah_downer	0
435	kids_elaborate	158
435	easy_parent	12
435	parent_best	9
435	parent_hardest	18
435	parent_differences	47
435	family_roleB	33
435	sorry_hear	0
435	influence_positive	3
435	tell_about_that	30
435	mhm	0
435	feelguilty	4
435	situation_handled	21
435	hard_decisionB	10
435	tell_about_that	92
435	been_hard	3
435	symptoms_cope	15
435	yeah_downer	7
435	why2	41
435	downer	0
435	easy_sleep	14
435	sleep_affects	2
435	feel_lately	2
435	behavior_changes	38
435	thats_good	0
435	ptsd_diagnosed	1
435	depression_diagnosed	1
435	when_diagnosed	20
435	why_seek_help	6
435	therapy_going	1
435	therapy_useful	1
435	therapy_changes	9
435	happy_lasttime	10
435	Ellie17Dec2012_10	10
435	aw	0
435	Ellie17Dec2012_07	29
435	self_change	47
435	mm	0
435	regret	1
435	advice_back	3
435	Ellie17Dec2012_08	2
435	asked_everything	0
435	appreciate_open	0
435	bye	1
436	IntroV4Confirmation	1
436	okay_confirm	0
436	how_doingV	3
436	thats_good	0
436	where_originally	2
436	really	0
436	when_LA	8
436	often_backB	11
436	compares_LA	24
436	mhm	0
436	why_LA	16
436	like_about_LA	31
436	yeah3	0
436	dont_like_LA	16
436	see_mean	0
436	travel_shoes	12
436	cool3	0
436	travel_changed	14
436	memorableB	5
436	yeah3	51
436	wow	0
436	thats_great	0
436	study	30
436	hard_decision	28
436	dream_job	31
436	uh_huh	0
436	shyoutgoing	1
436	why2	26
436	okay_confirm	0
436	relax_fishtank	22
436	control_temper	10
436	last_argument	45
436	that_sucks	16
436	wild_laughter5	28
436	yeah3	0
436	describe_felt	59
436	mm	0
436	yeah3	3
436	situation_handled	41
436	feelguilty	19
436	okay_confirm	0
436	hard_decisionB	14
436	okay_confirm	0
436	memory_erase	42
436	tell_about_that	33
436	sorry_hear	0
436	family_relationship	53
436	thats_good	0
436	influence_positive	47
436	yeah3	0
436	difficult	38
436	uh_huh	0
436	easy_sleep	34
436	wild_laughter3	33
436	sleep_affects	39
436	mm	0
436	feel_lately	38
436	behavior_changes	6
436	ptsd_diagnosed	1
436	depression_diagnosed	1
436	happy_lasttime	39
436	awesome	1
436	ideal_weekendC	74
436	yeah3	1
436	BF_describe	33
436	uh_huh	0
436	self_change	30
436	feelbadly	83
436	wild_laughter3	50
436	yeah3	21
436	understand	0
436	regret	1
436	advice_back	42
436	mm	0
436	Ellie17Dec2012_08	82
436	good_hear	1
436	asked_everything	0
436	appreciate_open	3
436	bye	1
437	IntroV4Confirmation	2
437	okay_confirm	0
437	how_doingV	5
437	thats_good	0
437	where_originally	7
437	really	1
437	like_about_LA	21
437	mhm	3
437	dont_like_LA	3
437	see_mean	0
437	travel_shoes	5
437	cool3	0
437	travel_changed	20
437	travel_trips	27
437	nice	3
437	memorableB	18
437	wow	6
437	tell_about_that	59
437	good_hear	1
437	shyoutgoing	10
437	like_what	63
437	mhm	0
437	okay_confirm	4
437	relax_fishtank	14
437	okay_confirm	0
437	control_temper	11
437	thats_good	0
437	last_argument	25
437	describe_felt	15
437	mhm	0
437	situation_handled	19
437	okay_confirm	0
437	feelguilty	14
437	hard_decisionB	24
437	change_directions	1
437	change_directions	31
437	happy_didthat	4
437	thats_great	2
437	memory_erase	48
437	why2	37
437	okay_confirm	0
437	study	8
437	change_directions	46
437	still_working_on_X	29
437	okay_confirm	0
437	family_relationship	41
437	mhm	22
437	okay_confirm	0
437	easy_sleep	8
437	sleep_affects	29
437	feel_lately	16
437	behavior_changes	1
437	ptsd_diagnosed	1
437	depression_diagnosed	1
437	happy_lasttime	30
437	tell_about_that	59
437	wild_laughter3	0
437	thats_great	1
437	BF_describe	22
437	self_change	32
437	mhm	1
437	feelbadly	56
437	oh_no	33
437	okay_confirm	1
437	regret	13
437	advice_back	48
437	Ellie17Dec2012_07	28
437	uh_huh	0
437	Ellie17Dec2012_10	21
437	nice	0
437	tell_about_that	84
437	mhm	0
437	awesome	9
437	good_hear	1
437	Ellie17Dec2012_08	32
437	asked_everything	0
437	appreciate_open	3
437	bye	1
438	IntroV4Confirmation	1
438	okay_confirm	0
438	how_doingV	4
438	thats_good	0
438	where_originally	10
438	really	0
438	like_about_LA	72
438	yeah3	0
438	dont_like_LA	57
438	see_mean	0
438	travel_shoes	45
438	thats_good	0
438	travel_changed	50
438	travel_trips	141
438	nice	0
438	memorableB	63
438	kids_elaborate	133
438	parent_best	151
438	aw	0
438	good_hear	0
438	parent_hardest	191
438	yeah_downer	0
438	symptoms_cope	123
438	mhm	0
438	study	23
438	change_directions	132
438	dream_job	123
438	mhm	0
438	shyoutgoing	150
438	mhm	0
438	relax_fishtank	135
438	okay_confirm	0
438	control_temper	148
438	mm	92
438	yeah3	0
438	last_argument	201
438	isee_downer	0
438	situation_handled	216
438	okay_confirm	0
438	hard_decisionB	221
438	sorry_hear	2
438	ptsd_diagnosed	3
438	depression_diagnosed	1
438	feel_lately	191
438	understand	325
438	uh_huh	0
438	regret	150
438	advice_back	25
438	mhm	0
438	Ellie17Dec2012_08	79
438	asked_everything	1
438	appreciate_open	3
438	bye	2
439	IntroV4Confirmation	1
439	okay_confirm	0
439	how_doingV	3
439	thats_good	0
439	where_originally	9
439	really	1
439	like_about_LA	21
439	mhm	0
439	dont_like_LA	19
439	wow	25
439	see_mean	0
439	travel_shoes	12
439	travel_changed	36
439	travel_trips	205
439	thats_great	0
439	shyoutgoing	37
439	relax_fishtank	109
439	memorableB	7
439	aw	1
439	kids_elaborate	79
439	mhm	7
439	good_hear	0
439	easy_parent	173
439	yeah3	0
439	wild_laughter3	0
439	parent_best	107
439	thats_great	8
439	parent_differences	221
439	okay_confirm	0
439	control_temper	67
439	yeah2	0
439	last_argument	214
439	describe_felt	125
439	right2	38
439	that_sucks	20
439	yeah_downer	6
439	situation_handled	270
439	yeah3	0
439	hard_decisionB	237
439	been_hard	151
439	makes_sense	43
439	mhm	3
439	easy_sleep	11
439	feel_lately	37
439	symptoms_cope	6
439	behavior_changes	3
439	ptsd_diagnosed	1
439	depression_diagnosed	1
439	happy_lasttime	78
439	good_hear	0
439	BF_describe	207
439	uh_huh	5
439	self_change	140
439	mhm	0
439	regret	5
439	regret	41
439	advice_back	39
439	Ellie17Dec2012_08	142
439	asked_everything	1
439	appreciate_open	2
439	bye	2
440	IntroV4Confirmation	1
440	okay_confirm	0
440	how_doingV	4
440	thats_good	0
440	where_originally	9
440	really	1
440	like_about_LA	31
440	mhm	3
440	dont_like_LA	11
440	see_mean	0
440	travel_shoes	7
440	travel_changed	11
440	travel_trips	72
440	memorableB	29
440	wow	0
440	study	3
440	hard_decision	125
440	thats_good	0
440	still_working_on_X	32
440	nice	0
440	kids_elaborate	24
440	easy_parent	1
440	parent_best	14
440	parent_hardest	28
440	like_what	1
440	yeah3	0
440	parent_differences	119
440	mhm	1
440	family_roleB	2
440	thats_good	0
440	shyoutgoing	1
440	why2	28
440	uh_huh	0
440	relax_fishtank	14
440	thats_great	0
440	control_temper	64
440	yeah_downer	4
440	last_argument	24
440	describe_felt	9
440	tell_about_that	252
440	been_hard	0
440	symptoms_cope	5
440	okay_confirm	0
440	situation_handled	77
440	okay_confirm	0
440	hard_decisionB	12
440	tell_about_that	203
440	change_directions	74
440	sorry_hear	0
440	easy_sleep	3
440	why2	92
440	feel_lately	2
440	tell_about_that	26
440	behavior_changes	8
440	trigger	40
440	ptsd_diagnosed	1
440	depression_diagnosed	1
440	when_diagnosed	4
440	why_seek_help	11
440	therapy_going	1
440	therapy_changes	81
440	Ellie17Dec2012_03	0
440	happy_lasttime	17
440	BF_describe	67
440	mhm	0
440	self_change	10
440	like_what	33
440	regret	2
440	mind	9
440	advice_back	57
440	mhm	0
440	Ellie17Dec2012_10	17
440	describe_felt	7
440	Ellie17Dec2012_08	12
440	thats_great	0
440	asked_everything	0
440	appreciate_open	0
440	bye	1
441	IntroV4Confirmation	1
441	okay_confirm	0
441	how_doingV	5
441	thats_good	0
441	where_originally	3
441	really	0
441	like_about_LA	11
441	mhm	0
441	dont_like_LA	6
441	see_mean	0
441	travel_shoes	1
441	travel_changed	6
441	travel_trips	26
441	nice	0
441	memorableB	3
441	tell_about_that	15
441	describe_felt	1
441	kids_elaborate	7
441	easy_parent	7
441	parent_hardest	5
441	parent_best	9
441	parent_differences	34
441	difficult	14
441	yeah_downer	0
441	shyoutgoing	1
441	why2	16
441	relax_fishtank	14
441	cool3	0
441	control_temper	3
441	last_argument	11
441	tell_about_that	25
441	landed_trouble	20
441	okay_confirm	0
441	feelguilty	3
441	give_example	23
441	situation_handled	34
441	sorry_hear	0
441	hard_decisionB	16
441	tell_about_that	27
441	symptoms_cope	7
441	difficult	20
441	yeah3	0
441	memory_erase	12
441	tell_about_that	16
441	isee_downer	0
441	okay_confirm	0
441	old	1
441	very_young	3
441	combat	1
441	effectB	37
441	isee_downer	0
441	bouts_symptoms	3
441	after	6
441	hard_decision	49
441	happy_didthat	1
441	civilian_life	44
441	yeah_downer	0
441	study	3
441	still_working_on_X	6
441	okay_confirm	0
441	ptsd_diagnosed	2
441	when_diagnosed	3
441	why_seek_help	40
441	trigger	25
441	easy_sleep	12
441	sleep_affects	1
441	sleep_affects	6
441	feel_lately	14
441	behavior_changes	6
441	therapy_going	1
441	therapy_useful	4
441	therapy_changes	27
441	happy_lasttime	10
441	tell_about_that	27
441	Ellie17Dec2012_10	8
441	thats_great	0
441	change_directions	27
441	mhm	0
441	ideal_weekendC	17
441	like_what	5
441	self_change	18
441	BF_describe	4
441	mhm	0
441	regret	9
441	advice_back	15
441	Ellie17Dec2012_08	4
441	family_relationship	55
441	influence_positive	26
441	Ellie17Dec2012_07	6
441	good_hear	0
441	asked_everything	0
441	appreciate_open	0
441	bye	1
442	IntroV4Confirmation	1
442	okay_confirm	0
442	how_doingV	10
442	see_mean	0
442	where_originally	5
442	really	1
442	when_LA	5
442	long_time	1
442	often_backB	14
442	compares_LA	28
442	why_LA	11
442	happy_didthat	1
442	adapted_LA	36
442	yeah3	0
442	understand	0
442	like_about_LA	43
442	dont_like_LA	2
442	tell_about_that	63
442	yeah_downer	0
442	travel_shoes	44
442	awesome	0
442	travel_changed	43
442	travel_trips	99
442	memorableB	84
442	oh_no	20
442	okay_confirm	0
442	shyoutgoing	72
442	relax_fishtank	1
442	thats_great	0
442	control_temper	60
442	last_argument	58
442	difficult	27
442	mhm	0
442	situation_handled	90
442	change_directions	14
442	yeah3	32
442	okay_confirm	0
442	hard_decisionB	3
442	tell_about_that	50
442	family_relationship	69
442	isee_downer	0
442	influence_positive	2
442	memory_erase	75
442	okay_confirm	0
442	easy_sleep	58
442	sleep_affects	1
442	feel_lately	42
442	been_hard	51
442	yeah_downer	0
442	behavior_changes	38
442	uh_huh	0
442	ptsd_diagnosed	8
442	depression_diagnosed	1
442	when_diagnosed	9
442	why_seek_help	36
442	therapy_going	21
442	therapy_useful	38
442	thats_good	0
442	happy_lasttime	67
442	mhm	0
442	BF_describe	41
442	self_change	4
442	regret	4
442	tell_about_that	56
442	yeah_downer	0
442	advice_back	13
442	Ellie17Dec2012_10	3
442	ideal_weekendC	10
442	Ellie17Dec2012_08	2
442	asked_everything	0
442	appreciate_open	2
442	bye	9
442	yeah3	4
443	IntroV4Confirmation	1
443	okay_confirm	0
443	how_doingV	1
443	thats_good	0
443	where_originally	1
443	really	0
443	when_LA	7
443	often_backB	2
443	why2	9
443	okay_confirm	0
443	adapted_LA	13
443	like_about_LA	17
443	dont_like_LA	13
443	see_mean	1
443	travel_shoes	7
443	why2	12
443	understand	1
443	study	11
443	dream_job	0
443	dream_job	11
443	okay_confirm	3
443	shyoutgoing	4
443	why2	18
443	okay_confirm	0
443	relax_fishtank	13
443	thats_good	0
443	control_temper	3
443	last_argument	31
443	okay_confirm	0
443	situation_handled	19
443	difficult	6
443	feelguilty	13
443	memory_erase	16
443	tell_about_that	7
443	hard_decision	18
443	dream_job	9
443	hard_decisionB	12
443	okay_confirm	0
443	family_relationship	11
443	tell_about_that	13
443	influence_positive	4
443	okay_confirm	0
443	easy_sleep	14
443	sleep_affects	2
443	feel_lately	14
443	tell_about_that	9
443	good_job	1
443	behavior_changes	4
443	ptsd_diagnosed	1
443	depression_diagnosed	1
443	happy_lasttime	22
443	sounds_interesting	1
443	tell_about_that	15
443	okay_confirm	0
443	ideal_weekendC	15
443	cool3	1
443	BF_describe	4
443	Ellie17Dec2012_07	5
443	self_change	4
443	feelbadly	3
443	regret	7
443	give_example	21
443	advice_back	6
443	mad_makeyou	4
443	why2	2
443	see_mean	0
443	Ellie17Dec2012_09	2
443	like_what	2
443	okay_confirm	0
443	Ellie17Dec2012_10	15
443	bouts_symptoms	2
443	awesome	0
443	Ellie17Dec2012_08	2
443	asked_everything	0
443	appreciate_open	0
443	bye	1
444	IntroV4Confirmation	3
444	okay_confirm	0
444	how_doingV	5
444	thats_good	4
444	where_originally	4
444	really	5
444	when_LA	11
444	often_backB	10
444	why2	15
444	cool3	0
444	compares_LA	50
444	yeah_downer	0
444	adapted_LA	63
444	thats_great	2
444	travel_shoes	71
444	wow	0
444	travel_changed	36
444	travel_trips	88
444	awesome	0
444	study	11
444	change_directions	102
444	happy_didthat	2
444	happy_didthat	2
444	dream_job	35
444	okay_confirm	11
444	dream_job	46
444	yeah_downer	1
444	shyoutgoing	22
444	yeah3	42
444	okay_confirm	0
444	relax_fishtank	87
444	control_temper	47
444	landed_trouble	72
444	symptoms_cope	3
444	symptoms_cope	32
444	difficult	44
444	mhm	19
444	situation_handled	159
444	wild_laughter3	21
444	hard_decisionB	184
444	aw	48
444	thats_good	8
444	yeah3	0
444	kids_elaborate	84
444	wild_laughter3	61
444	nice	0
444	easy_parent	90
444	yeah2	126
444	mhm	62
444	understand	0
444	easy_sleep	131
444	feel_lately	40
444	yeah_downer	64
444	thats_good	0
444	ptsd_diagnosed	2
444	depression_diagnosed	1
444	happy_lasttime	159
444	thats_great	0
444	BF_describe	87
444	uh_huh	32
444	okay_confirm	0
444	self_change	104
444	okay_confirm	0
444	regret	157
444	yeah_downer	0
444	advice_back	68
444	mhm	0
444	Ellie17Dec2012_08	125
444	good_hear	0
444	asked_everything	0
444	appreciate_open	3
444	bye	1
445	IntroV4Confirmation	1
445	okay_confirm	0
445	how_doingV	3
445	thats_good	0
445	where_originally	6
445	really	0
445	like_about_LA	3
445	uh_huh	5
445	dont_like_LA	6
445	see_mean	0
445	travel_shoes	2
445	travel_changed	17
445	travel_trips	22
445	awesome	0
445	memorableB	19
445	wow	0
445	describe_felt	13
445	study	4
445	hard_decision	19
445	cool3	0
445	happy_didthat	1
445	still_working_on_X	1
445	dream_job	20
445	thats_great	0
445	shyoutgoing	2
445	why2	22
445	relax_fishtank	20
445	aw	0
445	control_temper	11
445	last_argument	55
445	that_sucks	2
445	situation_handled	52
445	mhm	0
445	difficult	18
445	good_hear	0
445	hard_decisionB	66
445	Ellie17Dec2012_06	0
445	been_hard	2
445	memory_erase	44
445	symptoms_cope	30
445	thats_good	0
445	influence_positive	17
445	tell_about_that	44
445	understand	0
445	easy_sleep	26
445	trigger	8
445	feel_lately	27
445	behavior_changes	29
445	okay_confirm	0
445	ptsd_diagnosed	1
445	depression_diagnosed	1
445	happy_lasttime	38
445	thats_great	0
445	ideal_weekendC	40
445	BF_describe	24
445	self_change	25
445	feelbadly	70
445	isee_downer	4
445	regret	6
445	advice_back	9
445	okay_confirm	0
445	Ellie17Dec2012_10	31
445	okay_confirm	0
445	mad_makeyou	40
445	good_job	0
445	feelguilty	59
445	Ellie17Dec2012_08	30
445	asked_everything	0
445	appreciate_open	3
445	bye	1
446	IntroV4Confirmation	1
446	okay_confirm	0
446	how_doingV	5
446	great_thanks	0
446	where_originally	1
446	really	2
446	like_about_LA	18
446	mhm	1
446	dont_like_LA	12
446	see_mean	0
446	travel_shoes	23
446	travel_changed	62
446	travel_trips	96
446	cool3	0
446	memorableB	21
446	great_situation	3
446	study	3
446	sounds_interesting	1
446	hard_decision	88
446	still_working_on_X	10
446	wow	1
446	dream_job	11
446	why2	59
446	thats_great	0
446	difficult	56
446	understand	0
446	shyoutgoing	37
446	okay_confirm	0
446	relax_fishtank	26
446	uh_huh	0
446	control_temper	79
446	mhm	0
446	thats_good	0
446	last_argument	71
446	describe_felt	38
446	yeah_downer	0
446	situation_handled	44
446	okay_confirm	0
446	hard_decisionB	124
446	symptoms_cope	84
446	aw	3
446	easy_parent	70
446	parent_differences	163
446	yeah2	12
446	makes_sense	2
446	easy_sleep	82
446	feel_lately	43
446	okay_confirm	0
446	ptsd_diagnosed	3
446	depression_diagnosed	4
446	happy_lasttime	86
446	thats_great	2
446	BF_describe	11
446	self_change	63
446	regret	46
446	mhm	0
446	advice_back	47
446	Ellie17Dec2012_08	112
446	asked_everything	0
446	appreciate_open	7
446	bye	2
447	IntroV4Confirmation	4
447	okay_confirm	0
447	how_doingV	12
447	thats_good	2
447	where_originally	8
447	really	1
447	like_about_LA	18
447	dont_like_LA	32
447	yeah_downer	0
447	see_mean	0
447	travel_shoes	15
447	wow	1
447	travel_changed	17
447	travel_trips	84
447	wild_laughter3	5
447	nice	1
447	study	18
447	change_directions	36
447	dream_job	18
447	wild_laughter3	4
447	shyoutgoing	23
447	thats_great	0
447	relax_fishtank	27
447	control_temper	69
447	landed_trouble	17
447	okay_confirm	0
447	last_argument	18
447	situation_handled	52
447	hard_decisionB	10
447	okay_confirm	0
447	memory_erase	5
447	tell_about_that	91
447	Ellie17Dec2012_03	0
447	family_relationship	57
447	easy_sleep	23
447	sleep_affects	13
447	feel_lately	36
447	tell_about_that	121
447	yeah_downer	0
447	symptoms_cope	46
447	difficult	17
447	isee_downer	0
447	ptsd_diagnosed	1
447	depression_diagnosed	1
447	happy_lasttime	38
447	okay_confirm	0
447	Ellie17Dec2012_10	30
447	nice	0
447	BF_describe	27
447	mhm	1
447	self_change	21
447	feelbadly	69
447	okay_confirm	0
447	influence_positive	43
447	memorableB	54
447	oh_no	29
447	wild_laughter3	40
447	great_situation	0
447	regret	6
447	mind	20
447	uh_huh	1
447	advice_back	31
447	okay_confirm	0
447	Ellie17Dec2012_08	30
447	thats_great	1
447	asked_everything	0
447	appreciate_open	2
447	bye	0
448	IntroV4Confirmation	1
448	okay_confirm	0
448	how_doingV	3
448	thats_good	0
448	where_originally	32
448	cool3	0
448	study	4
448	hard_decision	40
448	thats_great	0
448	dream_job	34
448	understand	0
448	family_relationship	73
448	Ellie17Dec2012_03	0
448	Ellie17Dec2012_03	0
448	shyoutgoing	35
448	mhm	0
448	relax_fishtank	60
448	awesome	0
448	control_temper	63
448	landed_trouble	2
448	tell_about_that	91
448	yeah_downer	0
448	last_argument	112
448	yeah_downer	0
448	situation_handled	152
448	uh_huh	0
448	hard_decisionB	113
448	downer	0
448	influence_positive	103
448	good_hear	1
448	easy_sleep	129
448	hmm1	0
448	feel_lately	57
448	behavior_changes	207
448	symptoms_cope	2
448	symptoms_cope	6
448	ptsd_diagnosed	7
448	depression_diagnosed	1
448	when_diagnosed	3
448	why_seek_help	78
448	therapy_going	130
448	okay_confirm	0
448	happy_lasttime	138
448	makes_sense	0
448	BF_describe	145
448	wild_laughter3	56
448	mm	0
448	self_change	188
448	okay_confirm	0
448	regret	64
448	advice_back	164
448	Ellie17Dec2012_08	130
448	asked_everything	1
448	appreciate_open	3
448	bye	2
449	IntroV4Confirmation	4
449	okay_confirm	0
449	how_doingV	4
449	thats_good	0
449	where_originally	11
449	really	1
449	like_about_LA	35
449	mhm	0
449	dont_like_LA	12
449	see_mean	0
449	travel_shoes	31
449	nice	0
449	travel_changed	46
449	travel_trips	84
449	makes_sense	0
449	memorableB	4
449	yeah3	72
449	wild_laughter3	0
449	awesome	0
449	study	28
449	dream_job	118
449	yeah3	0
449	shyoutgoing	2
449	relax_fishtank	96
449	mhm	0
449	control_temper	106
449	last_argument	118
449	describe_felt	74
449	mm	0
449	situation_handled	224
449	uh_huh	0
449	easy_parent	119
449	thats_good	0
449	parent_hardest	152
449	yeah_downer	0
449	parent_best	93
449	parent_differences	124
449	hard_decisionB	196
449	change_directions	225
449	downer	0
449	easy_sleep	163
449	thats_good	0
449	feel_lately	106
449	okay_confirm	0
449	ptsd_diagnosed	5
449	depression_diagnosed	1
449	happy_lasttime	139
449	aw	0
449	good_hear	2
449	BF_describe	97
449	mhm	0
449	self_change	126
449	uh_huh	0
449	regret	156
449	understand	0
449	advice_back	142
449	Ellie17Dec2012_08	116
449	yeah3	0
449	asked_everything	1
449	appreciate_open	2
449	bye	1
450	IntroV4Confirmation	6
450	okay_confirm	0
450	how_doingV	5
450	thats_good	0
450	where_originally	5
450	really	3
450	like_about_LA	27
450	mhm	17
450	yeah3	0
450	thats_great	1
450	dont_like_LA	13
450	see_mean	0
450	travel_shoes	17
450	travel_changed	33
450	travel_trips	93
450	great_situation	3
450	shyoutgoing	1
450	why2	25
450	uh_huh	4
450	okay_confirm	0
450	relax_fishtank	3
450	bouts_symptoms	3
450	nice	3
450	describe_felt	14
450	uh_huh	0
450	control_temper	4
450	last_argument	53
450	that_sucks	4
450	situation_handled	43
450	change_directions	1
450	tell_about_that	83
450	been_hard	2
450	avoid	47
450	isee_downer	0
450	study	3
450	mind	21
450	thats_great	1
450	dream_job	14
450	wild_laughter3	67
450	understand	0
450	family_relationship	172
450	why2	61
450	oh_my_gosh	5
450	makes_sense	9
450	influence_positive	7
450	influence_positive	80
450	like_what	45
450	trade_offs	51
450	thats_great	3
450	mhm	0
450	easy_sleep	2
450	tell_about_that	49
450	sorry_hear	6
450	feel_lately	83
450	yeah_downer	19
450	depression_diagnosed	1
450	when_diagnosed	90
450	therapy_useful	5
450	therapy_changes	52
450	yeah2	46
450	mhm	11
450	thats_great	0
450	ptsd_diagnosed	7
450	when_diagnosed	54
450	symptoms_what	137
450	okay_confirm	0
450	happy_lasttime	68
450	BF_describe	8
450	mhm	0
450	self_change	9
450	okay_confirm	0
450	regret	183
450	yeah_downer	0
450	advice_back	49
450	mm	0
450	Ellie17Dec2012_08	52
450	good_hear	2
450	asked_everything	0
450	appreciate_open	2
450	bye	1
452	IntroV4Confirmation	2
452	okay_confirm	0
452	how_doingV	1
452	thats_good	0
452	where_originally	3
452	really	0
452	like_about_LA	6
452	mhm	7
452	dont_like_LA	15
452	dont_like_LA	2
452	see_mean	0
452	travel_shoes	1
452	why2	5
452	understand	0
452	study	9
452	sounds_interesting	0
452	hard_decision	6
452	still_working_on_X	2
452	dream_job	24
452	hmm_downer	1
452	downer	1
452	shyoutgoing	3
452	really	0
452	why2	5
452	yeah3	0
452	relax_fishtank	4
452	uh_huh	0
452	okay_confirm	0
452	control_temper	9
452	difficult	2
452	thats_good	0
452	last_argument	4
452	okay_confirm	0
452	feelguilty	91
452	okay_confirm	0
452	hard_decisionB	3
452	name_ellie	4
452	hard_decisionB	13
452	back_later	0
452	memory_erase	7
452	Ellie17Dec2012_02	7
452	easy_sleep	13
452	sleep_affects	1
452	sleep_affects	3
452	okay_confirm	0
452	feel_lately	2
452	thats_good	0
452	behavior_changes	11
452	happy_lasttime	7
452	wild_laughter7BIG	79
452	oh_no	1
452	difficult	25
452	isee_downer	0
452	symptoms_cope	6
452	advice_back	28
452	tell_about_that	14
452	okay_confirm	0
452	memorableB	3
452	BF_describe	9
452	mind	29
452	okay_confirm	4
452	ideal_weekendC	6
452	like_what	10
452	mhm	13
452	okay_confirm	0
452	Ellie17Dec2012_10	10
452	nice	0
452	happy_didthat	16
452	love_hear	3
452	bouts_symptoms	8
452	Ellie17Dec2012_08	7
452	asked_everything	4
452	appreciate_open	0
452	bye	4
453	IntroV4Confirmation	1
453	okay_confirm	0
453	how_doingV	3
453	thats_good	0
453	where_originally	3
453	really	1
453	like_about_LA	2
453	mhm	0
453	dont_like_LA	6
453	see_mean	8
453	yeah3	2
453	travel_shoes	3
453	cool3	0
453	travel_changed	9
453	travel_trips	50
453	good_hear	1
453	memorableB	30
453	wow	2
453	shyoutgoing	43
453	makes_sense	1
453	relax_fishtank	5
453	nice	0
453	control_temper	6
453	thats_good	0
453	last_argument	47
453	describe_felt	53
453	mm	1
453	situation_handled	4
453	okay_confirm	1
453	feelguilty	13
453	tell_about_that	18
453	sorry_hear	0
453	memory_erase	73
453	avoid	10
453	isee_downer	1
453	study	22
453	sounds_interesting	0
453	how_close	3
453	hard_decision	37
453	happy_didthat	4
453	still_working_on_X	1
453	dream_job	11
453	awesome	0
453	hard_decisionB	38
453	easy_parent	2
453	parent_best	17
453	parent_hardest	7
453	parent_differences	69
453	mhm	2
453	family_relationship	43
453	influence_positive	25
453	tell_about_that	39
453	thats_great	0
453	easy_sleep	19
453	why2	7
453	symptoms_cope	16
453	trigger	14
453	sleep_affects	23
453	uh_huh	1
453	like_what	52
453	thats_good	0
453	feel_lately	21
453	behavior_changes	7
453	okay_confirm	0
453	ptsd_diagnosed	1
453	when_diagnosed	7
453	why_seek_help	2
453	therapy_going	21
453	stop_going	5
453	okay_confirm	0
453	therapy_changes	123
453	yeah_downer	0
453	depression_diagnosed	1
453	when_diagnosed	11
453	disturbing_thoughts	9
453	bouts_symptoms	2
453	tell_about_that	93
453	hmm_downer	1
453	describe_felt	19
453	been_hard	1
453	happy_lasttime	9
453	aw	2
453	BF_describe	11
453	good_hear	0
453	self_change	5
453	feelbadly	4
453	okay_confirm	0
453	regret	39
453	wild_laughter3	6
453	advice_back	7
453	Ellie17Dec2012_07	4
453	Ellie17Dec2012_10	10
453	tell_about_that	112
453	awesome	0
453	Ellie17Dec2012_08	86
453	yeah3	0
453	asked_everything	0
453	appreciate_open	1
453	bye	1
454	IntroV4Confirmation	1
454	okay_confirm	0
454	how_doingV	3
454	great_thanks	0
454	where_originally	2
454	really	0
454	when_LA	5
454	often_backB	3
454	thats_good	0
454	compares_LA	5
454	why_LA	7
454	like_about_LA	2
454	see_mean	0
454	dont_like_LA	5
454	tell_about_that	22
454	yeah3	0
454	travel_shoes	1
454	travel_changed	5
454	travel_trips	4
454	mind	5
454	nice	0
454	tell_about_that	17
454	mhm	14
454	cool3	0
454	memorableB	4
454	aw	0
454	kids_elaborate	15
454	wow	0
454	easy_parent	5
454	parent_hardest	13
454	parent_best	8
454	parent_differences	28
454	mhm	0
454	study	1
454	hard_decision	20
454	sounds_interesting	0
454	still_working_on_X	1
454	dream_job	30
454	tell_about_that	17
454	like_what	25
454	difficult	38
454	yeah_downer	0
454	understand	0
454	shyoutgoing	1
454	why2	12
454	relax_fishtank	11
454	nice	0
454	control_temper	2
454	thats_good	0
454	last_argument	5
454	tell_about_that	19
454	describe_felt	1
454	isee_downer	0
454	situation_handled	12
454	elaborate	19
454	okay_confirm	0
454	hard_decisionB	28
454	sorry_hear	3
454	change_directions	11
454	yeah_downer	0
454	memory_erase	22
454	elaborate	34
454	Ellie17Dec2012_06	0
454	family_relationship	4
454	family_roleB	2
454	good_hear	1
454	influence_positive	6
454	tell_about_that	18
454	mhm	0
454	easy_sleep	2
454	thats_good	0
454	sleep_affects	1
454	feel_lately	4
454	behavior_changes	29
454	okay_confirm	0
454	ptsd_diagnosed	1
454	depression_diagnosed	1
454	happy_lasttime	2
454	Ellie17Dec2012_02	4
454	thats_great	0
454	BF_describe	5
454	self_change	6
454	landed_trouble	5
454	okay_confirm	0
454	feelbadly	12
454	bouts_symptoms	4
454	describe_felt	1
454	why2	12
454	understand	0
454	avoid	2
454	like_what	12
454	okay_confirm	0
454	regret	3
454	mind	5
454	advice_back	8
454	mind	7
454	mhm	0
454	Ellie17Dec2012_10	10
454	awesome	2
454	Ellie17Dec2012_09	5
454	okay_confirm	0
454	Ellie17Dec2012_08	2
454	asked_everything	0
454	appreciate_open	0
454	bye	4
455	IntroV4Confirmation	1
455	okay_confirm	0
455	how_doingV	2
455	thats_good	0
455	where_originally	2
455	really	1
455	when_LA	10
455	often_backB	7
455	why2	22
455	isee_downer	0
455	compares_LA	24
455	mhm	0
455	adapted_LA	25
455	thats_good	0
455	like_about_LA	34
455	uh_huh	0
455	dont_like_LA	38
455	good_hear	0
455	travel_shoes	3
455	travel_changed	44
455	travel_trips	5
455	mind	47
455	memorableB	75
455	nice	0
455	study	27
455	wild_laughter3	0
455	hard_decision	47
455	see_mean	1
455	dream_job	37
455	mm	0
455	shyoutgoing	5
455	relax_fishtank	50
455	thats_great	0
455	control_temper	8
455	last_argument	35
455	okay_confirm	0
455	situation_handled	78
455	mhm	1
455	hard_decisionB	108
455	okay_confirm	0
455	memory_erase	47
455	understand	0
455	easy_sleep	12
455	thats_good	0
455	feel_lately	15
455	behavior_changes	30
455	mhm	0
455	ptsd_diagnosed	1
455	depression_diagnosed	2
455	happy_lasttime	30
455	BF_describe	20
455	uh_huh	0
455	self_change	33
455	okay_confirm	0
455	advice_back	73
455	mhm	0
455	Ellie17Dec2012_10	22
455	cool3	1
455	Ellie17Dec2012_08	38
455	asked_everything	0
455	appreciate_open	0
455	bye	1
456	IntroV4Confirmation	1
456	okay_confirm	0
456	how_doingV	4
456	thats_good	0
456	where_originally	3
456	really	1
456	when_LA	15
456	often_backB	10
456	compares_LA	25
456	why_LA	6
456	adapted_LA	62
456	mhm	0
456	like_about_LA	82
456	yeah3	0
456	dont_like_LA	57
456	see_mean	1
456	travel_shoes	47
456	cool3	0
456	travel_changed	21
456	travel_trips	86
456	awesome	0
456	memorableB	4
456	yeah3	82
456	describe_felt	10
456	great_situation	1
456	study	29
456	change_directions	4
456	dream_job	20
456	difficult	49
456	mm	0
456	shyoutgoing	7
456	relax_fishtank	48
456	control_temper	39
456	landed_trouble	1
456	tell_about_that	3
456	okay_confirm	0
456	last_argument	72
456	okay_confirm	0
456	situation_handled	45
456	avoid	21
456	see_mean	0
456	hard_decisionB	120
456	yeah_downer	0
456	happy_didthat	1
456	hard_decision	24
456	understand	0
456	memory_erase	37
456	okay_confirm	0
456	family_relationship	53
456	good_hear	0
456	influence_positive	25
456	easy_sleep	36
456	sleep_affects	59
456	feel_lately	6
456	behavior_changes	12
456	tell_about_that	53
456	thats_good	0
456	ptsd_diagnosed	1
456	depression_diagnosed	1
456	happy_lasttime	41
456	aw	0
456	BF_describe	53
456	uh_huh	0
456	self_change	10
456	feelbadly	95
456	isee_downer	0
456	regret	9
456	advice_back	3
456	Ellie17Dec2012_07	59
456	mhm	0
456	Ellie17Dec2012_10	32
456	nice	0
456	Ellie17Dec2012_08	20
456	asked_everything	0
456	appreciate_open	2
456	bye	1
457	IntroV4Confirmation	1
457	okay_confirm	0
457	how_doingV	6
457	thats_good	0
457	awesome	0
457	where_originally	7
457	really	0
457	when_LA	14
457	often_backB	7
457	okay_confirm	0
457	compares_LA	18
457	why_LA	4
457	wild_laughter3	0
457	adapted_LA	23
457	wow	0
457	like_about_LA	57
457	dont_like_LA	20
457	see_mean	0
457	travel_shoes	15
457	travel_changed	36
457	travel_trips	48
457	aw	0
457	memorableB	118
457	wild_laughter3	0
457	great_situation	0
457	shyoutgoing	18
457	tell_about_that	33
457	thats_great	0
457	relax_fishtank	44
457	cool3	0
457	control_temper	3
457	last_argument	2
457	describe_felt	16
457	been_hard	18
457	okay_confirm	0
457	situation_handled	62
457	uh_oh	0
457	feelguilty	19
457	why2	23
457	wild_laughter3	0
457	hard_decisionB	63
457	change_directions	22
457	isee_downer	0
457	memory_erase	29
457	understand	0
457	family_relationship	58
457	thats_good	0
457	influence_positive	15
457	tell_about_that	108
457	how_know	27
457	cool3	0
457	easy_sleep	44
457	sleep_affects	29
457	okay_confirm	0
457	feel_lately	11
457	why2	56
457	behavior_changes	33
457	okay_confirm	0
457	ptsd_diagnosed	14
457	depression_diagnosed	19
457	tell_about_that	37
457	happy_lasttime	35
457	awesome	0
457	BF_describe	15
457	Ellie17Dec2012_07	18
457	self_change	16
457	like_what	22
457	Ellie17Dec2012_08	24
457	regret	10
457	advice_back	4
457	wild_laughter3	0
457	Ellie17Dec2012_09	8
457	asked_everything	0
457	appreciate_open	2
457	bye	2
459	IntroV4Confirmation	2
459	okay_confirm	0
459	how_doingV	5
459	okay_confirm	0
459	where_originally	17
459	like_about_LA	21
459	mhm	0
459	dont_like_LA	18
459	see_mean	0
459	travel_shoes	10
459	travel_changed	6
459	travel_trips	29
459	nice	0
459	memorableB	3
459	yeah3	16
459	describe_felt	8
459	change_directions	12
459	happy_didthat	1
459	thats_good	0
459	study	44
459	okay_confirm	0
459	dream_job	15
459	tell_about_that	18
459	okay_confirm	0
459	shyoutgoing	20
459	mhm	0
459	relax_fishtank	32
459	difficult	19
459	tell_about_that	23
459	see_mean	1
459	control_temper	23
459	landed_trouble	2
459	last_argument	26
459	change_directions	37
459	okay_confirm	0
459	situation_handled	25
459	family_relationship	61
459	describe_felt	1
459	im_sorry	2
459	memory_erase	16
459	why2	12
459	okay_confirm	0
459	hard_decisionB	11
459	tell_about_that	72
459	isee_downer	0
459	influence_positive	1
459	more	36
459	thats_great	0
459	easy_sleep	2
459	why2	50
459	been_hard	4
459	symptoms_cope	23
459	mhm	0
459	sleep_affects	24
459	understand	0
459	feel_lately	25
459	behavior_changes	6
459	ptsd_diagnosed	2
459	depression_diagnosed	1
459	when_diagnosed	32
459	why_seek_help	17
459	therapy_going	1
459	stop_going	20
459	mhm	0
459	therapy_changes	8
459	like_what	32
459	therapy_useful	12
459	see_mean	0
459	happy_lasttime	3
459	tell_about_that	24
459	aw	0
459	good_hear	0
459	BF_describe	14
459	uh_huh	0
459	self_change	36
459	feelbadly	48
459	sorry_hear	0
459	regret	6
459	advice_back	5
459	Ellie17Dec2012_10	18
459	more	14
459	change_directions	20
459	cool3	0
459	Ellie17Dec2012_07	33
459	okay_confirm	0
459	ideal_weekendC	32
459	mhm	0
459	Ellie17Dec2012_08	28
459	asked_everything	1
459	appreciate_open	0
459	bye	1
461	IntroV4Confirmation	1
461	okay_confirm	0
461	how_doingV	2
461	thats_good	0
461	where_originally	2
461	really	0
461	like_about_LA	12
461	mhm	0
461	dont_like_LA	8
461	see_mean	0
461	travel_shoes	3
461	why2	16
461	makes_sense	0
461	study	8
461	dream_job	13
461	okay_confirm	0
461	shyoutgoing	7
461	relax_fishtank	9
461	difficult	3
461	okay_confirm	0
461	control_temper	14
461	landed_trouble	6
461	tell_about_that	20
461	mhm	0
461	isee_downer	0
461	isee_downer	0
461	last_argument	23
461	describe_felt	8
461	okay_confirm	0
461	situation_handled	19
461	avoid	12
461	hard_decisionB	18
461	change_directions	22
461	happy_didthat	1
461	thats_good	0
461	situation_handled	8
461	yeah3	0
461	memory_erase	44
461	understand	0
461	kids_elaborate	62
461	thats_great	0
461	easy_parent	1
461	parent_hardest	7
461	parent_best	8
461	aw	0
461	parent_differences	58
461	family_roleB	23
461	okay_confirm	12
461	influence_positive	4
461	tell_about_that	19
461	easy_sleep	2
461	why2	17
461	trigger	31
461	wild_laughter3	0
461	sleep_affects	18
461	mhm	0
461	feel_lately	15
461	im_sorry	0
461	tell_about_that	47
461	hmm_downer	1
461	good_job	3
461	ptsd_diagnosed	3
461	depression_diagnosed	8
461	when_diagnosed	18
461	why_seek_help	18
461	therapy_going	1
461	therapy_useful	25
461	therapy_changes	40
461	see_mean	0
461	happy_lasttime	9
461	more	25
461	BF_describe	6
461	Ellie17Dec2012_07	23
461	mhm	0
461	self_change	31
461	bouts_symptoms	3
461	give_example	61
461	great_thanks	2
461	advice_back	29
461	thats_good	0
461	ideal_weekendC	33
461	nice	3
461	me_too	0
461	Ellie17Dec2012_08	2
461	asked_everything	0
461	appreciate_open	3
461	bye	6
461	uh_huh	0
462	IntroV4Confirmation	1
462	okay_confirm	0
462	how_doingV	2
462	thats_good	0
462	where_originally	5
462	really	1
462	like_about_LA	25
462	mhm	3
462	dont_like_LA	49
462	thats_great	0
462	travel_shoes	13
462	awesome	0
462	travel_changed	40
462	travel_trips	132
462	yeah3	0
462	memorableB	70
462	nice	0
462	study	53
462	change_directions	86
462	yeah_downer	0
462	dream_job	51
462	difficult	82
462	okay_confirm	0
462	shyoutgoing	44
462	wild_laughter3	1
462	makes_sense	1
462	relax_fishtank	137
462	mhm	0
462	control_temper	52
462	landed_trouble	44
462	last_argument	95
462	describe_felt	128
462	understand	36
462	yeah3	7
462	okay_confirm	0
462	situation_handled	122
462	Ellie17Dec2012_06	1
462	been_hard	4
462	memory_erase	28
462	okay_confirm	0
462	hard_decisionB	99
462	change_directions	1
462	okay_confirm	0
462	family_relationship	10
462	im_sorry	2
462	influence_positive	108
462	okay_confirm	0
462	easy_sleep	7
462	why2	44
462	sleep_affects	18
462	feel_lately	54
462	ptsd_diagnosed	1
462	depression_diagnosed	1
462	happy_lasttime	123
462	BF_describe	63
462	self_change	35
462	isee_downer	0
462	regret	28
462	right2	0
462	advice_back	32
462	okay_confirm	0
462	Ellie17Dec2012_08	35
462	thats_great	0
462	asked_everything	1
462	appreciate_open	2
462	bye	1
463	IntroV4Confirmation	3
463	okay_confirm	0
463	how_doingV	4
463	thats_good	0
463	where_originally	8
463	really	1
463	like_about_LA	17
463	mhm	0
463	dont_like_LA	3
463	see_mean	0
463	travel_shoes	7
463	travel_changed	11
463	travel_trips	23
463	nice	0
463	memorableB	39
463	thats_great	0
463	study	3
463	still_working_on_X	29
463	good_hear	0
463	dream_job	9
463	change_directions	56
463	wow	0
463	happy_didthat	6
463	thats_good	0
463	family_relationship	17
463	family_roleB	24
463	okay_confirm	0
463	influence_positive	15
463	long_time	1
463	tell_about_that	43
463	aw	0
463	shyoutgoing	3
463	why2	18
463	relax_fishtank	23
463	control_temper	12
463	thats_good	0
463	last_argument	11
463	describe_felt	8
463	why2	40
463	yeah_downer	0
463	situation_handled	5
463	okay_confirm	0
463	hard_decisionB	13
463	hard_decision	47
463	happy_didthat	37
463	makes_sense	0
463	memory_erase	6
463	okay_confirm	0
463	easy_sleep	15
463	tell_about_that	43
463	wow	0
463	sleep_affects	20
463	understand	0
463	feel_lately	8
463	behavior_changes	5
463	okay_confirm	0
463	ptsd_diagnosed	1
463	depression_diagnosed	1
463	happy_lasttime	27
463	awesome	0
463	BF_describe	16
463	self_change	12
463	why2	22
463	okay_confirm	0
463	feelbadly	5
463	okay_confirm	0
463	regret	3
463	feelguilty	22
463	change_directions	37
463	okay_confirm	0
463	advice_back	3
463	Ellie17Dec2012_10	31
463	nice	0
463	like_what	37
463	thats_great	0
463	Ellie17Dec2012_08	49
463	uh_huh	0
463	asked_everything	0
463	appreciate_open	0
463	bye	1
464	IntroV4Confirmation	1
464	okay_confirm	0
464	how_doingV	7
464	thats_good	0
464	great_thanks	1
464	where_originally	18
464	cool3	3
464	yeah3	1
464	like_about_LA	19
464	thats_great	6
464	dont_like_LA	14
464	see_mean	22
464	yeah3	0
464	travel_shoes	16
464	nice	0
464	travel_changed	31
464	makes_sense	0
464	travel_trips	9
464	uh_huh	101
464	awesome	0
464	study	18
464	change_directions	32
464	dream_job	12
464	wild_laughter3	5
464	difficult	40
464	mm	1
464	shyoutgoing	71
464	understand	0
464	relax_fishtank	66
464	cool3	8
464	control_temper	58
464	mm	0
464	last_argument	92
464	yeah3	1
464	family_relationship	39
464	thats_good	0
464	situation_handled	22
464	mind	83
464	okay_confirm	1
464	influence_positive	59
464	mm	0
464	memory_erase	124
464	Ellie17Dec2012_06	51
464	yeah_downer	2
464	hard_decisionB	30
464	wild_laughter3	10
464	yeah3	83
464	happy_didthat	2
464	thats_good	0
464	easy_sleep	37
464	wow	7
464	wild_laughter3	2
464	feel_lately	80
464	thats_great	0
464	behavior_changes	9
464	mind	24
464	like_what	5
464	like_what	57
464	okay_confirm	0
464	ptsd_diagnosed	6
464	depression_diagnosed	15
464	tell_about_that	6
464	mhm	86
464	bouts_symptoms	67
464	thats_good	0
464	happy_lasttime	28
464	awesome	0
464	BF_describe	72
464	mm	0
464	self_change	18
464	feelbadly	27
464	tell_about_that	114
464	understand	5
464	regret	10
464	like_what	44
464	yeah_downer	0
464	advice_back	61
464	uh_huh	6
464	Ellie17Dec2012_08	61
464	thats_great	3
464	asked_everything	3
464	appreciate_open	1
464	bye	2
465	IntroV4Confirmation	2
465	okay_confirm	0
465	how_doingV	10
465	thats_good	0
465	where_originally	3
465	really	2
465	like_about_LA	22
465	cool3	0
465	dont_like_LA	49
465	see_mean	0
465	travel_shoes	8
465	travel_changed	60
465	awesome	0
465	travel_trips	3
465	yeah3	126
465	wow	29
465	thats_good	0
465	memorableB	59
465	wild_laughter5	85
465	wild_laughter7BIG	5
465	nice	8
465	really	2
465	shyoutgoing	6
465	relax_fishtank	2
465	okay_confirm	0
465	study	4
465	yeah3	13
465	sounds_interesting	66
465	mm	0
465	still_working_on_X	5
465	dream_job	67
465	control_temper	3
465	last_argument	65
465	mhm	183
465	wow	3
465	been_hard	7
465	wild_laughter3	2
465	situation_handled	96
465	see_mean	45
465	yeah3	0
465	feelguilty	72
465	mm	1
465	landed_trouble	3
465	thats_good	0
465	hard_decisionB	2
465	mhm	105
465	understand	1
465	family_relationship	7
465	family_roleB	12
465	influence_positive	7
465	influence_positive	3
465	tell_about_that	18
465	aw	6
465	okay_confirm	0
465	memory_erase	19
465	why2	117
465	uh_huh	32
465	mm	1
465	easy_sleep	42
465	feel_lately	105
465	wow	4
465	ptsd_diagnosed	5
465	yeah3	4
465	depression_diagnosed	6
465	happy_lasttime	83
465	great_situation	4
465	feel_down	40
465	okay_confirm	2
465	BF_describe	57
465	mhm	0
465	self_change	126
465	mm	0
465	feelbadly	58
465	tell_about_that	9
465	mind	58
465	that_sucks	13
465	yeah3	9
465	regret	0
465	regret	17
465	sorry_hear	59
465	yeah3	8
465	uh_huh	32
465	yes	0
465	yeah3	31
465	wild_laughter3	24
465	wild_laughter3	120
465	right2	0
465	yeah3	48
465	see_mean	57
465	yeah3	0
465	Ellie17Dec2012_08	127
465	thats_great	0
465	asked_everything	3
465	mhm	1
465	appreciate_open	3
465	bye	4
465	me_too	4
465	yeah3	10
465	uh_huh	22
466	IntroV4Confirmation	1
466	okay_confirm	0
466	how_doingV	2
466	thats_good	0
466	where_originally	2
466	really	0
466	like_about_LA	18
466	uh_huh	0
466	dont_like_LA	41
466	see_mean	1
466	travel_shoes	1
466	why2	15
466	im_sorry	0
466	difficult	3
466	tell_about_that	18
466	mhm	37
466	been_hard	4
466	symptoms_cope	76
466	thats_good	1
466	trigger	3
466	like_what	39
466	downer	0
466	study	12
466	dream_job	9
466	awesome	0
466	change_directions	97
466	okay_confirm	0
466	shyoutgoing	78
466	okay_confirm	0
466	yeah3	0
466	bouts_symptoms	10
466	tell_about_that	9
466	yeah3	29
466	okay_confirm	0
466	see_mean	0
466	control_temper	7
466	last_argument	17
466	okay_confirm	0
466	situation_handled	47
466	mind	6
466	tell_about_that	86
466	describe_felt	33
466	yeah_downer	0
466	family_relationship	50
466	family_roleB	37
466	downer	0
466	memory_erase	51
466	tell_me_moreV2	189
466	oh_no	36
466	sorry_hear	2
466	hard_decisionB	145
466	okay_confirm	0
466	easy_sleep	2
466	why2	15
466	trigger	15
466	disturbing_thoughts	1
466	trigger	1
466	tell_about_that	63
466	sleep_affects	9
466	feel_lately	5
466	behavior_changes	28
466	isee_downer	0
466	ptsd_diagnosed	1
466	when_diagnosed	19
466	depression_diagnosed	2
466	when_diagnosed	13
466	why_seek_help	51
466	therapy_going	7
466	stop_going	14
466	okay_confirm	0
466	therapy_useful	3
466	therapist_affect	3
466	therapy_changes	91
466	thats_good	1
466	happy_lasttime	49
466	tell_about_that	120
466	okay_confirm	18
466	see_mean	1
466	self_change	230
466	mhm	98
466	yeah3	0
466	advice_back	112
466	mhm	0
466	Ellie17Dec2012_10	38
466	okay_confirm	0
466	Ellie17Dec2012_08	139
466	thats_great	1
466	asked_everything	1
466	appreciate_open	2
466	bye	1
467	IntroV4Confirmation	5
467	okay_confirm	0
467	how_doingV	7
467	thats_good	3
467	why2	10
467	wild_laughter3	0
467	see_mean	1
467	where_originally	3
467	really	1
467	when_LA	9
467	why_LA	13
467	happy_didthat	6
467	adapted_LA	15
467	like_about_LA	7
467	uh_huh	18
467	dont_like_LA	22
467	okay_confirm	0
467	yeah3	1
467	travel_shoes	32
467	travel_changed	12
467	travel_trips	22
467	nice	50
467	change_directions	50
467	mhm	18
467	cool3	0
467	memorableB	12
467	yeah3	62
467	great_situation	6
467	study	21
467	dream_job	59
467	okay_confirm	1
467	yeah3	0
467	shyoutgoing	4
467	why2	13
467	relax_fishtank	16
467	mhm	1
467	control_temper	7
467	thats_good	3
467	last_argument	18
467	okay_confirm	0
467	situation_handled	15
467	hmm_downer	1
467	hard_decisionB	16
467	tell_about_that	47
467	yeah_downer	100
467	understand	1
467	trade_offs	3
467	memory_erase	4
467	hmm_downer	1
467	feelguilty	8
467	okay_confirm	0
467	family_relationship	52
467	influence_positive	7
467	tell_about_that	77
467	mm	0
467	okay_confirm	0
467	easy_sleep	2
467	thats_good	0
467	feel_lately	6
467	why2	104
467	symptoms_cope	6
467	mhm	23
467	difficult	42
467	see_mean	13
467	yeah_downer	1
467	behavior_changes	1
467	ptsd_diagnosed	1
467	depression_diagnosed	1
467	happy_lasttime	14
467	awesome	1
467	BF_describe	33
467	okay_confirm	0
467	self_change	7
467	regret	1
467	advice_back	21
467	mm	1
467	Ellie17Dec2012_10	9
467	cool3	1
467	change_directions	26
467	okay_confirm	0
467	Ellie17Dec2012_08	13
467	mind	8
467	thats_great	1
467	asked_everything	0
467	appreciate_open	1
467	bye	1
468	IntroV4Confirmation	5
468	okay_confirm	0
468	how_doingV	16
468	thats_good	0
468	where_originally	3
468	really	1
468	like_about_LA	39
468	cool3	0
468	dont_like_LA	27
468	see_mean	0
468	travel_shoes	80
468	travel_changed	41
468	mm	0
468	travel_trips	83
468	nice	1
468	memorableB	143
468	good_hear	1
468	study	11
468	change_directions	104
468	happy_didthat	16
468	thats_great	1
468	shyoutgoing	19
468	why2	0
468	relax_fishtank	41
468	okay_confirm	0
468	control_temper	68
468	last_argument	17
468	wild_laughter3	0
468	okay_confirm	0
468	situation_handled	98
468	that_sucks	3
468	hard_decisionB	77
468	okay_confirm	0
468	feelguilty	22
468	memory_erase	48
468	thats_great	1
468	family_relationship	95
468	mhm	0
468	influence_positive	109
468	good_hear	1
468	easy_sleep	18
468	sleep_affects	21
468	uh_huh	3
468	feel_lately	120
468	awesome	1
468	ptsd_diagnosed	7
468	depression_diagnosed	6
468	happy_lasttime	27
468	aw	61
468	thats_great	1
468	BF_describe	21
468	uh_huh	7
468	landed_trouble	10
468	okay_confirm	0
468	self_change	58
468	understand	1
468	feelbadly	12
468	okay_confirm	0
468	Ellie17Dec2012_10	109
468	thats_great	1
468	advice_back	37
468	regret	30
468	okay_confirm	0
468	Ellie17Dec2012_08	129
468	mhm	0
468	asked_everything	0
468	appreciate_open	2
468	bye	1
469	IntroV4Confirmation	1
469	okay_confirm	0
469	how_doingV	2
469	thats_good	0
469	where_originally	1
469	really	0
469	like_about_LA	42
469	mhm	4
469	dont_like_LA	26
469	see_mean	0
469	travel_shoes	9
469	travel_changed	54
469	yeah3	0
469	travel_trips	47
469	really	21
469	wild_laughter3	24
469	oh_no	4
469	thats_good	3
469	study	5
469	hard_decision	2
469	cool3	6
469	hard_decision	26
469	happy_didthat	17
469	like_what	32
469	makes_sense	0
469	dream_job	83
469	yeah3	0
469	relax_fishtank	45
469	uh_huh	7
469	control_temper	52
469	landed_trouble	34
469	mm	0
469	last_argument	54
469	describe_felt	45
469	yeah_downer	0
469	family_relationship	75
469	uh_huh	2
469	influence_positive	31
469	give_example	34
469	aw	23
469	yeah3	0
469	situation_handled	124
469	isee_downer	0
469	hard_decisionB	27
469	okay_confirm	0
469	feelguilty	43
469	uh_huh	0
469	memory_erase	47
469	downer	0
469	easy_sleep	7
469	thats_good	1
469	sleep_affects	3
469	wild_laughter3	1
469	feel_lately	36
469	symptoms_cope	26
469	mhm	15
469	okay_confirm	0
469	ptsd_diagnosed	26
469	trigger	55
469	mhm	0
469	depression_diagnosed	6
469	when_diagnosed	12
469	why_seek_help	34
469	symptoms_what	22
469	therapy_going	25
469	therapy_useful	5
469	therapy_changes	45
469	mhm	0
469	happy_lasttime	98
469	wild_laughter3	0
469	BF_describe	20
469	uh_huh	0
469	self_change	56
469	mm	0
469	advice_back	36
469	mhm	0
469	Ellie17Dec2012_08	53
469	thats_great	0
469	asked_everything	3
469	appreciate_open	7
469	bye	1
470	IntroV4Confirmation	1
470	okay_confirm	0
470	how_doingV	3
470	thats_good	0
470	where_originally	5
470	really	0
470	like_about_LA	7
470	mhm	0
470	dont_like_LA	30
470	see_mean	0
470	travel_shoes	5
470	why2	14
470	nice	1
470	memorableB	23
470	tell_about_that	53
470	great_situation	0
470	study	12
470	hard_decision	53
470	thats_great	0
470	still_working_on_X	10
470	dream_job	21
470	difficult	15
470	yeah_downer	0
470	shyoutgoing	13
470	relax_fishtank	28
470	cool3	0
470	control_temper	25
470	thats_good	0
470	last_argument	61
470	okay_confirm	0
470	feelguilty	10
470	good_job	1
470	situation_handled	38
470	hard_decisionB	19
470	mhm	2
470	see_mean	1
470	family_relationship	49
470	uh_huh	0
470	influence_positive	2
470	why2	47
470	okay_confirm	0
470	kids_elaborate	20
470	aw	0
470	easy_parent	11
470	parent_hardest	13
470	parent_best	39
470	good_hear	0
470	parent_differences	76
470	been_hard	3
470	memory_erase	18
470	symptoms_cope	75
470	yeah_downer	0
470	sorry_hear	1
470	easy_sleep	18
470	thats_good	0
470	feel_lately	25
470	understand	0
470	behavior_changes	30
470	uh_huh	0
470	ptsd_diagnosed	3
470	depression_diagnosed	3
470	happy_lasttime	45
470	describe_felt	60
470	yeah3	0
470	BF_describe	50
470	understand	0
470	Ellie17Dec2012_07	20
470	mhm	0
470	self_change	41
470	yeah_downer	0
470	feelbadly	76
470	yeah_downer	0
470	regret	43
470	mm	29
470	yeah3	1
470	advice_back	23
470	okay_confirm	0
470	Ellie17Dec2012_10	91
470	awesome	1
470	Ellie17Dec2012_08	32
470	thats_great	0
470	asked_everything	0
470	appreciate_open	2
470	bye	1
471	IntroV4Confirmation	1
471	okay_confirm	0
471	how_doingV	5
471	thats_good	0
471	where_originally	4
471	really	0
471	like_about_LA	5
471	like_what	7
471	awesome	0
471	dont_like_LA	1
471	see_mean	0
471	travel_shoes	1
471	travel_changed	3
471	travel_trips	56
471	yeah2	0
471	memorableB	3
471	yeah3	62
471	nice	0
471	study	3
471	hard_decision	25
471	still_working_on_X	10
471	happy_didthat	3
471	dream_job	9
471	really	1
471	tell_about_that	108
471	yeah3	0
471	relax_fishtank	2
471	okay_confirm	0
471	control_temper	16
471	last_argument	19
471	describe_felt	4
471	situation_handled	115
471	landed_trouble	38
471	makes_sense	0
471	hard_decisionB	58
471	isee_downer	0
471	memory_erase	46
471	mm	0
471	family_relationship	88
471	im_sorry	0
471	symptoms_cope	56
471	been_hard	1
471	influence_positive	55
471	understand	0
471	easy_sleep	50
471	feel_lately	40
471	behavior_changes	2
471	feel_down	1
471	ptsd_diagnosed	1
471	depression_diagnosed	1
471	happy_lasttime	28
471	good_hear	0
471	BF_describe	7
471	self_change	20
471	tell_about_that	96
471	yeah_downer	0
471	feelbadly	82
471	wow	1
471	regret	13
471	avoid	113
471	right2	0
471	see_mean	0
471	advice_back	59
471	Ellie17Dec2012_10	58
471	thats_great	0
471	Ellie17Dec2012_08	86
471	asked_everything	0
471	appreciate_open	2
471	bye	1
472	IntroV4Confirmation	1
472	okay_confirm	0
472	how_doingV	4
472	thats_good	0
472	where_originally	2
472	really	0
472	like_about_LA	7
472	mhm	0
472	dont_like_LA	4
472	see_mean	0
472	travel_shoes	4
472	why2	3
472	okay_confirm	0
472	study	5
472	sounds_interesting	0
472	hard_decision	14
472	still_working_on_X	2
472	dream_job	8
472	difficult	2
472	tell_about_that	29
472	mm	0
472	understand	0
472	shyoutgoing	3
472	relax_fishtank	11
472	okay_confirm	0
472	family_relationship	23
472	good_hear	0
472	control_temper	27
472	last_argument	24
472	wild_laughter3	0
472	kids_elaborate	52
472	mhm	0
472	easy_parent	11
472	parent_hardest	34
472	yeah_downer	0
472	symptoms_cope	2
472	parent_best	31
472	parent_differences	35
472	yeah3	0
472	situation_handled	63
472	okay_confirm	0
472	feelguilty	13
472	tell_about_that	82
472	yeah_downer	0
472	hard_decisionB	8
472	okay_confirm	0
472	memory_erase	54
472	makes_sense	0
472	influence_positive	24
472	tell_about_that	75
472	okay_confirm	0
472	easy_sleep	7
472	thats_good	0
472	feel_lately	1
472	behavior_changes	19
472	okay_confirm	0
472	ptsd_diagnosed	1
472	depression_diagnosed	1
472	happy_lasttime	22
472	aw	11
472	great_situation	0
472	BF_describe	11
472	uh_huh	0
472	self_change	15
472	feelbadly	41
472	okay_confirm	0
472	regret	23
472	advice_back	12
472	okay_confirm	0
472	Ellie17Dec2012_10	33
472	nice	0
472	Ellie17Dec2012_08	19
472	good_hear	0
472	asked_everything	0
472	appreciate_open	0
472	bye	1
473	IntroV4Confirmation	1
473	okay_confirm	0
473	how_doingV	1
473	thats_good	0
473	where_originally	2
473	really	0
473	when_LA	3
473	often_backB	4
473	thats_good	0
473	compares_LA	7
473	why_LA	4
473	see_mean	0
473	adapted_LA	4
473	like_about_LA	14
473	mhm	0
473	dont_like_LA	4
473	give_example	9
473	understand	0
473	travel_shoes	1
473	why2	5
473	okay_confirm	0
473	study	1
473	sounds_interesting	0
473	hard_decision	11
473	still_working_on_X	3
473	dream_job	5
473	difficult	3
473	shyoutgoing	1
473	why2	9
473	wild_laughter3	0
473	relax_fishtank	5
473	control_temper	2
473	last_argument	11
473	wow	0
473	feelguilty	7
473	okay_confirm	0
473	situation_handled	12
473	hmm_downer	0
473	hard_decisionB	4
473	tell_about_that	19
473	happy_didthat	1
473	family_relationship	22
473	thats_great	0
473	influence_positive	2
473	tell_about_that	12
473	aw	0
473	memory_erase	15
473	okay_confirm	0
473	living_situation	3
473	roommates	1
473	okay_confirm	0
473	easy_sleep	3
473	sleep_affects	5
473	wild_laughter3	0
473	feel_lately	1
473	behavior_changes	1
473	ptsd_diagnosed	1
473	depression_diagnosed	1
473	happy_lasttime	10
473	thats_good	0
473	bouts_symptoms	1
473	okay_confirm	0
473	BF_describe	1
473	why2	4
473	wild_laughter3	0
473	self_change	7
473	feelbadly	13
473	regret	1
473	advice_back	9
473	mhm	0
473	memorableB	4
473	give_example	20
473	good_hear	0
473	Ellie17Dec2012_10	10
473	awesome	0
473	mad_makeyou	7
473	see_mean	0
473	Ellie17Dec2012_09	7
473	Ellie17Dec2012_08	2
473	okay_confirm	0
473	Ellie17Dec2012_07	17
473	thats_good	0
473	asked_everything	0
473	appreciate_open	0
473	bye	0
474	okay_cheery	0
474	IntroV4Confirmation	1
474	okay_confirm	0
474	how_doingV	5
474	great_thanks	0
474	where_originally	12
474	really	2
474	when_LA	8
474	often_backB	14
474	mhm	1
474	compares_LA	30
474	why_LA	2
474	happy_didthat	7
474	thats_good	0
474	adapted_LA	32
474	like_about_LA	39
474	yeah3	0
474	dont_like_LA	7
474	see_mean	11
474	okay_confirm	0
474	yeah3	0
474	travel_shoes	6
474	travel_changed	12
474	travel_trips	59
474	nice	0
474	study	3
474	hard_decision	20
474	still_working_on_X	3
474	dream_job	19
474	cool3	0
474	difficult	2
474	why2	13
474	makes_sense	0
474	shyoutgoing	4
474	why2	10
474	okay_confirm	0
474	relax_fishtank	11
474	okay_confirm	0
474	control_temper	2
474	thats_good	0
474	last_argument	56
474	describe_felt	40
474	yeah_downer	0
474	that_sucks	1
474	situation_handled	235
474	yeah_downer	0
474	hard_decisionB	94
474	okay_confirm	1
474	memory_erase	112
474	yeah_downer	1
474	family_relationship	43
474	good_hear	0
474	influence_positive	37
474	uh_huh	0
474	easy_sleep	7
474	tell_about_that	129
474	sleep_affects	31
474	mm	0
474	feel_lately	54
474	okay_confirm	0
474	behavior_changes	19
474	okay_confirm	0
474	ptsd_diagnosed	1
474	depression_diagnosed	2
474	happy_lasttime	15
474	thats_great	0
474	BF_describe	8
474	uh_huh	4
474	self_change	57
474	okay_confirm	1
474	feelbadly	249
474	sorry_hear	2
474	regret	1
474	mhm	3
474	advice_back	71
474	yeah_downer	0
474	Ellie17Dec2012_10	41
474	awesome	1
474	Ellie17Dec2012_08	64
474	thats_great	0
474	asked_everything	0
474	appreciate_open	2
474	bye	3
475	IntroV4Confirmation	1
475	okay_confirm	0
475	how_doingV	3
475	thats_good	0
475	where_originally	6
475	really	0
475	like_about_LA	2
475	dont_like_LA	2
475	see_mean	0
475	travel_shoes	7
475	travel_changed	6
475	travel_trips	34
475	nice	0
475	memorableB	9
475	tell_about_that	21
475	wow	0
475	thats_great	0
475	study	6
475	sounds_interesting	0
475	hard_decision	36
475	mhm	0
475	still_working_on_X	6
475	dream_job	20
475	awesome	1
475	shyoutgoing	27
475	understand	0
475	relax_fishtank	47
475	mhm	0
475	control_temper	12
475	thats_good	0
475	last_argument	26
475	okay_confirm	0
475	situation_handled	4
475	feelguilty	15
475	okay_confirm	0
475	memory_erase	10
475	okay_confirm	0
475	family_relationship	18
475	thats_good	0
475	influence_positive	25
475	mm	0
475	easy_sleep	20
475	why2	48
475	wow	0
475	feel_lately	4
475	behavior_changes	34
475	tell_about_that	69
475	see_mean	0
475	happy_lasttime	8
475	ptsd_diagnosed	1
475	depression_diagnosed	2
475	Ellie17Dec2012_10	24
475	cool3	0
475	BF_describe	11
475	self_change	11
475	feelbadly	3
475	okay_confirm	0
475	regret	24
475	mm	0
475	advice_back	33
475	yeah3	0
475	Ellie17Dec2012_08	67
475	asked_everything	0
475	appreciate_open	0
475	bye	0
476	IntroV4Confirmation	3
476	okay_confirm	0
476	how_doingV	11
476	wild_laughter3	0
476	where_originally	5
476	really	1
476	like_about_LA	10
476	like_what	20
476	mhm	0
476	dont_like_LA	11
476	see_mean	0
476	travel_shoes	7
476	why2	6
476	understand	0
476	travel_changed	11
476	travel_trips	9
476	nice	0
476	memorableB	20
476	thats_great	0
476	study	6
476	sounds_interesting	0
476	hard_decision	9
476	still_working_on_X	1
476	dream_job	5
476	difficult	4
476	why2	7
476	that_sucks	2
476	shyoutgoing	5
476	relax_fishtank	19
476	thats_good	0
476	control_temper	10
476	mhm	0
476	last_argument	12
476	okay_confirm	0
476	situation_handled	12
476	okay_confirm	0
476	hard_decisionB	19
476	hmmB	0
476	feelguilty	22
476	okay_confirm	0
476	family_relationship	21
476	understand	0
476	tell_about_that	38
476	yeah3	0
476	influence_positive	27
476	okay_confirm	0
476	easy_sleep	4
476	thats_good	1
476	sleep_affects	16
476	uh_huh	0
476	feel_lately	10
476	behavior_changes	4
476	ptsd_diagnosed	1
476	depression_diagnosed	2
476	happy_lasttime	22
476	awesome	1
476	BF_describe	8
476	self_change	9
476	tell_about_that	24
476	why2	23
476	isee_downer	0
476	feelbadly	51
476	im_sorry	2
476	regret	3
476	mhm	10
476	change_directions	27
476	okay_confirm	0
476	Ellie17Dec2012_07	12
476	uh_huh	0
476	Ellie17Dec2012_10	23
476	nice	1
476	Ellie17Dec2012_08	25
476	asked_everything	2
476	appreciate_open	5
476	bye	1
477	IntroV4Confirmation	2
477	okay_confirm	0
477	how_doingV	7
477	thats_good	0
477	great_thanks	0
477	where_originally	5
477	really	1
477	when_LA	34
477	often_backB	26
477	compares_LA	29
477	mhm	0
477	why_LA	44
477	happy_didthat	12
477	good_hear	0
477	adapted_LA	24
477	living_situation	61
477	awesome	0
477	study	21
477	hard_decision	49
477	still_working_on_X	24
477	mhm	12
477	dream_job	57
477	difficult	79
477	yeah_downer	0
477	shyoutgoing	11
477	why2	103
477	okay_confirm	0
477	control_temper	23
477	landed_trouble	16
477	last_argument	38
477	mm	0
477	okay_confirm	0
477	relax_fishtank	48
477	mhm	3
477	thats_good	0
477	situation_handled	39
477	back_later	3
477	memory_erase	171
477	mhm	0
477	trigger	14
477	okay_confirm	0
477	feelguilty	160
477	understand	0
477	family_relationship	176
477	okay_confirm	0
477	influence_positive	225
477	good_hear	0
477	easy_sleep	121
477	uh_huh	0
477	sleep_affects	151
477	okay_confirm	0
477	feel_lately	60
477	behavior_changes	120
477	im_sorry	4
477	ptsd_diagnosed	1
477	depression_diagnosed	1
477	happy_lasttime	62
477	BF_describe	48
477	okay_confirm	0
477	self_change	86
477	okay_confirm	0
477	feelbadly	137
477	yeah2	131
477	yeah_downer	0
477	isee_downer	0
477	advice_back	155
477	hmmB	0
477	Ellie17Dec2012_08	61
477	okay_confirm	0
477	Ellie17Dec2012_10	89
477	nice	0
477	asked_everything	0
477	appreciate_open	3
477	bye	1
478	IntroV4Confirmation	1
478	okay_confirm	0
478	how_doingV	3
478	thats_good	0
478	where_originally	3
478	when_LA	2
478	often_backB	2
478	why2	5
478	compares_LA	32
478	travel_shoes	6
478	travel_changed	2
478	travel_changed	28
478	nice	0
478	study	5
478	sounds_interesting	0
478	hard_decision	38
478	awesome	1
478	happy_didthat	1
478	still_working_on_X	1
478	dream_job	23
478	difficult	6
478	tell_about_that	5
478	mm	52
478	okay_confirm	0
478	shyoutgoing	23
478	thats_good	0
478	relax_fishtank	27
478	okay_confirm	0
478	control_temper	1
478	last_argument	4
478	okay_confirm	0
478	situation_handled	8
478	feelguilty	41
478	see_mean	0
478	hard_decisionB	67
478	yeah_downer	0
478	family_relationship	15
478	okay_confirm	0
478	influence_positive	39
478	how_know	8
478	cool3	0
478	memory_erase	8
478	okay_confirm	0
478	okay_confirm	0
478	easy_sleep	9
478	sleep_affects	11
478	feel_lately	2
478	thats_good	0
478	behavior_changes	23
478	trigger	31
478	tell_about_that	8
478	okay_confirm	0
478	depression_diagnosed	7
478	when_diagnosed	4
478	why_seek_help	35
478	therapy_going	5
478	therapy_changes	56
478	mhm	0
478	disturbing_thoughts	11
478	im_sorry	0
478	symptoms_cope	42
478	uh_huh	0
478	happy_lasttime	24
478	thats_great	1
478	BF_describe	21
478	mhm	0
478	self_change	72
478	okay_confirm	0
478	feelbadly	53
478	okay_confirm	0
478	understand	0
478	Ellie17Dec2012_10	61
478	nice	0
478	ideal_weekendC	42
478	thats_good	0
478	advice_back	148
478	yeah_downer	0
478	Ellie17Dec2012_08	125
478	great_situation	1
478	asked_everything	1
478	appreciate_open	3
478	bye	0
479	IntroV4Confirmation	1
479	okay_confirm	0
479	how_doingV	1
479	thats_good	0
479	where_originally	1
479	really	0
479	like_about_LA	7
479	okay_confirm	0
479	dont_like_LA	2
479	like_what	9
479	yeah_downer	1
479	see_mean	0
479	travel_shoes	2
479	why2	5
479	travel_changed	12
479	mhm	0
479	travel_trips	11
479	cool3	0
479	memorableB	9
479	tell_about_that	31
479	uh_huh	0
479	study	2
479	hard_decision	19
479	happy_didthat	4
479	why2	11
479	okay_confirm	0
479	dream_job	11
479	sounds_interesting	0
479	change_directions	13
479	understand	0
479	shyoutgoing	5
479	okay_confirm	0
479	relax_fishtank	4
479	mhm	0
479	control_temper	30
479	yeah_downer	0
479	last_argument	16
479	how_know	8
479	describe_felt	1
479	mhm	2
479	okay_confirm	0
479	situation_handled	13
479	like_what	21
479	makes_sense	0
479	hard_decisionB	8
479	hard_decision	29
479	living_situation	4
479	thats_good	0
479	family_relationship	4
479	family_roleB	2
479	good_hear	0
479	memory_erase	5
479	okay_confirm	0
479	feelguilty	6
479	tell_about_that	47
479	yeah_downer	0
479	been_hard	1
479	good_job	0
479	influence_positive	3
479	okay_confirm	0
479	easy_sleep	21
479	mhm	0
479	sleep_affects	18
479	yeah3	0
479	feel_lately	4
479	mhm	5
479	why2	6
479	nice	0
479	behavior_changes	1
479	ptsd_diagnosed	2
479	depression_diagnosed	1
479	happy_lasttime	6
479	more	16
479	cool3	0
479	BF_describe	9
479	uh_huh	3
479	self_change	4
479	feelbadly	8
479	okay_confirm	0
479	Ellie17Dec2012_07	52
479	thats_good	0
479	ideal_weekendC	16
479	okay_confirm	0
479	Ellie17Dec2012_10	4
479	awesome	0
479	regret	6
479	isee_downer	0
479	advice_back	22
479	give_example	54
479	yeah_downer	0
479	Ellie17Dec2012_09	16
479	mhm	0
479	Ellie17Dec2012_08	7
479	thats_good	1
479	asked_everything	0
479	appreciate_open	0
479	bye	0
481	IntroV4Confirmation	3
481	okay_confirm	0
481	how_doingV	4
481	thats_good	0
481	where_originally	2
481	really	3
481	like_about_LA	38
481	cool3	0
481	dont_like_LA	21
481	yeah3	22
481	see_mean	3
481	yeah3	0
481	travel_shoes	18
481	travel_changed	36
481	travel_trips	75
481	nice	1
481	memorableB	28
481	awesome	12
481	okay_confirm	0
481	study	29
481	still_working_on_X	33
481	tell_about_that	37
481	wild_laughter3	18
481	okay_confirm	0
481	dream_job	9
481	mhm	0
481	shyoutgoing	2
481	why2	44
481	makes_sense	0
481	relax_fishtank	7
481	difficult	80
481	thats_good	3
481	control_temper	64
481	hmm_downer	24
481	okay_confirm	0
481	last_argument	80
481	describe_felt	47
481	yeah_downer	14
481	understand	35
481	thats_great	2
481	situation_handled	26
481	feelguilty	43
481	yeah_downer	0
481	change_directions	9
481	isee_downer	60
481	okay_confirm	0
481	hard_decisionB	133
481	thats_good	7
481	memory_erase	61
481	downer	0
481	family_relationship	64
481	mm	38
481	yeah_downer	4
481	symptoms_cope	61
481	uh_huh	0
481	yeah3	0
481	easy_sleep	1
481	why2	30
481	sleep_affects	56
481	that_sucks	54
481	like_what	123
481	yeah_downer	0
481	feel_lately	94
481	hmm_downer	0
481	ptsd_diagnosed	1
481	depression_diagnosed	1
481	when_diagnosed	26
481	why2	39
481	understand	0
481	why_seek_help	29
481	therapy_useful	3
481	therapy_changes	23
481	tell_about_that	13
481	wild_laughter3	46
481	okay_confirm	0
481	happy_lasttime	29
481	aw	1
481	BF_describe	27
481	self_change	28
481	okay_confirm	0
481	advice_back	26
481	mhm	0
481	Ellie17Dec2012_08	2
481	asked_everything	0
481	appreciate_open	6
481	bye	0
482	IntroV4Confirmation	1
482	okay_confirm	0
482	how_doingV	3
482	thats_good	0
482	where_originally	21
482	really	0
482	very_young	3
482	often_backB	6
482	why2	14
482	okay_confirm	0
482	like_about_LA	6
482	mhm	19
482	yeah3	0
482	dont_like_LA	22
482	see_mean	0
482	travel_shoes	4
482	travel_changed	26
482	travel_trips	14
482	nice	0
482	memorableB	47
482	yeah3	41
482	mhm	0
482	shyoutgoing	7
482	why2	5
482	study	15
482	cool3	0
482	hard_decision	48
482	happy_didthat	27
482	dream_job	48
482	change_directions	42
482	thats_great	0
482	family_relationship	46
482	family_roleB	78
482	isee_downer	0
482	influence_positive	19
482	tell_about_that	43
482	okay_confirm	0
482	control_temper	114
482	right2	59
482	last_argument	153
482	yeah2	37
482	describe_felt	10
482	yeah3	49
482	mm	18
482	downer	0
482	hard_decisionB	229
482	yeah_downer	0
482	memory_erase	14
482	mhm	65
482	okay_confirm	0
482	easy_sleep	27
482	yeah3	64
482	understand	0
482	easy_sleep	4
482	sleep_affects	12
482	feel_lately	7
482	thats_good	0
482	behavior_changes	3
482	okay_confirm	0
482	ptsd_diagnosed	1
482	depression_diagnosed	1
482	happy_lasttime	77
482	good_hear	0
482	BF_describe	69
482	mhm	0
482	self_change	74
482	uh_huh	3
482	advice_back	80
482	okay_confirm	15
482	Ellie17Dec2012_08	71
482	asked_everything	0
482	appreciate_open	2
482	bye	1
483	IntroV4Confirmation	1
483	okay_confirm	0
483	how_doingV	4
483	where_originally	3
483	really	0
483	when_LA	4
483	often_backB	10
483	why2	4
483	okay_confirm	0
483	why_LA	18
483	Ellie17Dec2012_06	0
483	adapted_LA	2
483	tell_about_that	22
483	mhm	0
483	like_about_LA	26
483	dont_like_LA	4
483	wild_laughter3	0
483	see_mean	0
483	travel_shoes	9
483	why2	6
483	understand	0
483	travel_changed	8
483	travel_trips	38
483	memorableB	5
483	mind	180
483	wild_laughter3	12
483	oh_my_gosh	5
483	okay_confirm	0
483	study	12
483	sounds_interesting	0
483	hard_decision	34
483	yeah3	1
483	dream_job	14
483	okay_confirm	0
483	shyoutgoing	5
483	why2	25
483	mhm	35
483	see_mean	1
483	relax_fishtank	35
483	uh_huh	5
483	control_temper	3
483	landed_trouble	1
483	tell_about_that	47
483	last_argument	5
483	mind	28
483	uh_huh	5
483	describe_felt	40
483	okay_confirm	0
483	situation_handled	92
483	hmm_downer	93
483	yeah_downer	0
483	hard_decisionB	80
483	mm	29
483	change_directions	163
483	okay_confirm	0
483	memory_erase	213
483	yeah_downer	0
483	ptsd_diagnosed	1
483	depression_diagnosed	1
483	when_diagnosed	58
483	mhm	24
483	why_seek_help	74
483	therapy_going	4
483	stop_going	33
483	therapy_useful	38
483	right2	0
483	therapist_affect	44
483	yeah_downer	0
483	happy_lasttime	17
483	good_hear	0
483	self_change	162
483	yeah3	22
483	see_mean	13
483	okay_confirm	0
483	BF_describe	14
483	wild_laughter3	127
483	yeah3	8
483	okay_confirm	0
483	advice_back	97
483	mm	39
483	okay_confirm	0
483	Ellie17Dec2012_08	71
483	yeah3	13
483	asked_everything	0
483	appreciate_open	0
483	bye	8
483	yeah3	1
484	IntroV4Confirmation	1
484	okay_confirm	0
484	how_doingV	3
484	thats_good	0
484	where_originally	5
484	really	0
484	like_about_LA	15
484	mhm	0
484	dont_like_LA	11
484	see_mean	0
484	travel_shoes	9
484	travel_changed	25
484	uh_huh	0
484	travel_trips	46
484	nice	0
484	change_directions	41
484	mhm	0
484	memorableB	26
484	thats_great	0
484	study	9
484	dream_job	41
484	okay_confirm	0
484	shyoutgoing	44
484	makes_sense	0
484	relax_fishtank	29
484	mhm	13
484	cool3	0
484	control_temper	20
484	thats_good	0
484	last_argument	60
484	hmm_downer	0
484	describe_felt	14
484	downer	0
484	how_know	58
484	mhm	0
484	situation_handled	80
484	okay_confirm	0
484	hard_decisionB	65
484	yeah_downer	0
484	hard_decision	31
484	makes_sense	0
484	memory_erase	52
484	sorry_hear	0
484	family_relationship	89
484	uh_huh	11
484	influence_positive	48
484	thats_great	0
484	easy_sleep	15
484	why2	41
484	understand	0
484	symptoms_cope	63
484	mhm	0
484	feel_lately	45
484	uh_huh	0
484	ptsd_diagnosed	3
484	depression_diagnosed	1
484	when_diagnosed	4
484	why_seek_help	64
484	yeah_downer	0
484	therapy_going	3
484	therapy_useful	1
484	therapy_changes	53
484	thats_good	0
484	happy_lasttime	25
484	awesome	0
484	BF_describe	28
484	uh_huh	0
484	self_change	34
484	okay_confirm	0
484	advice_back	74
484	okay_confirm	0
484	Ellie17Dec2012_08	32
484	good_hear	0
484	asked_everything	0
484	appreciate_open	2
484	bye	1
485	IntroV4Confirmation	1
485	okay_confirm	0
485	how_doingV	9
485	thats_good	0
485	where_originally	5
485	really	1
485	when_LA	4
485	often_backB	11
485	compares_LA	17
485	mhm	0
485	why_LA	20
485	adapted_LA	9
485	tell_about_that	15
485	yeah_downer	0
485	like_about_LA	23
485	uh_huh	2
485	dont_like_LA	13
485	see_mean	0
485	travel_shoes	9
485	why2	11
485	okay_confirm	0
485	study	8
485	sounds_interesting	4
485	hard_decision	31
485	thats_great	0
485	dream_job	15
485	difficult	18
485	isee_downer	0
485	shyoutgoing	15
485	understand	0
485	relax_fishtank	10
485	cool3	0
485	control_temper	20
485	thats_good	0
485	last_argument	12
485	feelguilty	17
485	okay_confirm	0
485	situation_handled	8
485	hmm_downer	0
485	hard_decisionB	15
485	change_directions	10
485	mhm	0
485	happy_didthat	1
485	thats_good	0
485	memory_erase	11
485	tell_about_that	39
485	avoid	13
485	okay_confirm	0
485	family_relationship	38
485	uh_huh	0
485	influence_positive	20
485	good_hear	0
485	easy_sleep	17
485	sleep_affects	18
485	feel_lately	8
485	behavior_changes	20
485	symptoms_cope	18
485	ptsd_diagnosed	1
485	depression_diagnosed	1
485	happy_lasttime	18
485	memorableB	19
485	describe_felt	13
485	yeah3	0
485	BF_describe	10
485	self_change	7
485	feelbadly	27
485	yeah_downer	0
485	regret	15
485	advice_back	16
485	ideal_weekendC	8
485	Ellie17Dec2012_09	8
485	okay_confirm	0
485	Ellie17Dec2012_08	13
485	asked_everything	0
485	appreciate_open	0
485	bye	1
486	IntroV4Confirmation	1
486	okay_confirm	0
486	how_doingV	3
486	thats_good	0
486	where_originally	9
486	really	1
486	when_LA	14
486	compares_LA	5
486	why_LA	12
486	im_sorry	2
486	adapted_LA	7
486	like_about_LA	2
486	mhm	3
486	dont_like_LA	5
486	see_mean	0
486	travel_shoes	3
486	travel_changed	11
486	travel_trips	19
486	nice	5
486	memorableB	2
486	mhm	10
486	awesome	3
486	shyoutgoing	5
486	why2	4
486	understand	0
486	relax_fishtank	9
486	thats_great	0
486	control_temper	8
486	last_argument	12
486	describe_felt	27
486	yeah_downer	0
486	situation_handled	53
486	isee_downer	0
486	how_know	54
486	Ellie17Dec2012_06	0
486	been_hard	3
486	change_directions	45
486	see_mean	1
486	hard_decisionB	11
486	tell_about_that	59
486	yeah_downer	1
486	memory_erase	47
486	okay_confirm	0
486	family_relationship	24
486	thats_good	0
486	influence_positive	3
486	tell_about_that	43
486	mhm	0
486	easy_sleep	2
486	sleep_affects	11
486	feel_lately	35
486	yeah_downer	0
486	behavior_changes	4
486	okay_confirm	0
486	ptsd_diagnosed	4
486	depression_diagnosed	4
486	happy_lasttime	44
486	great_situation	0
486	BF_describe	10
486	self_change	17
486	hmm_downer	0
486	feelbadly	7
486	okay_confirm	0
486	regret	1
486	advice_back	14
486	uh_huh	0
486	study	18
486	dream_job	1
486	okay_confirm	0
486	Ellie17Dec2012_10	47
486	nice	0
486	Ellie17Dec2012_08	10
486	asked_everything	0
486	appreciate_open	2
486	bye	2
487	IntroV4Confirmation	1
487	okay_confirm	0
487	how_doingV	4
487	thats_good	0
487	where_originally	2
487	really	1
487	when_LA	24
487	mm	0
487	often_backB	8
487	why2	25
487	makes_sense	0
487	compares_LA	36
487	mhm	6
487	why_LA	39
487	adapted_LA	52
487	thats_good	0
487	yeah3	0
487	like_about_LA	77
487	see_mean	13
487	yeah3	0
487	travel_shoes	27
487	travel_changed	2
487	travel_trips	62
487	uh_huh	0
487	memorableB	28
487	yeah3	0
487	shyoutgoing	28
487	okay_confirm	0
487	relax_fishtank	13
487	mhm	5
487	control_temper	7
487	last_argument	40
487	okay_confirm	9
487	situation_handled	122
487	yeah_downer	47
487	see_mean	0
487	hard_decisionB	74
487	yeah_downer	0
487	sorry_hear	1
487	memory_erase	74
487	mm	5
487	yeah3	92
487	right2	0
487	symptoms_cope	140
487	mhm	30
487	yeah_downer	0
487	family_relationship	117
487	mm	0
487	influence_positive	10
487	influence_positive	7
487	tell_about_that	80
487	okay_confirm	0
487	easy_sleep	77
487	see_mean	0
487	feel_lately	31
487	behavior_changes	61
487	okay_confirm	0
487	ptsd_diagnosed	20
487	right2	0
487	depression_diagnosed	4
487	happy_lasttime	92
487	yeah3	19
487	understand	0
487	mhm	0
487	BF_describe	17
487	regret	71
487	advice_back	72
487	yeah3	9
487	mhm	0
487	Ellie17Dec2012_08	13
487	thats_great	0
487	asked_everything	0
487	appreciate_open	1
487	bye	3
488	IntroV4Confirmation	1
488	okay_confirm	0
488	how_doingV	1
488	thats_good	0
488	where_originally	4
488	really	0
488	like_about_LA	25
488	mhm	0
488	dont_like_LA	25
488	see_mean	0
488	travel_shoes	13
488	bouts_symptoms	19
488	nice	4
488	memorableB	7
488	mind	38
488	awesome	0
488	study	1
488	still_working_on_X	1
488	hard_decision	49
488	makes_sense	0
488	dream_job	26
488	okay_confirm	0
488	shyoutgoing	27
488	uh_huh	0
488	relax_fishtank	12
488	control_temper	33
488	last_argument	76
488	yeah_downer	0
488	describe_felt	37
488	isee_downer	0
488	situation_handled	72
488	okay_confirm	0
488	memory_erase	52
488	im_sorry	0
488	family_relationship	167
488	thats_good	0
488	influence_positive	54
488	thats_great	0
488	easy_sleep	34
488	sleep_affects	16
488	okay_confirm	0
488	feel_lately	34
488	symptoms_cope	44
488	okay_confirm	0
488	ptsd_diagnosed	1
488	depression_diagnosed	1
488	happy_lasttime	76
488	thats_great	0
488	BF_describe	46
488	self_change	25
488	feelbadly	126
488	that_sucks	0
488	advice_back	47
488	regret	60
488	avoid	31
488	okay_confirm	0
488	ideal_weekendC	47
488	mhm	8
488	Ellie17Dec2012_08	66
488	aw	0
488	good_hear	0
488	asked_everything	0
488	appreciate_open	0
488	bye	0
489	IntroV4Confirmation	1
489	okay_confirm	0
489	how_doingV	5
489	thats_good	0
489	where_originally	3
489	really	0
489	when_LA	4
489	often_backB	4
489	compares_LA	8
489	why_LA	7
489	cool3	0
489	study	4
489	still_working_on_X	7
489	awesome	0
489	hard_decision	15
489	difficult	4
489	dream_job	13
489	okay_confirm	7
489	see_mean	0
489	shyoutgoing	11
489	travel_shoes	12
489	travel_changed	9
489	travel_trips	9
489	nice	0
489	memorableB	3
489	mhm	4
489	tell_about_that	19
489	wow	0
489	relax_fishtank	8
489	uh_huh	0
489	control_temper	3
489	last_argument	20
489	describe_felt	3
489	okay_confirm	0
489	feelguilty	4
489	situation_handled	4
489	hmm_downer	0
489	hard_decisionB	9
489	mind	4
489	okay_confirm	0
489	memory_erase	18
489	why2	10
489	see_mean	0
489	family_relationship	9
489	family_roleB	12
489	thats_great	0
489	influence_positive	2
489	more	5
489	mind	3
489	uh_huh	4
489	okay_confirm	0
489	easy_sleep	7
489	sleep_affects	7
489	feel_lately	1
489	behavior_changes	1
489	ptsd_diagnosed	5
489	depression_diagnosed	3
489	happy_lasttime	6
489	thats_good	0
489	BF_describe	4
489	mhm	1
489	self_change	4
489	feelbadly	5
489	okay_confirm	0
489	Ellie17Dec2012_10	12
489	nice	1
489	Ellie17Dec2012_07	9
489	okay_confirm	0
489	regret	5
489	uh_huh	10
489	why2	13
489	see_mean	2
489	yeah3	1
489	advice_back	4
489	advice_back	11
489	why2	23
489	makes_sense	2
489	ideal_weekendC	30
489	okay_confirm	0
489	Ellie17Dec2012_08	35
489	mhm	1
489	asked_everything	0
489	appreciate_open	4
489	name_ellie	2
489	bye	1
490	IntroV4Confirmation	1
490	okay_confirm	0
490	how_doingV	7
490	thats_good	0
490	where_originally	2
490	really	0
490	when_LA	6
490	often_backB	6
490	why2	11
490	cool3	0
490	compares_LA	3
490	see_mean	0
490	why_LA	1
490	happy_didthat	1
490	adapted_LA	11
490	tell_about_that	8
490	mm	0
490	travel_shoes	3
490	travel_changed	3
490	travel_trips	11
490	nice	0
490	memorableB	8
490	cool3	0
490	shyoutgoing	17
490	mhm	0
490	what_do_when_annoyed	10
490	control_temper	4
490	last_argument	15
490	situation_handled	13
490	give_example	34
490	okay_confirm	0
490	hard_decisionB	9
490	hard_decision	25
490	study	6
490	sounds_interesting	0
490	still_working_on_X	2
490	dream_job	17
490	thats_good	0
490	memory_erase	10
490	okay_confirm	0
490	family_relationship	3
490	family_roleB	24
490	kids_elaborate	16
490	easy_parent	6
490	parent_hardest	10
490	yeah3	0
490	parent_best	14
490	parent_differences	8
490	influence_positive	4
490	tell_about_that	21
490	good_hear	0
490	easy_sleep	11
490	sleep_affects	3
490	mhm	0
490	feel_lately	20
490	thats_great	0
490	behavior_changes	51
490	uh_huh	0
490	ptsd_diagnosed	1
490	depression_diagnosed	1
490	happy_lasttime	18
490	BF_describe	4
490	okay_confirm	2
490	self_change	19
490	mm	0
490	feelbadly	21
490	advice_back	14
490	mhm	0
490	ideal_weekendC	34
490	okay_confirm	0
490	Ellie17Dec2012_10	9
490	cool3	0
490	Ellie17Dec2012_08	26
490	thats_great	0
490	asked_everything	0
490	appreciate_open	0
490	bye	0
491	IntroV4Confirmation	1
491	okay_confirm	0
491	how_doingV	2
491	why2	18
491	sorry_hear	0
491	been_hard	3
491	symptoms_cope	19
491	yeah_downer	0
491	difficult	15
491	yeah_downer	0
491	where_originally	14
491	like_about_LA	16
491	mhm	0
491	dont_like_LA	11
491	see_mean	0
491	travel_shoes	34
491	nice	10
491	travel_changed	20
491	travel_trips	38
491	memorableB	7
491	describe_felt	18
491	great_situation	15
491	thats_great	0
491	study	13
491	hard_decision	14
491	dream_job	60
491	mhm	0
491	shyoutgoing	5
491	why2	48
491	wild_laughter3	0
491	understand	0
491	relax_fishtank	11
491	control_temper	13
491	landed_trouble	15
491	last_argument	30
491	okay_confirm	0
491	situation_handled	36
491	give_example	45
491	yeah_downer	0
491	family_relationship	90
491	mhm	0
491	influence_positive	2
491	influence_positive	18
491	okay_confirm	0
491	hard_decisionB	35
491	Ellie17Dec2012_06	0
491	change_directions	76
491	memory_erase	38
491	mm	0
491	easy_sleep	21
491	sleep_affects	3
491	feel_lately	19
491	see_mean	0
491	symptoms_cope	30
491	thats_good	0
491	ptsd_diagnosed	2
491	depression_diagnosed	17
491	symptoms_what	37
491	isee_downer	0
491	why_seek_help	16
491	therapy_going	5
491	stop_going	6
491	therapy_useful	8
491	therapist_affect	25
491	thats_good	0
491	happy_lasttime	24
491	aw	3
491	BF_describe	9
491	mhm	0
491	self_change	11
491	okay_confirm	0
491	feelbadly	21
491	advice_back	9
491	okay_confirm	0
491	ideal_weekendC	20
491	Ellie17Dec2012_10	114
491	yeah2	0
491	wild_laughter3	5
491	nice	0
491	awesome	0
491	Ellie17Dec2012_08	17
491	thats_great	0
491	asked_everything	1
491	appreciate_open	3
491	bye	1
492	IntroV4Confirmation	1
492	okay_confirm	0
492	how_doingV	5
492	thats_good	0
492	where_originally	1
492	really	1
492	when_LA	3
492	long_time	6
492	often_backB	7
492	why2	10
492	understand	1
492	compares_LA	41
492	mhm	0
492	why_LA	71
492	happy_didthat	4
492	thats_great	1
492	adapted_LA	8
492	like_about_LA	41
492	uh_huh	15
492	dont_like_LA	41
492	see_mean	1
492	travel_shoes	14
492	okay_confirm	0
492	study	7
492	sounds_interesting	1
492	hard_decision	25
492	uh_huh	0
492	still_working_on_X	23
492	cool3	0
492	dream_job	10
492	tell_about_that	23
492	thats_good	1
492	shyoutgoing	22
492	relax_fishtank	13
492	bouts_symptoms	14
492	okay_confirm	0
492	last_argument	133
492	wow	40
492	yeah_downer	42
492	see_mean	1
492	yeah_downer	0
492	describe_felt	7
492	okay_confirm	0
492	control_temper	60
492	thats_good	1
492	situation_handled	43
492	mhm	1
492	hard_decisionB	16
492	okay_confirm	1
492	memory_erase	121
492	right2	42
492	mm	0
492	family_relationship	18
492	influence_positive	3
492	influence_positive	43
492	mhm	4
492	easy_sleep	14
492	feel_lately	10
492	behavior_changes	1
492	ptsd_diagnosed	1
492	depression_diagnosed	1
492	happy_lasttime	68
492	good_hear	1
492	BF_describe	24
492	wild_laughter3	0
492	self_change	47
492	okay_confirm	0
492	regret	1
492	advice_back	67
492	mhm	4
492	mm	0
492	Ellie17Dec2012_08	14
492	asked_everything	0
492	appreciate_open	0
492	bye	6
300	IntroV4Confirmation	0
300	IntroV4Confirmation	0
300	IntroV4Confirmation	0
300	IntroV4Confirmation	0
300	how_doingV	1
300	thats_good	0
300	where_originally	2
300	really	0
300	why_LA	7
300	like_about_LA	10
300	adapted_LA	7
300	dont_like_LA	1
300	mhm	2
300	okay_confirm	0
300	study	7
300	cool3	0
300	still_doing_X	24
300	dream_job	8
300	awesome	0
300	travel_shoes	1
300	why2	13
300	okay_confirm	0
300	often_backB	3
300	nice	0
300	mind	2
300	okay_confirm	0
300	relax_fishtank	13
300	awesome	0
300	control_temper	8
300	really	1
300	last_argument	6
300	describe_felt	2
300	more	20
300	mhm	0
300	how_close	2
300	how_know	1
300	okay_confirm	0
300	do_fun	16
300	nice	0
300	influence_positive	2
300	tell_about_that	15
300	family_roleB	2
300	regret	10
300	why2	22
300	change_directions	7
300	avoid	5
300	memorableB	10
300	yeah2	0
300	love_hear	35
300	thats_great	0
300	living_situation	7
300	roommates	2
300	thats_good	0
300	easy_sleep	4
300	sleep_affects	2
300	sleep_affects	3
300	feel_down	1
300	thats_good	0
300	depression_diagnosed	1
300	ptsd_diagnosed	1
300	military	1
300	okay_confirm	0
300	more	6
300	great_situation	0
300	todays_kids	1
300	give_example	4
300	see_mean	0
300	what_do_when_annoyed	3
300	bouts_symptoms	5
300	mhm	0
300	tell_about_that	15
300	im_sorry	2
300	how_know	1
300	cool3	0
300	BF_describe	2
300	okay_confirm	0
300	asked_everything	2
300	bye	2
301	IntroV4Confirmation	2
301	IntroV4Confirmation	0
301	how_doingV	5
301	thats_good	0
301	where_originally	4
301	where_live	9
301	nice	0
301	living_situation	4
301	roommates	5
301	thats_great	0
301	yeah2	0
301	like_about_LA	26
301	mhm	0
301	dont_like_LA	2
301	see_mean	19
301	yeah2	0
301	travel_shoes	22
301	study	6
301	still_doing_X	29
301	awesome	0
301	dream_job	50
301	mhm	0
301	difficult	63
301	yeah2	0
301	good_job	1
301	cool3	4
301	happy_didthat	25
301	okay_confirm	0
301	family_roleB	8
301	hmm_downer	0
301	mad_makeyou	41
301	mhm	0
301	give_example	87
301	right2	0
301	bouts_symptoms	41
301	understand	0
301	back_later	1
301	relax_fishtank	61
301	awesome	0
301	influence_positive	58
301	mhm	34
301	like_what	76
301	thats_good	0
301	control_temper	10
301	give_example	72
301	thats_good	0
301	depression_diagnosed	1
301	ptsd_diagnosed	1
301	military	1
301	okay_confirm	0
301	regret	113
301	right2	0
301	trade_offs	1
301	change_directions	89
301	been_hard	99
301	right2	0
301	makes_sense	0
301	memorableB	110
301	thats_great	33
301	yeah2	0
301	see_mean	1
301	thats_great	0
301	BF_describe	75
301	okay_confirm	0
301	asked_everything	1
301	appreciate_open	2
301	bye	2
302	IntroV4Confirmation	0
302	IntroV4Confirmation	0
302	IntroV4Confirmation	0
302	how_doingV	5
302	thats_good	0
302	great_thanks	0
302	where_originally	5
302	really	0
302	me_too	2
302	talk_later	1
302	like_about_LA	17
302	okay_confirm	0
302	study	3
302	nice	0
302	still_working_on_X	13
302	why2	7
302	more	28
302	mhm	0
302	dream_job	11
302	been_hard	14
302	thats_great	0
302	family_roleB	6
302	give_example	39
302	Ellie17Dec2012_06	0
302	see_mean	0
302	why2	23
302	okay_confirm	0
302	what_do_when_annoyed	1
302	mhm	4
302	okay_confirm	0
302	last_argument	10
302	aw	0
302	describe_felt	25
302	yeah2	0
302	that_sucks	3
302	control_temper	3
302	okay_confirm	0
302	hmm_downer	0
302	memorableB	4
302	im_sorry	0
302	more	10
302	mm	9
302	thats_good	0
302	feel_down	18
302	yeah2	0
302	like_what	26
302	yeah2	0
302	bouts_symptoms	1
302	hmm_downer	0
302	symptoms_cope	25
302	yeah2	0
302	depression_diagnosed	10
302	more	34
302	been_hard	4
302	behavior_changes	8
302	mhm	0
302	disturbing_thoughts	3
302	okay_confirm	0
302	easy_sleep	3
302	sleep_affects	9
302	mm	0
302	travel_shoes	5
302	mind	9
302	travel_changed	17
302	awesome	0
302	travel_trips	25
302	mhm	4
302	cool3	4
302	yeah2	0
302	advice_back	18
302	change_directions	16
302	trade_offs	2
302	regret	16
302	mhm	0
302	BF_describe	8
302	how_know	14
302	influence_positive	30
302	yeah2	0
302	good_hear	2
302	aw	0
302	yeah2	0
302	thats_good	0
302	asked_everything	0
302	appreciate_open	2
302	bye	2
303	how_doingV	4
303	great_thanks	0
303	where_originally	3
303	really	1
303	like_about_LA	36
303	yeah2	0
303	dont_like_LA	44
303	mhm	0
303	study	16
303	nice	0
303	still_working_on_X	7
303	dream_job	67
303	mhm	0
303	great_situation	1
303	difficult	66
303	makes_sense	0
303	back_later	1
303	relax_fishtank	13
303	okay_confirm	0
303	control_temper	30
303	right2	0
303	difficult	76
303	landed_trouble	31
303	thats_good	0
303	yeah2	0
303	influence_positive	65
303	great_situation	2
303	easy_parent	1
303	parent_hardest	36
303	mhm	0
303	give_example	95
303	mhm	0
303	kids_elaborate	27
303	aw	35
303	Ellie17Dec2012_06	0
303	awesome	3
303	parent_hardest	21
303	yeah2	68
303	see_mean	0
303	memorableB	6
303	mind	33
303	Ellie17Dec2012_06	66
303	good_hear	2
303	describe_felt	148
303	yeah2	0
303	great_situation	2
303	advice_back	142
303	right2	0
303	yeah2	0
303	avoid	67
303	trade_offs	1
303	last_argument	105
303	right2	11
303	how_close	2
303	how_close	29
303	more	59
303	mhm	60
303	yeah2	0
303	difficult	66
303	yeah2	0
303	yeah2	13
303	im_sorry	0
303	see_mean	0
303	easy_sleep	120
303	mhm	0
303	right2	0
303	sleep_affects	27
303	what_do_when_annoyed	27
303	military	1
303	depression_diagnosed	1
303	okay_confirm	0
303	BF_describe	60
303	mhm	40
303	right2	0
303	thats_great	2
303	yeah2	18
303	aw	0
303	yeah2	0
303	good_hear	2
303	asked_everything	0
303	appreciate_open	9
303	bye	1
304	how_doingV	4
304	thats_good	0
304	where_originally	4
304	nice	0
304	like_about_LA	10
304	mhm	0
304	study	3
304	still_doing_X	1
304	dream_job	7
304	difficult	10
304	really	1
304	mad_makeyou	2
304	mhm	1
304	give_example	21
304	yeah2	0
304	influence_positive	7
304	how_close	7
304	good_hear	0
304	family_roleB	19
304	mhm	0
304	living_situation	6
304	roommates	3
304	more	17
304	oh	0
304	avoid	1
304	elaborate	67
304	mm	0
304	sorry_hear	2
304	how_know	6
304	back_later	1
304	mad_makeyou	19
304	mind	17
304	mhm	5
304	okay_confirm	0
304	why2	18
304	okay_confirm	0
304	last_argument	7
304	really	14
304	describe_felt	37
304	mhm	0
304	tell_about_that	81
304	oh_my_gosh	68
304	good_hear	1
304	advice_back	13
304	okay_confirm	0
304	more	84
304	memorableB	31
304	Ellie17Dec2012_06	1
304	long_time	8
304	travel_shoes	6
304	travel_changed	33
304	mhm	1
304	travel_trips	22
304	really	1
304	easy_sleep	5
304	sleep_affects	12
304	bouts_symptoms	3
304	Ellie17Dec2012_06	1
304	why2	9
304	feel_down	8
304	thats_good	1
304	depression_diagnosed	1
304	ptsd_diagnosed	1
304	military	1
304	okay_confirm	0
304	BF_describe	5
304	how_know	4
304	cool3	0
304	how_close	25
304	thats_good	0
304	todays_kids	5
304	yeah2	0
304	bouts_symptoms	6
304	back_later	1
304	love_hear	38
304	aw	0
304	why2	8
304	been_hard	4
304	how_know	20
304	mhm	4
304	awesome	0
304	asked_everything	1
304	appreciate_open	2
304	bye	1
305	IntroV4Confirmation	0
305	how_doingV	3
305	thats_good	0
305	where_originally	9
305	really	0
305	nice	0
305	living_situation	6
305	why2	33
305	good_job	0
305	roommates	1
305	oh	0
305	how_close	2
305	how_close	4
305	how_know	28
305	thats_good	0
305	more	4
305	yes	137
305	yeah2	47
305	mhm	0
305	thats_good	0
305	dream_job	13
305	really	4
305	hard_decision	2
305	hard_decision	69
305	mhm	5
305	yeah2	0
305	travel_trips	32
305	Ellie17Dec2012_06	68
305	mhm	86
305	nice	0
305	like_about_LA	34
305	uh_huh	50
305	mhm	0
305	yeah2	4
305	yeah2	0
305	mad_makeyou	26
305	okay_confirm	1
305	bouts_symptoms	2
305	bouts_symptoms	53
305	mm	24
305	yeah2	0
305	that_sucks	3
305	what_do_when_annoyed	7
305	mhm	103
305	Ellie17Dec2012_06	0
305	yeah2	0
305	difficult	18
305	yeah2	0
305	last_argument	28
305	mhm	60
305	yeah2	0
305	describe_felt	2
305	describe_felt	91
305	mhm	71
305	sorry_hear	5
305	do_fun	152
305	thats_great	0
305	memorableB	8
305	mind	26
305	oh_my_gosh	4
305	awesome	2
305	family_roleB	133
305	avoid	7
305	yes	4
305	yes	65
305	see_mean	0
305	easy_sleep	87
305	yeah2	45
305	mhm	0
305	sleep_affects	62
305	mhm	117
305	mm	0
305	symptoms_cope	4
305	symptoms_cope	103
305	mm	49
305	yeah2	0
305	landed_trouble	12
305	yeah2	130
305	mhm	95
305	mhm	0
305	thats_good	0
305	therapy_useful	2
305	therapy_useful	5
305	therapy_useful	12
305	talk_later	1
305	depression_diagnosed	7
305	difficult	48
305	mhm	205
305	yeah2	74
305	mm	61
305	yeah2	27
305	understand	0
305	suspect_problem	9
305	suspect_problem	133
305	yeah2	6
305	therapist_affect	2
305	therapist_affect	159
305	right2	5
305	good_hear	1
305	therapy_changes	61
305	stop_going	32
305	yeah2	10
305	im_sorry	0
305	BF_describe	6
305	yeah2	32
305	mhm	3
305	influence_positive	10
305	yeah2	84
305	mhm	27
305	great_situation	3
305	asked_everything	0
305	appreciate_open	2
305	bye	1
306	IntroV4Confirmation	0
306	IntroV4Confirmation	0
306	IntroV4Confirmation	0
306	IntroV4Confirmation	0
306	how_doingV	1
306	thats_good	0
306	where_originally	2
306	really	1
306	why_LA	4
306	awesome	0
306	when_LA	10
306	mhm	0
306	often_backB	8
306	like_about_LA	25
306	uh_huh	0
306	adapted_LA	51
306	yeah2	0
306	yeah2	0
306	difficult	39
306	mhm	0
306	makes_sense	0
306	dream_job	5
306	really	0
306	why2	39
306	cool3	0
306	family_roleB	24
306	im_sorry	0
306	mad_makeyou	11
306	yeah2	0
306	control_temper	11
306	thats_good	1
306	last_argument	31
306	uh_oh	0
306	how_know	14
306	how_close	17
306	thats_good	0
306	do_fun	21
306	mhm	8
306	okay_confirm	0
306	influence_positive	4
306	kids_elaborate	38
306	Ellie17Dec2012_06	0
306	yeah2	0
306	easy_parent	43
306	mhm	0
306	parent_hardest	24
306	yeah2	0
306	give_example	10
306	been_hard	0
306	todays_kids	93
306	yeah2	0
306	see_mean	0
306	easy_sleep	14
306	bouts_symptoms	7
306	describe_felt	37
306	mhm	0
306	sleep_affects	7
306	been_hard	1
306	feel_down	35
306	yeah2	0
306	depression_diagnosed	3
306	ptsd_diagnosed	110
306	mhm	0
306	sorry_hear	0
306	why_seek_help	103
306	yeah2	42
306	hmm_downer	2
306	symptoms_what	59
306	yeah2	0
306	behavior_changes	59
306	therapy_useful	5
306	therapy_useful	56
306	yeah2	0
306	avoid	65
306	yeah2	0
306	yeah2	0
306	memorableB	39
306	yeah2	0
306	describe_felt	40
306	thats_great	0
306	Ellie17Dec2012_06	0
306	thats_great	0
306	travel_shoes	27
306	travel_changed	35
306	travel_trips	55
306	great_situation	1
306	BF_describe	12
306	parent_best	50
306	yeah2	0
306	how_close	24
306	thats_great	0
306	asked_everything	0
306	appreciate_open	1
306	bye	1
307	IntroV4Confirmation	0
307	where_originally	2
307	really	0
307	why_LA	16
307	adapted_LA	39
307	thats_good	0
307	living_situation	21
307	yeah2	0
307	how_know	11
307	how_close	23
307	more	4
307	yes	42
307	uh_oh	45
307	yeah2	0
307	control_temper	61
307	why2	12
307	makes_sense	1
307	influence_positive	34
307	Ellie17Dec2012_06	1
307	give_example	3
307	how_know	4
307	yeah2	57
307	nice	1
307	do_fun	37
307	okay_confirm	0
307	family_roleB	43
307	mm	5
307	okay_confirm	12
307	thats_good	1
307	mad_makeyou	72
307	yeah2	0
307	last_argument	94
307	yeah2	0
307	mind	15
307	okay_confirm	0
307	dream_job	202
307	mhm	0
307	yeah2	28
307	okay_confirm	0
307	travel_shoes	28
307	Ellie17Dec2012_06	42
307	yeah2	20
307	travel_changed	59
307	see_mean	0
307	travel_trips	70
307	oh_my_gosh	180
307	yeah2	0
307	see_mean	1
307	easy_sleep	15
307	sleep_affects	21
307	behavior_changes	62
307	yeah2	0
307	good_job	54
307	mhm	78
307	been_hard	103
307	yeah2	0
307	feel_down	17
307	nice	100
307	yeah2	0
307	im_sorry	3
307	depression_diagnosed	34
307	okay_confirm	0
307	ptsd_diagnosed	1
307	military	1
307	okay_confirm	0
307	advice_back	84
307	like_what	165
307	yeah2	0
307	yeah2	0
307	relax_fishtank	73
307	yeah2	0
307	memorableB	60
307	mhm	114
307	thats_great	47
307	awesome	1
307	BF_describe	13
307	okay_confirm	0
307	great_situation	4
307	bye	1
308	IntroV4Confirmation	0
308	IntroV4Confirmation	0
308	IntroV4Confirmation	0
308	where_originally	3
308	really	1
308	like_about_LA	11
308	okay_confirm	0
308	dont_like_LA	5
308	yeah2	0
308	influence_positive	4
308	more	19
308	mhm	0
308	do_fun	8
308	awesome	22
308	thats_good	0
308	travel_shoes	2
308	why2	9
308	understand	0
308	travel_changed	31
308	yeah2	0
308	relax_fishtank	12
308	elaborate	35
308	great_situation	0
308	difficult	32
308	mhm	8
308	nice	9
308	okay_confirm	0
308	mad_makeyou	14
308	good_job	25
308	yeah2	0
308	tell_about_that	45
308	yeah2	0
308	im_sorry	5
308	feel_down	7
308	yeah2	0
308	easy_sleep	5
308	bouts_symptoms	6
308	why2	38
308	mhm	14
308	depression_diagnosed	1
308	when_diagnosed	11
308	why_seek_help	25
308	therapy_useful	49
308	suspect_problem	9
308	symptoms_what	30
308	behavior_changes	1
308	give_example	5
308	sorry_hear	32
308	yeah2	1
308	family_roleB	19
308	been_hard	10
308	yeah2	23
308	advice_back	65
308	hmm_downer	25
308	okay_confirm	12
308	yeah2	0
308	hmm_downer	0
308	BF_describe	6
308	change_directions	19
308	okay_confirm	0
308	memorableB	13
308	okay_confirm	0
308	asked_everything	0
308	appreciate_open	2
308	bye	1
309	IntroV4Confirmation	0
309	IntroV4Confirmation	0
309	IntroV4Confirmation	0
309	IntroV4Confirmation	0
309	IntroV4Confirmation	0
309	okay_confirm	0
309	how_doingV	3
309	thats_good	0
309	where_originally	2
309	really	0
309	why_LA	12
309	mhm	0
309	still_working_on_X	7
309	okay_confirm	0
309	do_fun	23
309	awesome	0
309	okay_confirm	0
309	control_temper	6
309	last_argument	13
309	im_sorry	0
309	like_about_LA	2
309	makes_sense	5
309	travel_shoes	22
309	cool3	0
309	military	1
309	ptsd_diagnosed	1
309	depression_diagnosed	1
309	when_diagnosed	5
309	okay_confirm	0
309	feel_down	3
309	mhm	0
309	easy_sleep	4
309	elaborate	18
309	sorry_hear	0
309	symptoms_cope	40
309	okay_confirm	0
309	therapy_going	8
309	why2	7
309	bouts_symptoms	62
309	mhm	2
309	therapy_useful	46
309	see_mean	0
309	why_seek_help	23
309	okay_confirm	0
309	symptoms_what	6
309	back_later	0
309	behavior_changes	11
309	difficult	11
309	understand	0
309	advice_back	38
309	hmm_downer	0
309	regret	5
309	avoid	8
309	tell_me_about	10
309	mhm	54
309	uh_huh	13
309	okay_confirm	3
309	tell_me_about	78
309	landed_trouble	5
309	BF_describe	2
309	Ellie17Dec2012_07	24
309	Ellie17Dec2012_09	11
309	Ellie17Dec2012_08	3
309	sounds_interesting	0
309	influence_positive	4
309	okay_confirm	0
309	travel_changed	9
309	hmm_downer	0
309	dream_job	6
309	change_directions	9
309	difficult	27
309	really	0
309	study	4
309	okay_confirm	0
309	appreciate_open	2
309	bye	2
310	IntroV4Confirmation	0
310	IntroV4Confirmation	0
310	IntroV4Confirmation	0
310	IntroV4Confirmation	0
310	IntroV4Confirmation	0
310	okay_confirm	0
310	how_doingV	1
310	thats_good	0
310	where_live	4
310	where_originally	2
310	compares_LA	8
310	why_LA	6
310	travel_changed	11
310	why2	14
310	really	1
310	bouts_symptoms	7
310	yes	10
310	travel_trips	33
310	awesome	0
310	often_backB	11
310	aw	1
310	what_do_when_annoyed	14
310	elaborate	59
310	mhm	2
310	control_temper	79
310	see_mean	0
310	last_argument	22
310	okay_confirm	28
310	hmm_downer	0
310	influence_positive	4
310	yes	54
310	aw	0
310	family_roleB	3
310	okay_confirm	0
310	dream_job	7
310	really	1
310	memorableB	8
310	mind	19
310	awesome	0
310	more	61
310	great_situation	4
310	how_know	32
310	mhm	1
310	roommates	5
310	living_situation	13
310	sorry_hear	1
310	understand	0
310	relax_fishtank	27
310	okay_confirm	0
310	uh_huh	0
310	military	1
310	ptsd_diagnosed	1
310	depression_diagnosed	1
310	behavior_changes	5
310	behavior_changes	3
310	easy_sleep	5
310	feel_down	29
310	Ellie17Dec2012_07	34
310	Ellie17Dec2012_08	3
310	mhm	19
310	thats_great	1
310	Ellie17Dec2012_09	5
310	nice	4
310	Ellie17Dec2012_10	12
310	tell_about_that	2
310	okay_confirm	0
310	todays_kids	25
310	see_mean	0
310	study	8
310	yes	74
310	change_directions	4
310	yes	18
310	hmm_downer	0
310	regret	4
310	mind	25
310	advice_back	40
310	okay_confirm	0
310	BF_describe	9
310	why2	84
310	okay_confirm	0
310	appreciate_open	1
310	asked_everything	0
310	bye	2
311	IntroV4Confirmation	0
311	IntroV4Confirmation	0
311	IntroV4Confirmation	0
311	IntroV4Confirmation	0
311	okay_confirm	0
311	how_doingV	1
311	thats_good	0
311	why_LA	7
311	yes	12
311	mhm	0
311	where_originally	5
311	really	0
311	often_backB	2
311	why2	8
311	see_mean	0
311	compares_LA	3
311	yes	0
311	like_about_LA	26
311	hmm_downer	0
311	dont_like_LA	11
311	adapted_LA	19
311	thats_good	0
311	travel_shoes	1
311	dream_job	13
311	really	0
311	difficult	6
311	control_temper	3
311	thats_good	0
311	last_argument	9
311	elaborate	27
311	okay_confirm	0
311	what_do_when_annoyed	5
311	okay_confirm	0
311	memorableB	3
311	Ellie17Dec2012_06	0
311	been_hard	3
311	describe_felt	10
311	uh_huh	9
311	where_live	8
311	living_situation	8
311	sorry_hear	0
311	that_sucks	0
311	avoid	33
311	hmm_downer	0
311	see_mean	0
311	ptsd_diagnosed	6
311	why_seek_help	5
311	been_hard	2
311	therapist_useful	16
311	more	16
311	really	0
311	therapy_changes	9
311	difficult	13
311	good_hear	0
311	therapist_affect	15
311	symptoms_what	16
311	suspect_problem	6
311	feel_lately	7
311	sorry_hear	0
311	easy_sleep	2
311	trigger	36
311	okay_confirm	0
311	Ellie17Dec2012_09	13
311	aw	1
311	Ellie17Dec2012_10	5
311	Ellie17Dec2012_07	4
311	thats_great	0
311	BF_describe	9
311	Ellie17Dec2012_08	12
311	parent_best	6
311	parent_hardest	10
311	give_example	9
311	see_mean	0
311	easy_parent	1
311	more	16
311	trade_offs	1
311	family_roleB	4
311	todays_kids	20
311	okay_confirm	0
311	regret	14
311	advice_back	19
311	influence_positive	14
311	why2	31
311	Ellie17Dec2012_06	0
311	thats_great	0
311	hmm_downer	7
311	appreciate_open	2
311	asked_everything	2
311	bye	1
312	IntroV4Confirmation	0
312	IntroV4Confirmation	0
312	IntroV4Confirmation	0
312	IntroV4Confirmation	0
312	okay_confirm	0
312	how_doingV	4
312	great_thanks	0
312	where_originally	1
312	really	1
312	like_about_LA	10
312	dont_like_LA	13
312	travel_shoes	7
312	why2	44
312	travel_changed	6
312	study	19
312	still_working_on_X	4
312	awesome	1
312	dream_job	30
312	influence_positive	67
312	mhm	0
312	good_hear	1
312	control_temper	5
312	last_argument	64
312	okay_confirm	0
312	family_roleB	60
312	aw	0
312	thats_good	1
312	why2	18
312	see_mean	0
312	relax_fishtank	23
312	cool3	0
312	what_do_when_annoyed	19
312	okay_confirm	0
312	todays_kids	38
312	mm	0
312	makes_sense	0
312	memorableB	7
312	awesome	2
312	BF_describe	9
312	okay_confirm	0
312	Ellie17Dec2012_07	106
312	Ellie17Dec2012_09	49
312	nice	2
312	Ellie17Dec2012_08	22
312	more	135
312	yeah2	1
312	cool3	2
312	military	6
312	really	0
312	why_enlist	34
312	old	34
312	very_young	3
312	effectB	31
312	mm	0
312	after	4
312	okay_confirm	0
312	ptsd_diagnosed	1
312	depression_diagnosed	1
312	easy_sleep	37
312	makes_sense	2
312	im_sorry	2
312	sleep_affects	24
312	uh_huh	0
312	behavior_changes	3
312	okay_confirm	10
312	okay_confirm	0
312	more	29
312	difficult	36
312	yes	2
312	talk_later	3
312	okay_confirm	0
312	regret	3
312	advice_back	82
312	mm	0
312	understand	2
312	bye	1
313	IntroV4Confirmation	0
313	IntroV4Confirmation	0
313	IntroV4Confirmation	0
313	IntroV4Confirmation	0
313	okay_confirm	0
313	how_doingV	10
313	thats_good	0
313	where_originally	2
313	really	0
313	why_LA	5
313	when_LA	5
313	often_backB	6
313	nice	0
313	like_about_LA	25
313	dont_like_LA	21
313	see_mean	0
313	adapted_LA	2
313	thats_good	0
313	mad_makeyou	25
313	what_do_when_annoyed	25
313	mhm	0
313	give_example	19
313	uh_huh	6
313	okay_confirm	0
313	yes	1
313	control_temper	12
313	last_argument	14
313	describe_felt	7
313	yeah2	0
313	do_fun	18
313	cool3	0
313	why2	19
313	okay_confirm	0
313	study	12
313	still_doing_X	1
313	dream_job	26
313	nice	0
313	memorableB	12
313	really	0
313	more	0
313	travel_shoes	13
313	travel_trips	22
313	okay_confirm	0
313	memorableB	6
313	yes	34
313	uh_huh	0
313	more	14
313	mm	0
313	behavior_changes	24
313	depression_diagnosed	4
313	when_diagnosed	30
313	why_seek_help	37
313	therapy_useful	3
313	give_example	43
313	good_hear	1
313	therapist_affect	44
313	see_mean	0
313	Ellie17Dec2012_09	3
313	Ellie17Dec2012_07	8
313	Ellie17Dec2012_08	22
313	mm	0
313	regret	4
313	give_example	25
313	yeah2	0
313	advice_back	19
313	okay_confirm	0
313	influence_positive	31
313	thats_good	0
313	BF_describe	28
313	mhm	0
313	okay_confirm	0
313	appreciate_open	0
313	asked_everything	0
313	bye	3
314	IntroV4Confirmation	0
314	IntroV4Confirmation	0
314	IntroV4Confirmation	0
314	IntroV4Confirmation	0
314	okay_confirm	0
314	how_doingV	4
314	thats_good	0
314	where_originally	4
314	really	10
314	yeah2	0
314	Ellie17Dec2012_06	1
314	travel_shoes	7
314	travel_shoes	29
314	travel_trips	86
314	good_hear	0
314	travel_changed	61
314	okay_confirm	0
314	why2	53
314	thats_good	0
314	relax_fishtank	83
314	nice	0
314	mad_makeyou	85
314	okay_confirm	0
314	parent_best	136
314	uh_huh	0
314	parent_hardest	115
314	see_mean	0
314	trade_offs	2
314	influence_positive	8
314	control_temper	116
314	thats_good	0
314	last_argument	90
314	been_hard	7
314	todays_kids	111
314	yeah2	0
314	BF_describe	106
314	aw	0
314	military	1
314	ptsd_diagnosed	1
314	depression_diagnosed	2
314	when_diagnosed	52
314	mhm	31
314	trigger	1
314	trigger	34
314	oh	3
314	feel_lately	128
314	understand	0
314	easy_sleep	34
314	why2	7
314	oh	85
314	that_sucks	4
314	sleep_affects	55
314	okay_confirm	24
314	uh_huh	0
314	behavior_changes	11
314	therapy_useful	1
314	therapy_useful	12
314	more	171
314	good_hear	0
314	why_seek_help	30
314	thats_great	0
314	aw	48
314	Ellie17Dec2012_06	45
314	Ellie17Dec2012_09	146
314	mhm	0
314	dream_job	16
314	really	114
314	change_directions	113
314	uh_huh	75
314	difficult	164
314	Ellie17Dec2012_06	21
314	memorableB	9
314	mind	15
314	describe_felt	51
314	great_situation	25
314	mhm	0
314	regret	36
314	oh_no	41
314	yeah2	1
314	advice_back	163
314	makes_sense	86
314	thats_great	0
314	Ellie17Dec2012_07	97
314	yeah2	0
314	appreciate_open	1
314	asked_everything	1
314	bye	1
315	IntroV4Confirmation	1
315	IntroV4Confirmation	0
315	IntroV4Confirmation	0
315	IntroV4Confirmation	0
315	okay_confirm	0
315	how_doingV	3
315	great_thanks	0
315	where_originally	2
315	really	0
315	roommates	2
315	living_situation	3
315	yes	8
315	good_hear	0
315	travel_shoes	3
315	travel_trips	25
315	awesome	1
315	travel_changed	26
315	mhm	0
315	memorableB	23
315	yeah2	0
315	been_hard	1
315	mad_makeyou	32
315	what_do_when_annoyed	43
315	mhm	0
315	thats_good	0
315	control_temper	15
315	last_argument	82
315	uh_huh	0
315	describe_felt	37
315	okay_confirm	0
315	why2	25
315	easy_parent	5
315	parent_best	7
315	parent_hardest	9
315	family_roleB	11
315	todays_kids	121
315	yeah2	0
315	see_mean	0
315	do_fun	60
315	awesome	0
315	dream_job	58
315	great_situation	1
315	military	1
315	ptsd_diagnosed	1
315	depression_diagnosed	1
315	easy_sleep	8
315	sleep_affects	2
315	bouts_symptoms	12
315	okay_confirm	0
315	behavior_changes	5
315	behavior_changes	3
315	thats_good	0
315	BF_describe	34
315	cool3	0
315	how_know	20
315	long_time	1
315	how_close	27
315	thats_great	0
315	Ellie17Dec2012_07	50
315	change_directions	53
315	mhm	0
315	regret	18
315	give_example	78
315	sorry_hear	0
315	avoid	29
315	describe_felt	29
315	yeah2	0
315	change_directions	32
315	advice_back	42
315	mhm	0
315	influence_positive	43
315	aw	0
315	thats_great	0
315	memorableB	5
315	Ellie17Dec2012_06	1
315	more	69
315	awesome	0
315	Ellie17Dec2012_09	64
315	makes_sense	0
315	Ellie17Dec2012_08	76
315	thats_great	0
315	nice	0
315	appreciate_open	2
315	bye	2
316	IntroV4Confirmation	0
316	IntroV4Confirmation	0
316	IntroV4Confirmation	0
316	IntroV4Confirmation	0
316	okay_confirm	0
316	how_doingV	2
316	thats_good	0
316	where_originally	2
316	really	0
316	why_LA	3
316	when_LA	2
316	mhm	10
316	Ellie17Dec2012_06	0
316	often_backB	4
316	thats_good	0
316	like_about_LA	6
316	uh_huh	0
316	dont_like_LA	13
316	give_example	19
316	yeah2	0
316	adapted_LA	4
316	thats_good	0
316	study	10
316	dream_job	5
316	difficult	7
316	sorry_hear	0
316	family_roleB	1
316	thats_great	0
316	why2	15
316	awesome	0
316	mad_makeyou	7
316	bouts_symptoms	6
316	mm	0
316	what_do_when_annoyed	16
316	okay_confirm	0
316	last_argument	7
316	oh	0
316	why2	24
316	hmm_downer	0
316	do_fun	13
316	cool3	3
316	memorableB	1
316	travel_shoes	2
316	travel_changed	12
316	travel_trips	12
316	really	26
316	good_hear	1
316	military	1
316	ptsd_diagnosed	1
316	depression_diagnosed	1
316	when_diagnosed	4
316	why_seek_help	8
316	mhm	6
316	feel_down	1
316	feel_down	2
316	behavior_changes	20
316	been_hard	1
316	trigger	13
316	sorry_hear	39
316	oh_no	0
316	im_sorry	3
316	therapist_useful	10
316	more	37
316	good_job	1
316	therapy_changes	16
316	thats_great	8
316	therapy_going	1
316	okay_confirm	0
316	Ellie17Dec2012_06	0
316	Ellie17Dec2012_08	10
316	uh_huh	0
316	Ellie17Dec2012_10	23
316	argument_about	17
316	nice	4
316	cool3	0
316	BF_describe	13
316	okay_confirm	0
316	influence_positive	5
316	uncomfortable_talkV	4
316	thats_good	0
316	more	33
316	mm	0
316	memorableB	1
316	okay_confirm	0
316	regret	7
316	avoid	2
316	change_directions	1
316	change_directions	7
316	talk_later	1
316	advice_back	28
316	trade_offs	1
316	too_hard	1
316	okay_confirm	0
316	Ellie17Dec2012_08	10
316	thats_great	1
316	Ellie17Dec2012_09	16
316	good_hear	0
316	asked_everything	2
316	bye	1
317	IntroV4Confirmation	0
317	IntroV4Confirmation	0
317	okay_confirm	0
317	how_doingV	8
317	sorry_hear	0
317	where_originally	4
317	really	0
317	why_LA	14
317	when_LA	5
317	adapted_LA	20
317	mm	0
317	why2	15
317	understand	0
317	like_about_LA	14
317	cool3	0
317	dont_like_LA	14
317	yeah2	0
317	often_backB	2
317	really	0
317	why2	20
317	im_sorry	3
317	that_sucks	3
317	family_roleB	0
317	travel_shoes	8
317	travel_changed	14
317	travel_trips	29
317	awesome	0
317	memorableB	15
317	okay_confirm	0
317	why2	20
317	control_temper	7
317	mad_makeyou	13
317	give_example	17
317	okay_confirm	10
317	see_mean	0
317	what_do_when_annoyed	10
317	thats_good	0
317	relax_fishtank	10
317	cool3	0
317	mhm	16
317	dream_job	19
317	okay_confirm	0
317	military	2
317	ptsd_diagnosed	1
317	when_diagnosed	6
317	why_seek_help	22
317	therapy_useful	1
317	therapy_going	1
317	therapy_changes	14
317	depression_diagnosed	1
317	feel_lately	10
317	more	17
317	sorry_hear	0
317	uncomfortable_talkV	5
317	yes	0
317	BF_describe	11
317	Ellie17Dec2012_07	16
317	thats_great	0
317	Ellie17Dec2012_09	12
317	bouts_symptoms	12
317	argument_about	8
317	awesome	0
317	regret	4
317	advice_back	10
317	avoid	14
317	mm	0
317	more	27
317	describe_felt	13
317	influence_positive	11
317	okay_confirm	0
317	last_argument	9
317	been_hard	0
317	how_know	7
317	how_close	14
317	aw	0
317	okay_confirm	0
317	Ellie17Dec2012_08	23
317	study	5
317	sounds_interesting	2
317	asked_everything	0
317	appreciate_open	0
317	bye	3
318	IntroV4Confirmation	0
318	IntroV4Confirmation	0
318	IntroV4Confirmation	0
318	IntroV4Confirmation	0
318	okay_confirm	0
318	how_doingV	2
318	thats_good	0
318	where_originally	3
318	really	1
318	like_about_LA	10
318	mhm	0
318	dont_like_LA	5
318	okay_confirm	0
318	study	6
318	still_doing_X	13
318	dream_job	17
318	sounds_interesting	1
318	why2	10
318	mad_makeyou	17
318	understand	0
318	what_do_when_annoyed	12
318	control_temper	8
318	thats_good	0
318	last_argument	20
318	okay_confirm	0
318	travel_shoes	7
318	travel_changed	19
318	travel_trips	24
318	nice	0
318	Ellie17Dec2012_07	14
318	living_situation	6
318	roommates	1
318	thats_good	0
318	military	2
318	ptsd_diagnosed	1
318	depression_diagnosed	1
318	easy_sleep	20
318	why2	18
318	okay_confirm	0
318	sleep_affects	16
318	mm	0
318	behavior_changes	4
318	okay_confirm	0
318	regret	2
318	advice_back	8
318	avoid	1
318	more	75
318	yeah2	0
318	BF_describe	2
318	okay_confirm	0
318	family_roleB	2
318	influence_positive	7
318	thats_great	0
318	Ellie17Dec2012_10	24
318	love_hear	66
318	Ellie17Dec2012_06	27
318	awesome	0
318	Ellie17Dec2012_09	36
318	good_hear	0
318	memorableB	128
318	yeah2	0
318	Ellie17Dec2012_08	21
318	okay_confirm	0
318	asked_everything	0
318	appreciate_open	0
318	bye	1
319	IntroV4Confirmation	0
319	IntroV4Confirmation	0
319	IntroV4Confirmation	0
319	IntroV4Confirmation	0
319	okay_confirm	0
319	how_doingV	2
319	thats_good	0
319	where_originally	2
319	really	0
319	like_about_LA	21
319	mhm	8
319	okay_confirm	0
319	dont_like_LA	8
319	see_mean	4
319	dream_job	18
319	sorry_hear	3
319	good_job	3
319	study	6
319	sounds_interesting	0
319	mad_makeyou	24
319	yeah2	2
319	what_do_when_annoyed	13
319	control_temper	34
319	thats_good	0
319	relax_fishtank	5
319	memorableB	8
319	more	21
319	thats_great	0
319	easy_parent	17
319	parent_best	16
319	parent_hardest	24
319	makes_sense	0
319	bouts_symptoms	5
319	yes	5
319	describe_felt	13
319	thats_great	1
319	last_argument	5
319	okay_confirm	0
319	travel_shoes	8
319	why2	13
319	yes	3
319	okay_confirm	0
319	military	1
319	ptsd_diagnosed	1
319	depression_diagnosed	1
319	when_diagnosed	6
319	why_seek_help	13
319	suspect_problem	11
319	symptoms_what	25
319	mm	0
319	feel_lately	4
319	sorry_hear	0
319	therapy_going	6
319	therapy_useful	5
319	tell_about_that	37
319	therapy_changes	13
319	okay_confirm	0
319	sleep_affects	2
319	been_hard	3
319	elaborate	36
319	see_mean	0
319	Ellie17Dec2012_09	58
319	nice	2
319	Ellie17Dec2012_07	20
319	BF_describe	13
319	okay_confirm	0
319	influence_positive	21
319	good_hear	0
319	regret	33
319	advice_back	29
319	okay_confirm	0
319	Ellie17Dec2012_08	10
319	asked_everything	0
319	appreciate_open	3
319	bye	1
320	IntroV4Confirmation	0
320	IntroV4Confirmation	0
320	IntroV4Confirmation	0
320	IntroV4Confirmation	0
320	okay_confirm	0
320	how_doingV	4
320	why2	4
320	understand	0
320	where_originally	1
320	really	1
320	like_about_LA	4
320	mhm	5
320	okay_confirm	0
320	dont_like_LA	3
320	mm	1
320	dream_job	5
320	study	5
320	sounds_interesting	1
320	happy_didthat	1
320	still_working_on_X	1
320	more	2
320	mhm	18
320	hard_decision	2
320	aw	1
320	family_roleB	13
320	thats_good	1
320	talk_later	1
320	relax_fishtank	10
320	cool3	1
320	control_temper	8
320	last_argument	11
320	okay_confirm	0
320	what_do_when_annoyed	39
320	understand	1
320	mad_makeyou	30
320	mhm	1
320	BF_describe	6
320	Ellie17Dec2012_07	5
320	okay_confirm	0
320	influence_positive	2
320	aw	1
320	elaborate	3
320	mhm	18
320	give_example	32
320	thats_great	1
320	uncomfortable_talkV	3
320	yes	5
320	sorry_hear	1
320	behavior_changes	2
320	behavior_changes	5
320	mhm	5
320	yes	13
320	feel_lately	8
320	why2	13
320	elaborate	28
320	im_sorry	0
320	been_hard	3
320	symptoms_cope	9
320	yeah2	1
320	easy_sleep	13
320	sleep_affects	2
320	sleep_affects	23
320	mm	0
320	ptsd_diagnosed	7
320	when_diagnosed	4
320	why_seek_help	12
320	therapy_going	6
320	stop_going	2
320	stop_going	7
320	suspect_problem	13
320	symptoms_what	17
320	isee_downer	14
320	yeah2	0
320	disturbing_thoughts	8
320	mind	12
320	isee_downer	1
320	trigger	1
320	give_example	36
320	been_hard	2
320	therapy_useful	2
320	therapy_useful	3
320	therapy_changes	25
320	thats_good	1
320	therapist_affect	21
320	feel_lately	15
320	okay_confirm	0
320	Ellie17Dec2012_09	1
320	thats_great	1
320	Ellie17Dec2012_10	5
320	cool3	0
320	Ellie17Dec2012_08	2
320	aw	0
320	kids_elaborate	10
320	good_hear	1
320	easy_parent	3
320	parent_hardest	5
320	give_example	22
320	mhm	8
320	okay_confirm	0
320	parent_best	30
320	awesome	0
320	regret	1
320	advice_back	15
320	okay_confirm	0
320	memorableB	4
320	mind	14
320	really	1
320	describe_felt	5
320	difficult	8
320	yes	7
320	thats_great	0
320	okay_confirm	0
320	asked_everything	0
320	appreciate_open	1
320	bye	1
321	IntroV4Confirmation	0
321	IntroV4Confirmation	0
321	IntroV4Confirmation	0
321	IntroV4Confirmation	0
321	IntroV4Confirmation	0
321	okay_confirm	0
321	how_doingV	2
321	thats_good	0
321	where_originally	3
321	really	1
321	why_LA	6
321	when_LA	3
321	adapted_LA	11
321	Ellie17Dec2012_06	0
321	tell_about_that	32
321	mm	0
321	see_mean	0
321	often_backB	35
321	okay_confirm	0
321	like_about_LA	28
321	mhm	0
321	dont_like_LA	8
321	yeah2	0
321	study	4
321	still_working_on_X	7
321	cool3	0
321	hard_decision	18
321	good_job	3
321	dream_job	10
321	sounds_interesting	1
321	why2	73
321	thats_great	0
321	what_do_when_annoyed	2
321	mad_makeyou	21
321	mm	0
321	control_temper	28
321	last_argument	56
321	been_hard	5
321	easy_parent	1
321	parent_hardest	42
321	yeah2	1
321	parent_best	6
321	aw	1
321	describe_felt	29
321	great_situation	4
321	military	1
321	ptsd_diagnosed	1
321	when_diagnosed	7
321	why_seek_help	59
321	Ellie17Dec2012_06	0
321	isee_downer	0
321	suspect_problem	8
321	feel_lately	5
321	sorry_hear	1
321	easy_sleep	46
321	okay_confirm	0
321	sleep_affects	7
321	difficult	22
321	yeah2	0
321	makes_sense	1
321	disturbing_thoughts	5
321	trigger	1
321	therapy_going	7
321	stop_going	6
321	understand	0
321	therapy_useful	3
321	therapy_useful	3
321	therapist_useful	1
321	therapy_changes	39
321	thats_good	1
321	Ellie17Dec2012_08	2
321	aw	1
321	Ellie17Dec2012_07	4
321	BF_describe	1
321	thats_good	0
321	todays_kids	5
321	tell_about_that	60
321	yeah2	0
321	that_sucks	1
321	memorableB	4
321	mind	6
321	good_hear	0
321	regret	9
321	hard_decision	10
321	been_hard	9
321	avoid	5
321	okay_confirm	0
321	advice_back	3
321	okay_confirm	0
321	influence_positive	2
321	love_hear	40
321	thats_great	1
321	travel_shoes	1
321	okay_confirm	0
321	Ellie17Dec2012_09	12
321	mhm	4
321	okay_confirm	0
321	do_fun	8
321	bouts_symptoms	4
321	how_know	2
321	mhm	3
321	how_close	3
321	nice	1
321	asked_everything	0
321	appreciate_open	2
321	bye	1
322	IntroV4Confirmation	0
322	IntroV4Confirmation	0
322	IntroV4Confirmation	0
322	IntroV4Confirmation	0
322	IntroV4Confirmation	0
322	okay_confirm	0
322	how_doingV	3
322	thats_good	0
322	where_originally	4
322	really	1
322	why_LA	2
322	why_LA	6
322	why_LA	5
322	when_LA	5
322	Ellie17Dec2012_06	0
322	long_time	0
322	often_backB	6
322	thats_good	0
322	adapted_LA	30
322	thats_good	0
322	travel_shoes	1
322	travel_changed	33
322	travel_trips	3
322	travel_trips	130
322	nice	0
322	relax_fishtank	15
322	okay_confirm	0
322	study	13
322	still_working_on_X	11
322	hard_decision	88
322	mhm	0
322	do_fun	25
322	okay_confirm	0
322	control_temper	24
322	thats_great	0
322	last_argument	112
322	uh_huh	0
322	family_roleB	18
322	why2	70
322	been_hard	2
322	regret	6
322	todays_kids	6
322	todays_kids	10
322	todays_kids	7
322	back_later	1
322	military	1
322	ptsd_diagnosed	1
322	depression_diagnosed	2
322	when_diagnosed	6
322	yeah2	0
322	suspect_problem	3
322	symptoms_what	40
322	feel_lately	5
322	thats_good	1
322	therapy_going	3
322	stop_going	26
322	awesome	0
322	change_directions	59
322	understand	0
322	easy_sleep	34
322	trigger	7
322	trigger	2
322	sleep_affects	36
322	bouts_symptoms	5
322	okay_confirm	0
322	Ellie17Dec2012_08	5
322	yes	56
322	yeah2	0
322	BF_describe	30
322	okay_confirm	0
322	influence_positive	3
322	tell_about_that	95
322	mhm	0
322	advice_back	4
322	like_about_LA	28
322	dont_like_LA	46
322	mad_makeyou	3
322	mind	62
322	yeah2	0
322	give_example	127
322	yeah2	0
322	memorableB	33
322	nice	21
322	okay_confirm	0
322	Ellie17Dec2012_09	45
322	Ellie17Dec2012_07	38
322	thats_great	0
322	asked_everything	0
322	appreciate_open	7
322	bye	1
323	IntroV4Confirmation	0
323	IntroV4Confirmation	0
323	IntroV4Confirmation	0
323	IntroV4Confirmation	0
323	how_doingV	1
323	thats_good	0
323	where_originally	1
323	really	0
323	why_LA	4
323	see_mean	0
323	when_LA	9
323	long_time	0
323	adapted_LA	5
323	thats_good	0
323	like_about_LA	24
323	dont_like_LA	18
323	often_backB	3
323	thats_great	0
323	family_roleB	9
323	good_hear	0
323	travel_shoes	7
323	travel_changed	18
323	okay_confirm	0
323	study	15
323	cool3	0
323	still_doing_X	14
323	Ellie17Dec2012_06	0
323	hard_decision	26
323	nice	3
323	yes	0
323	dream_job	12
323	really	29
323	aw	0
323	okay_confirm	0
323	relax_fishtank	19
323	awesome	0
323	mad_makeyou	8
323	what_do_when_annoyed	37
323	thats_good	3
323	last_argument	28
323	okay_confirm	0
323	see_mean	0
323	influence_positive	13
323	tell_about_that	92
323	mhm	90
323	good_hear	0
323	memorableB	147
323	awesome	0
323	regret	68
323	mhm	9
323	avoid	45
323	trade_offs	4
323	advice_back	42
323	yeah2	0
323	military	7
323	ptsd_diagnosed	2
323	depression_diagnosed	1
323	easy_sleep	83
323	mhm	0
323	sleep_affects	20
323	okay_confirm	0
323	feel_lately	29
323	thats_good	1
323	behavior_changes	24
323	good_hear	0
323	Ellie17Dec2012_08	36
323	aw	8
323	easy_parent	16
323	parent_best	22
323	parent_hardest	47
323	makes_sense	0
323	BF_describe	28
323	thats_great	0
323	thats_great	0
323	Ellie17Dec2012_10	67
323	Ellie17Dec2012_06	1
323	great_situation	6
323	asked_everything	0
323	appreciate_open	1
324	IntroV4Confirmation	0
324	IntroV4Confirmation	0
324	IntroV4Confirmation	0
324	okay_confirm	1
324	how_doingV	4
324	great_thanks	0
324	where_originally	10
324	really	2
324	awesome	0
324	like_about_LA	5
324	give_example	7
324	okay_confirm	2
324	dont_like_LA	3
324	okay_confirm	2
324	see_mean	0
324	influence_positive	3
324	love_hear	13
324	thats_good	0
324	family_roleB	11
324	yeah2	0
324	do_fun	21
324	cool3	0
324	okay_confirm	5
324	bouts_symptoms	22
324	travel_changed	33
324	see_mean	0
324	relax_fishtank	5
324	control_temper	9
324	more	15
324	last_argument	10
324	what_do_when_annoyed	6
324	mad_makeyou	2
324	more	21
324	okay_confirm	0
324	dream_job	58
324	Ellie17Dec2012_06	3
324	thats_great	10
324	nice	1
324	memorableB	6
324	mhm	31
324	that_sucks	2
324	military	1
324	ptsd_diagnosed	1
324	depression_diagnosed	10
324	therapy_going	3
324	stop_going	53
324	sorry_hear	7
324	therapy_useful	2
324	therapist_useful	10
324	more	6
324	yes	18
324	feel_lately	14
324	been_hard	16
324	avoid	5
324	yes	34
324	mm	0
324	trade_offs	5
324	trade_offs	5
324	behavior_changes	7
324	okay_confirm	3
324	trigger	13
324	bouts_symptoms	7
324	really	1
324	describe_felt	1
324	difficult	34
324	yeah2	0
324	uncomfortable_talkV	1
324	okay_confirm	0
324	BF_describe	74
324	uh_huh	5
324	okay_confirm	0
324	Ellie17Dec2012_08	9
324	give_example	16
324	thats_great	2
324	regret	2
324	give_example	51
324	okay_confirm	0
324	advice_back	33
324	change_directions	6
324	back_later	0
324	thats_great	0
324	Ellie17Dec2012_09	24
324	nice	2
324	Ellie17Dec2012_07	24
324	mind	17
324	asked_everything	0
324	appreciate_open	5
324	bye	2
325	IntroV4Confirmation	0
325	IntroV4Confirmation	0
325	IntroV4Confirmation	0
325	how_doingV	16
325	see_mean	0
325	where_originally	36
325	awesome	0
325	like_about_LA	48
325	okay_confirm	0
325	dont_like_LA	61
325	yeah2	0
325	yeah2	0
325	study	9
325	Ellie17Dec2012_06	0
325	sounds_interesting	0
325	hard_decision	52
325	nice	0
325	dream_job	62
325	okay_confirm	0
325	travel_shoes	3
325	travel_changed	12
325	travel_trips	24
325	Ellie17Dec2012_06	0
325	mad_makeyou	22
325	mhm	0
325	what_do_when_annoyed	7
325	yes	0
325	control_temper	74
325	thats_good	0
325	last_argument	84
325	thats_good	0
325	relax_fishtank	22
325	okay_confirm	0
325	family_roleB	84
325	see_mean	0
325	mhm	0
325	BF_describe	47
325	thats_great	0
325	Ellie17Dec2012_08	92
325	good_hear	0
325	military	4
325	ptsd_diagnosed	1
325	depression_diagnosed	1
325	when_diagnosed	18
325	very_young	1
325	why_seek_help	75
325	therapy_going	43
325	that_sucks	0
325	therapy_useful	45
325	yeah2	0
325	feel_lately	106
325	been_hard	0
325	easy_sleep	76
325	okay_confirm	0
325	sleep_affects	69
325	isee_downer	0
325	bouts_symptoms	43
325	okay_confirm	0
325	thats_great	0
325	Ellie17Dec2012_07	51
325	okay_confirm	0
325	memorableB	112
325	Ellie17Dec2012_06	21
325	awesome	0
325	do_fun	55
325	okay_confirm	0
325	regret	27
325	yeah2	0
325	advice_back	22
325	Ellie17Dec2012_09	28
325	cool3	0
325	influence_positive	69
325	thats_great	0
325	asked_everything	0
325	appreciate_open	1
325	bye	0
326	IntroV4Confirmation	0
326	IntroV4Confirmation	0
326	IntroV4Confirmation	0
326	IntroV4Confirmation	0
326	okay_confirm	0
326	how_doingV	2
326	thats_good	0
326	where_originally	2
326	really	0
326	why_LA	5
326	okay_confirm	0
326	when_LA	5
326	often_backB	2
326	why2	10
326	understand	0
326	like_about_LA	27
326	uh_huh	0
326	dont_like_LA	1
326	okay_confirm	0
326	family_roleB	1
326	why2	5
326	dream_job	5
326	study	1
326	change_directions	1
326	that_sucks	2
326	relax_fishtank	3
326	cool3	0
326	control_temper	3
326	love_hear	6
326	last_argument	6
326	how_close	7
326	how_know	7
326	okay_confirm	0
326	regret	1
326	advice_back	7
326	todays_kids	1
326	todays_kids	3
326	okay_confirm	0
326	military	5
326	more	19
326	change_directions	13
326	yes	23
326	okay_confirm	7
326	oh	0
326	travel_shoes	3
326	travel_changed	7
326	travel_trips	13
326	yeah2	20
326	great_situation	5
326	memorableB	2
326	describe_felt	2
326	why2	13
326	see_mean	0
326	easy_sleep	6
326	tell_about_that	15
326	understand	1
326	sleep_affects	7
326	okay_confirm	0
326	feel_lately	1
326	behavior_changes	11
326	give_example	13
326	okay_confirm	0
326	feel_down	1
326	ptsd_diagnosed	1
326	depression_diagnosed	1
326	okay_confirm	0
326	BF_describe	5
326	Ellie17Dec2012_07	1
326	Ellie17Dec2012_08	5
326	give_example	12
326	Ellie17Dec2012_06	5
326	sounds_interesting	4
326	Ellie17Dec2012_09	4
326	bouts_symptoms	3
326	cool3	1
326	tell_me_about	9
326	okay_confirm	0
326	Ellie17Dec2012_10	10
326	awesome	0
326	how_know	18
326	nice	1
326	mad_makeyou	12
326	why2	14
326	uncomfortable_talkV	3
326	thats_good	0
326	influence_positive	1
326	influence_positive	5
326	aw	0
326	tell_me_about	3
326	okay_confirm	0
326	okay_confirm	0
326	understand	1
326	asked_everything	8
326	thank_you	3
326	bye	1
327	IntroV4Confirmation	0
327	IntroV4Confirmation	0
327	IntroV4Confirmation	0
327	IntroV4Confirmation	0
327	okay_confirm	0
327	how_doingV	3
327	thats_good	0
327	where_originally	2
327	really	0
327	why_LA	12
327	cool3	0
327	long_time	1
327	compares_LA	14
327	adapted_LA	8
327	thats_good	0
327	travel_shoes	5
327	why2	26
327	understand	0
327	travel_changed	7
327	travel_trips	24
327	awesome	0
327	study	8
327	dream_job	8
327	why2	11
327	mhm	0
327	do_fun	8
327	thats_great	0
327	mad_makeyou	2
327	what_do_when_annoyed	27
327	yeah2	0
327	control_temper	11
327	thats_good	0
327	last_argument	12
327	aw	0
327	difficult	10
327	yeah2	0
327	kids_elaborate	19
327	easy_parent	5
327	parent_best	8
327	uh_huh	0
327	parent_hardest	1
327	more	35
327	sorry_hear	0
327	symptoms_cope	28
327	understand	0
327	todays_kids	6
327	todays_kids	9
327	memorableB	14
327	good_hear	0
327	military	1
327	ptsd_diagnosed	1
327	when_diagnosed	9
327	why_seek_help	29
327	yeah2	0
327	therapy_useful	1
327	tell_about_that	55
327	yeah2	0
327	therapist_affect	21
327	thats_great	0
327	suspect_problem	23
327	feel_lately	2
327	behavior_changes	7
327	thats_good	0
327	therapy_going	1
327	easy_sleep	16
327	that_sucks	0
327	sleep_affects	9
327	difficult	14
327	Ellie17Dec2012_06	0
327	yeah2	0
327	describe_felt	26
327	nice	0
327	Ellie17Dec2012_08	18
327	Ellie17Dec2012_10	1
327	Ellie17Dec2012_06	0
327	thats_great	1
327	hard_decision	29
327	makes_sense	0
327	BF_describe	10
327	influence_positive	15
327	okay_confirm	0
327	advice_back	17
327	mhm	0
327	regret	7
327	avoid	24
327	thats_good	0
327	Ellie17Dec2012_07	18
327	tell_about_that	60
327	okay_confirm	0
327	Ellie17Dec2012_09	17
327	good_hear	0
327	asked_everything	0
327	appreciate_open	2
327	bye	1
328	IntroV4Confirmation	0
328	IntroV4Confirmation	0
328	IntroV4Confirmation	0
328	IntroV4Confirmation	0
328	okay_confirm	0
328	how_doingV	4
328	great_thanks	0
328	where_originally	10
328	really	1
328	like_about_LA	24
328	yeah2	0
328	dont_like_LA	4
328	see_mean	0
328	study	4
328	cool3	0
328	still_working_on_X	14
328	awesome	0
328	dream_job	22
328	hard_decision	53
328	thats_great	0
328	bouts_symptoms	14
328	argument_about	29
328	mhm	0
328	sounds_interesting	1
328	mad_makeyou	57
328	uh_oh	1
328	that_sucks	13
328	easy_parent	69
328	yeah2	0
328	parent_hardest	125
328	uh_huh	0
328	been_hard	64
328	thats_good	0
328	parent_best	11
328	aw	58
328	yeah2	0
328	good_hear	1
328	todays_kids	118
328	uh_huh	20
328	see_mean	1
328	what_do_when_annoyed	15
328	okay_confirm	0
328	last_argument	55
328	how_know	2
328	yes	63
328	Ellie17Dec2012_06	0
328	thats_great	0
328	family_roleB	74
328	okay_confirm	0
328	travel_shoes	31
328	nice	1
328	travel_changed	39
328	mhm	0
328	travel_trips	142
328	great_situation	3
328	Ellie17Dec2012_07	32
328	thats_good	0
328	military	1
328	ptsd_diagnosed	1
328	depression_diagnosed	1
328	easy_sleep	4
328	sleep_affects	39
328	okay_confirm	0
328	feel_lately	2
328	thats_good	0
328	behavior_changes	5
328	okay_confirm	0
328	BF_describe	41
328	okay_confirm	0
328	Ellie17Dec2012_09	36
328	aw	7
328	good_hear	3
328	influence_positive	54
328	how_know	16
328	Ellie17Dec2012_06	1
328	long_time	3
328	memorableB	66
328	uh_oh	32
328	aw	0
328	do_fun	80
328	okay_confirm	0
328	regret	24
328	tell_about_that	57
328	understand	0
328	advice_back	62
328	mhm	0
328	okay_confirm	0
328	nice	1
328	cool3	0
328	Ellie17Dec2012_08	99
328	thats_great	0
328	asked_everything	2
328	mhm	0
328	appreciate_open	7
328	name_ellie	2
328	bye	1
329	IntroV4Confirmation	0
329	IntroV4Confirmation	0
329	IntroV4Confirmation	0
329	IntroV4Confirmation	0
329	how_doingV	2
329	really	0
329	why_LA	18
329	cool3	0
329	study	2
329	sounds_interesting	0
329	hard_decision	18
329	still_working_on_X	1
329	cool3	0
329	dream_job	9
329	more	27
329	good_hear	0
329	like_about_LA	25
329	dont_like_LA	6
329	roommates	1
329	living_situation	13
329	how_know	6
329	how_close	3
329	thats_great	0
329	influence_positive	4
329	tell_about_that	57
329	thats_good	0
329	relax_fishtank	5
329	mad_makeyou	44
329	mhm	0
329	what_do_when_annoyed	33
329	thats_good	0
329	control_temper	7
329	last_argument	53
329	describe_felt	23
329	thats_good	0
329	do_fun	10
329	nice	0
329	memorableB	12
329	travel_shoes	6
329	travel_changed	46
329	travel_trips	125
329	awesome	0
329	hard_decision	35
329	great_situation	7
329	BF_describe	7
329	thats_good	0
329	military	1
329	ptsd_diagnosed	1
329	depression_diagnosed	1
329	easy_sleep	68
329	sleep_affects	22
329	okay_confirm	0
329	behavior_changes	2
329	okay_confirm	0
329	advice_back	40
329	okay_confirm	0
329	Ellie17Dec2012_07	76
329	thats_good	0
329	family_roleB	41
329	okay_confirm	0
329	Ellie17Dec2012_09	10
329	Ellie17Dec2012_08	26
329	thats_great	0
329	aw	0
329	describe_felt	30
329	mhm	22
329	thats_good	0
329	asked_everything	0
329	appreciate_open	0
329	bye	1
330	IntroV4Confirmation	0
330	IntroV4Confirmation	0
330	IntroV4Confirmation	0
330	IntroV4Confirmation	0
330	okay_confirm	0
330	how_doingV	2
330	thats_good	0
330	where_originally	1
330	really	0
330	like_about_LA	8
330	mhm	0
330	dont_like_LA	29
330	yeah2	0
330	see_mean	0
330	travel_shoes	2
330	why2	12
330	okay_confirm	0
330	relax_fishtank	3
330	cool3	0
330	why2	35
330	okay_confirm	0
330	control_temper	2
330	last_argument	18
330	control_temper	5
330	what_do_when_annoyed	7
330	okay_confirm	0
330	thats_good	0
330	do_fun	6
330	okay_confirm	3
330	awesome	0
330	study	4
330	still_working_on_X	5
330	sounds_interesting	0
330	hard_decision	9
330	okay_confirm	0
330	dream_job	5
330	really	0
330	difficult	13
330	understand	0
330	influence_positive	5
330	tell_about_that	16
330	how_know	32
330	okay_confirm	0
330	memorableB	18
330	okay_confirm	0
330	talk_later	0
330	military	1
330	ptsd_diagnosed	1
330	depression_diagnosed	5
330	easy_sleep	16
330	sleep_affects	9
330	okay_confirm	0
330	behavior_changes	1
330	feel_down	1
330	tell_about_that	6
330	mind	27
330	been_hard	4
330	symptoms_cope	11
330	isee_downer	0
330	trigger	29
330	yeah2	0
330	therapist_useful	6
330	okay_confirm	0
330	BF_describe	7
330	how_know	5
330	how_close	2
330	cool3	0
330	Ellie17Dec2012_07	4
330	thats_good	0
330	Ellie17Dec2012_10	12
330	bouts_symptoms	4
330	okay_confirm	0
330	regret	1
330	advice_back	4
330	advice_back	4
330	back_later	0
330	todays_kids	13
330	see_mean	1
330	Ellie17Dec2012_08	7
330	more	13
330	thats_great	1
330	okay_confirm	0
330	asked_everything	0
330	appreciate_open	0
330	bye	0
331	IntroV4Confirmation	0
331	IntroV4Confirmation	0
331	IntroV4Confirmation	0
331	IntroV4Confirmation	0
331	okay_confirm	0
331	how_doingV	1
331	thats_good	0
331	where_originally	1
331	really	0
331	why_LA	5
331	hard_decision	34
331	dream_job	9
331	difficult	27
331	yeah2	0
331	that_sucks	1
331	travel_shoes	33
331	okay_confirm	0
331	like_about_LA	14
331	okay_confirm	0
331	dont_like_LA	19
331	see_mean	0
331	adapted_LA	65
331	aw	0
331	sorry_hear	0
331	okay_confirm	0
331	mad_makeyou	17
331	okay_confirm	0
331	control_temper	38
331	okay_confirm	0
331	last_argument	14
331	okay_confirm	0
331	where_live	7
331	cool3	0
331	roommates	10
331	aw	0
331	living_situation	47
331	why2	32
331	oh	0
331	been_hard	1
331	influence_positive	4
331	influence_positive	35
331	Ellie17Dec2012_06	0
331	family_roleB	21
331	uh_huh	18
331	okay_confirm	0
331	understand	0
331	BF_describe	11
331	Ellie17Dec2012_08	27
331	thats_great	0
331	Ellie17Dec2012_07	14
331	okay_confirm	0
331	military	1
331	ptsd_diagnosed	1
331	when_diagnosed	5
331	why_seek_help	68
331	sorry_hear	2
331	feel_lately	27
331	uh_huh	13
331	been_hard	1
331	behavior_changes	24
331	thats_great	27
331	mhm	47
331	thats_good	0
331	depression_diagnosed	79
331	difficult	0
331	yeah2	0
331	suspect_problem	3
331	symptoms_what	50
331	yeah2	0
331	therapy_useful	42
331	mhm	30
331	see_mean	0
331	therapy_changes	67
331	mm	0
331	stop_going	29
331	mhm	24
331	yeah2	0
331	okay_confirm	0
331	Ellie17Dec2012_10	9
331	okay_confirm	0
331	sorry_hear	2
331	memorableB	93
331	Ellie17Dec2012_06	0
331	thats_great	7
331	yeah2	0
331	regret	53
331	mhm	44
331	thats_good	0
331	yeah2	0
331	advice_back	85
331	yeah2	0
331	makes_sense	0
331	Ellie17Dec2012_09	43
331	thats_great	0
331	asked_everything	3
331	appreciate_open	4
331	bye	1
332	IntroV4Confirmation	0
332	IntroV4Confirmation	0
332	IntroV4Confirmation	0
332	how_doingV	3
332	sorry_hear	0
332	where_originally	1
332	really	2
332	cool3	0
332	like_about_LA	13
332	okay_confirm	0
332	dont_like_LA	7
332	uh_huh	6
332	understand	0
332	study	4
332	sounds_interesting	2
332	still_working_on_X	3
332	difficult	2
332	im_sorry	2
332	dream_job	32
332	okay_confirm	0
332	family_roleB	11
332	im_sorry	0
332	relax_fishtank	6
332	thats_great	1
332	control_temper	8
332	last_argument	7
332	okay_confirm	0
332	mad_makeyou	20
332	yeah2	0
332	yeah2	0
332	influence_positive	24
332	okay_confirm	0
332	memorableB	14
332	mind	15
332	nice	1
332	tell_about_that	29
332	mhm	32
332	yeah2	0
332	change_directions	7
332	happy_didthat	19
332	okay_confirm	0
332	okay_confirm	0
332	BF_describe	19
332	thats_good	1
332	military	1
332	ptsd_diagnosed	1
332	when_diagnosed	7
332	long_time	1
332	why_seek_help	12
332	symptoms_what	11
332	okay_confirm	0
332	suspect_problem	2
332	therapy_going	3
332	therapy_useful	14
332	therapist_affect	51
332	thats_good	0
332	feel_lately	4
332	been_hard	1
332	trigger	2
332	isee_downer	0
332	isee_downer	2
332	behavior_changes	23
332	yeah2	0
332	symptoms_cope	13
332	trade_offs	3
332	uncomfortable_talkV	6
332	thats_good	1
332	Ellie17Dec2012_07	42
332	give_example	30
332	yeah2	17
332	tell_about_that	15
332	that_sucks	3
332	difficult	11
332	yeah2	1
332	how_know	5
332	how_know	3
332	back_later	1
332	hard_decision	10
332	okay_confirm	0
332	regret	50
332	advice_back	44
332	yeah2	2
332	Ellie17Dec2012_08	16
332	okay_confirm	1
332	Ellie17Dec2012_09	82
332	thats_good	26
332	asked_everything	0
332	appreciate_open	6
332	bye	0
333	IntroV4Confirmation	0
333	IntroV4Confirmation	0
333	IntroV4Confirmation	0
333	okay_confirm	0
333	how_doingV	2
333	thats_good	0
333	where_originally	2
333	really	8
333	why_LA	12
333	when_LA	9
333	adapted_LA	7
333	tell_about_that	33
333	yeah2	0
333	see_mean	0
333	like_about_LA	34
333	cool3	0
333	dont_like_LA	30
333	uh_huh	0
333	study	5
333	still_working_on_X	1
333	dream_job	5
333	really	11
333	difficult	18
333	yeah2	0
333	that_sucks	0
333	hard_decision	30
333	cool3	0
333	travel_shoes	33
333	awesome	0
333	travel_changed	22
333	travel_trips	40
333	Ellie17Dec2012_06	0
333	happy_didthat	76
333	nice	0
333	relax_fishtank	63
333	thats_good	0
333	what_do_when_annoyed	63
333	okay_confirm	0
333	uh_huh	0
333	thats_good	0
333	mad_makeyou	37
333	yeah2	0
333	yeah2	6
333	isee_downer	0
333	last_argument	54
333	okay_confirm	0
333	regret	26
333	like_what	30
333	hard_decision	14
333	back_later	0
333	advice_back	46
333	mhm	0
333	military	1
333	ptsd_diagnosed	1
333	depression_diagnosed	8
333	feel_lately	53
333	trigger	44
333	uh_huh	0
333	behavior_changes	12
333	okay_confirm	0
333	why_seek_help	12
333	okay_confirm	0
333	therapist_affect	17
333	thats_good	0
333	thats_good	0
333	easy_sleep	10
333	sleep_affects	17
333	see_mean	0
333	BF_describe	54
333	mhm	0
333	hmm_downer	0
333	Ellie17Dec2012_07	49
333	thats_good	3
333	uh_huh	0
333	influence_positive	1
333	okay_confirm	0
333	okay_confirm	0
333	thats_great	0
333	memorableB	49
333	describe_felt	22
333	Ellie17Dec2012_06	0
333	great_situation	15
333	understand	0
333	Ellie17Dec2012_08	37
333	give_example	22
333	good_hear	4
333	okay_confirm	0
333	Ellie17Dec2012_09	65
333	thats_great	0
333	asked_everything	0
333	appreciate_open	0
333	bye	4
334	IntroV4Confirmation	0
334	IntroV4Confirmation	0
334	IntroV4Confirmation	1
334	IntroV4Confirmation	0
334	okay_confirm	0
334	how_doingV	5
334	thats_good	0
334	where_originally	2
334	really	0
334	why_LA	34
334	long_time	1
334	often_backB	17
334	nice	0
334	adapted_LA	6
334	thats_good	0
334	like_about_LA	14
334	uh_huh	0
334	dont_like_LA	20
334	see_mean	0
334	tell_about_that	76
334	thats_good	34
334	okay_confirm	0
334	thats_great	0
334	hard_decision	49
334	uh_huh	0
334	dream_job	4
334	really	0
334	more	65
334	yeah2	0
334	travel_shoes	4
334	im_sorry	2
334	family_roleB	36
334	been_hard	19
334	okay_confirm	0
334	relax_fishtank	34
334	okay_confirm	0
334	mad_makeyou	4
334	uh_huh	0
334	what_do_when_annoyed	37
334	control_temper	23
334	last_argument	58
334	landed_trouble	1
334	give_example	8
334	okay_confirm	0
334	do_fun	29
334	nice	0
334	travel_changed	11
334	thats_great	0
334	travel_trips	41
334	Ellie17Dec2012_06	65
334	great_situation	0
334	military	20
334	combat	7
334	effectB	53
334	uh_huh	0
334	after	61
334	study	17
334	awesome	0
334	ptsd_diagnosed	1
334	depression_diagnosed	3
334	easy_sleep	54
334	yeah2	0
334	sorry_hear	2
334	sleep_affects	13
334	understand	0
334	feel_lately	14
334	behavior_changes	1
334	feel_down	16
334	symptoms_cope	23
334	difficult	24
334	thats_great	0
334	thats_great	0
334	Ellie17Dec2012_07	40
334	uh_huh	24
334	difficult	26
334	okay_confirm	0
334	influence_positive	32
334	okay_confirm	0
334	regret	17
334	avoid	6
334	advice_back	27
334	Ellie17Dec2012_08	3
334	okay_confirm	0
334	tell_about_that	88
334	okay_confirm	0
334	Ellie17Dec2012_09	19
334	bouts_symptoms	16
334	cool3	0
334	memorableB	13
334	Ellie17Dec2012_06	0
334	more	87
334	asked_everything	0
334	appreciate_open	2
334	bye	1
335	IntroV4Confirmation	0
335	IntroV4Confirmation	0
335	IntroV4Confirmation	0
335	how_doingV	2
335	thats_good	0
335	where_originally	7
335	really	1
335	like_about_LA	5
335	uh_huh	15
335	aw	45
335	yeah2	1
335	dont_like_LA	33
335	tell_about_that	11
335	sorry_hear	28
335	study	2
335	sounds_interesting	2
335	still_doing_X	5
335	hard_decision	54
335	thats_great	1
335	why2	41
335	yeah2	0
335	relax_fishtank	42
335	okay_confirm	2
335	mad_makeyou	42
335	yeah2	1
335	what_do_when_annoyed	32
335	okay_confirm	0
335	control_temper	12
335	last_argument	9
335	uh_huh	25
335	been_hard	16
335	okay_confirm	0
335	more	2
335	aw	0
335	great_situation	6
335	BF_describe	43
335	thats_good	23
335	why2	39
335	landed_trouble	1
335	landed_trouble	17
335	okay_confirm	0
335	military	3
335	ptsd_diagnosed	14
335	why2	65
335	uh_huh	25
335	oh_no	0
335	im_sorry	0
335	trigger	82
335	isee_downer	0
335	depression_diagnosed	1
335	feel_lately	10
335	yeah2	6
335	thats_good	0
335	behavior_changes	7
335	more	14
335	uh_huh	32
335	that_sucks	11
335	back_later	1
335	easy_sleep	3
335	sleep_affects	12
335	okay_confirm	0
335	Ellie17Dec2012_07	36
335	okay_confirm	0
335	travel_shoes	1
335	travel_changed	42
335	travel_trips	30
335	Ellie17Dec2012_06	8
335	happy_didthat	10
335	awesome	1
335	memorableB	29
335	thats_good	1
335	influence_positive	70
335	uh_huh	1
335	thats_great	1
335	regret	4
335	give_example	59
335	okay_confirm	0
335	advice_back	6
335	more	4
335	more	105
335	makes_sense	0
335	makes_sense	0
335	makes_sense	5
335	makes_sense	0
335	makes_sense	0
335	Ellie17Dec2012_08	19
335	thats_great	19
335	mhm	0
335	asked_everything	0
335	appreciate_open	1
335	appreciate_open	2
336	IntroV4Confirmation	1
336	IntroV4Confirmation	0
336	IntroV4Confirmation	0
336	IntroV4Confirmation	0
336	okay_confirm	0
336	how_doingV	4
336	thats_good	0
336	where_originally	2
336	really	0
336	why_LA	4
336	awesome	0
336	hard_decision	3
336	uh_huh	0
336	okay_confirm	0
336	like_about_LA	13
336	cool3	0
336	dont_like_LA	15
336	see_mean	0
336	adapted_LA	12
336	when_LA	4
336	Ellie17Dec2012_06	0
336	long_time	3
336	often_backB	9
336	why2	15
336	okay_confirm	0
336	travel_shoes	23
336	nice	0
336	travel_changed	19
336	travel_trips	23
336	uh_huh	0
336	happy_didthat	26
336	Ellie17Dec2012_06	0
336	more	40
336	difficult	16
336	okay_confirm	0
336	why2	28
336	mhm	0
336	relax_fishtank	18
336	argument_about	7
336	awesome	0
336	difficult	17
336	change_directions	29
336	great_situation	1
336	mad_makeyou	10
336	mm	0
336	that_sucks	1
336	control_temper	10
336	last_argument	25
336	okay_confirm	0
336	how_know	11
336	how_close	2
336	okay_confirm	0
336	memorableB	19
336	okay_confirm	0
336	dream_job	18
336	aw	0
336	thats_great	0
336	military	1
336	ptsd_diagnosed	1
336	depression_diagnosed	1
336	easy_sleep	9
336	why2	40
336	im_sorry	1
336	sleep_affects	20
336	thats_good	0
336	behavior_changes	2
336	behavior_changes	2
336	feel_lately	33
336	uh_huh	0
336	tell_me_about	25
336	too_hard	5
336	difficult	26
336	symptoms_cope	24
336	thats_good	0
336	change_directions	6
336	okay_confirm	0
336	more	45
336	thats_good	0
336	BF_describe	30
336	uh_huh	10
336	see_mean	0
336	makes_sense	0
336	regret	17
336	avoid	23
336	landed_trouble	25
336	advice_back	16
336	mm	0
336	influence_positive	6
336	more	13
336	good_hear	2
336	Ellie17Dec2012_07	15
336	uh_huh	0
336	Ellie17Dec2012_08	35
336	thats_good	0
336	asked_everything	0
336	appreciate_open	2
336	bye	1
337	IntroV4Confirmation	0
337	IntroV4Confirmation	0
337	IntroV4Confirmation	0
337	IntroV4Confirmation	0
337	okay_confirm	0
337	how_doingV	7
337	thats_good	0
337	great_thanks	0
337	where_originally	15
337	really	0
337	like_about_LA	35
337	mhm	29
337	yeah2	0
337	see_mean	0
337	dont_like_LA	25
337	okay_confirm	0
337	study	13
337	awesome	0
337	still_working_on_X	1
337	okay_confirm	45
337	why2	42
337	okay_confirm	0
337	uh_huh	0
337	family_roleB	24
337	sorry_hear	48
337	right2	4
337	okay_confirm	0
337	relax_fishtank	68
337	uh_huh	10
337	okay_confirm	0
337	travel_shoes	65
337	travel_changed	58
337	uh_huh	14
337	travel_trips	162
337	uh_huh	83
337	yeah2	8
337	see_mean	0
337	cool3	0
337	bouts_symptoms	126
337	Ellie17Dec2012_06	6
337	mad_makeyou	61
337	yeah2	50
337	uh_huh	0
337	okay_confirm	0
337	what_do_when_annoyed	88
337	landed_trouble	79
337	uh_huh	49
337	okay_confirm	0
337	last_argument	25
337	mind	94
337	yeah2	63
337	yeah2	189
337	yeah2	129
337	uh_huh	50
337	isee_downer	0
337	been_hard	63
337	yeah2	0
337	influence_positive	83
337	uh_huh	55
337	thats_great	0
337	regret	72
337	yeah2	159
337	Ellie17Dec2012_06	116
337	yeah2	0
337	too_hard	166
337	mhm	53
337	yeah2	14
337	yeah2	0
337	advice_back	114
337	uh_huh	77
337	mhm	3
337	okay_confirm	0
337	military	1
337	ptsd_diagnosed	1
337	depression_diagnosed	63
337	give_example	172
337	yeah2	170
337	uh_huh	53
337	yeah2	106
337	mhm	100
337	yeah2	65
337	difficult	72
337	yeah2	86
337	isee_downer	0
337	feel_lately	149
337	thats_good	61
337	mhm	76
337	yes	0
337	okay_confirm	0
337	BF_describe	44
337	Ellie17Dec2012_07	51
337	uh_huh	0
337	thats_great	0
337	Ellie17Dec2012_08	106
337	uh_huh	70
337	uh_oh	30
337	yeah2	99
337	yeah2	22
337	mhm	0
337	good_hear	0
337	asked_everything	3
337	appreciate_open	2
337	bye	1
338	IntroV4Confirmation	0
338	IntroV4Confirmation	0
338	IntroV4Confirmation	0
338	okay_confirm	0
338	how_doingV	3
338	thats_good	0
338	where_originally	5
338	really	0
338	like_about_LA	9
338	dont_like_LA	5
338	see_mean	0
338	study	4
338	still_working_on_X	8
338	aw	0
338	hard_decision	30
338	yeah2	0
338	dream_job	21
338	yeah2	0
338	why2	35
338	okay_confirm	0
338	mad_makeyou	10
338	what_do_when_annoyed	33
338	uh_huh	0
338	control_temper	3
338	thats_good	0
338	last_argument	17
338	yeah2	0
338	regret	24
338	sorry_hear	2
338	how_close	21
338	advice_back	37
338	okay_confirm	0
338	todays_kids	17
338	okay_confirm	0
338	military	4
338	ptsd_diagnosed	4
338	depression_diagnosed	1
338	when_diagnosed	5
338	why_seek_help	27
338	therapy_going	3
338	stop_going	70
338	mhm	0
338	difficult	24
338	isee_downer	0
338	feel_lately	20
338	symptoms_cope	22
338	thats_great	0
338	suspect_problem	46
338	okay_confirm	0
338	thats_great	0
338	BF_describe	41
338	mhm	0
338	how_know	1
338	cool3	0
338	Ellie17Dec2012_07	59
338	uh_huh	0
338	influence_positive	7
338	tell_about_that	44
338	good_hear	0
338	memorableB	27
338	describe_felt	2
338	mhm	0
338	do_fun	38
338	thats_good	0
338	Ellie17Dec2012_08	61
338	yeah2	0
338	Ellie17Dec2012_10	13
338	bouts_symptoms	4
338	thats_good	0
338	bye	0
339	IntroV4Confirmation	0
339	IntroV4Confirmation	0
339	IntroV4Confirmation	0
339	IntroV4Confirmation	0
339	how_doingV	3
339	thats_good	0
339	where_originally	7
339	really	1
339	where_live	9
339	okay_confirm	0
339	like_about_LA	5
339	mhm	7
339	yeah2	0
339	dont_like_LA	36
339	mhm	0
339	travel_shoes	3
339	study	7
339	still_working_on_X	6
339	dream_job	8
339	really	1
339	change_directions	14
339	aw	0
339	tell_about_that	30
339	mhm	25
339	okay_confirm	0
339	okay_confirm	0
339	understand	0
339	understand	0
339	relax_fishtank	11
339	cool3	1
339	bouts_symptoms	7
339	mhm	0
339	what_do_when_annoyed	44
339	mhm	11
339	control_temper	3
339	last_argument	25
339	mhm	7
339	okay_confirm	2
339	regret	1
339	advice_back	8
339	mhm	20
339	yeah2	0
339	BF_describe	18
339	thats_good	0
339	military	4
339	ptsd_diagnosed	1
339	when_diagnosed	8
339	suspect_problem	26
339	trigger	3
339	tell_about_that	78
339	isee_downer	6
339	thats_good	0
339	therapy_going	2
339	therapist_useful	8
339	therapy_changes	5
339	therapist_affect	30
339	difficult	41
339	mhm	50
339	thats_good	0
339	why_seek_help	18
339	happy_didthat	3
339	okay_confirm	0
339	easy_sleep	51
339	uh_huh	0
339	sleep_affects	6
339	okay_confirm	0
339	feel_lately	9
339	feel_down	11
339	why2	39
339	sorry_hear	2
339	trade_offs	1
339	tell_about_that	24
339	thats_great	1
339	Ellie17Dec2012_08	43
339	mhm	1
339	thats_good	0
339	influence_positive	2
339	influence_positive	46
339	okay_confirm	0
339	mad_makeyou	5
339	okay_confirm	0
339	Ellie17Dec2012_07	53
339	uh_huh	0
339	Ellie17Dec2012_09	31
339	memorableB	22
339	describe_felt	14
339	good_hear	0
339	asked_everything	0
339	appreciate_open	2
339	bye	1
340	IntroV4Confirmation	0
340	IntroV4Confirmation	0
340	IntroV4Confirmation	0
340	how_doingV	1
340	thats_good	0
340	where_originally	2
340	really	0
340	why_LA	13
340	aw	0
340	when_LA	19
340	long_time	0
340	adapted_LA	15
340	yeah2	0
340	like_about_LA	8
340	dont_like_LA	4
340	okay_confirm	0
340	often_backB	6
340	bouts_symptoms	4
340	cool3	0
340	family_roleB	4
340	good_hear	0
340	travel_shoes	4
340	why2	12
340	okay_confirm	0
340	mad_makeyou	12
340	really	1
340	control_temper	7
340	thats_great	0
340	last_argument	27
340	mhm	0
340	relax_fishtank	5
340	influence_positive	14
340	BF_describe	8
340	okay_confirm	0
340	military	1
340	ptsd_diagnosed	1
340	depression_diagnosed	1
340	easy_sleep	3
340	sleep_affects	3
340	behavior_changes	7
340	more	26
340	hard_decision	19
340	see_mean	0
340	feel_lately	4
340	thats_good	0
340	Ellie17Dec2012_07	40
340	uh_huh	0
340	Ellie17Dec2012_10	21
340	aw	0
340	thats_good	0
340	easy_parent	1
340	parent_best	35
340	parent_hardest	16
340	mhm	0
340	difficult	16
340	more	27
340	mhm	0
340	memorableB	10
340	cool3	0
340	tell_about_that	13
340	describe_felt	8
340	travel_trips	36
340	okay_confirm	0
340	study	26
340	hard_decision	18
340	happy_didthat	3
340	okay_confirm	0
340	Ellie17Dec2012_08	16
340	mhm	0
340	more	20
340	good_hear	0
340	Ellie17Dec2012_09	22
340	advice_back	0
340	advice_back	4
340	okay_confirm	0
340	asked_everything	0
340	appreciate_open	0
340	bye	4
341	IntroV4Confirmation	0
341	IntroV4Confirmation	0
341	IntroV4Confirmation	0
341	IntroV4Confirmation	0
341	okay_confirm	0
341	how_doingV	7
341	thats_good	0
341	where_originally	1
341	really	0
341	like_about_LA	11
341	mhm	0
341	dont_like_LA	3
341	mhm	0
341	see_mean	0
341	study	1
341	cool3	0
341	still_working_on_X	7
341	happy_didthat	13
341	yeah2	0
341	dream_job	35
341	okay_confirm	0
341	travel_shoes	1
341	why2	10
341	bouts_symptoms	9
341	awesome	0
341	relax_fishtank	2
341	relax_fishtank	10
341	thats_good	1
341	mad_makeyou	8
341	easy_parent	1
341	parent_hardest	19
341	mhm	0
341	been_hard	11
341	parent_best	10
341	aw	27
341	yeah2	0
341	family_roleB	3
341	good_hear	16
341	okay_confirm	0
341	memorableB	3
341	mind	27
341	Ellie17Dec2012_06	0
341	describe_felt	18
341	okay_confirm	0
341	regret	20
341	okay_confirm	0
341	understand	0
341	advice_back	16
341	mhm	0
341	avoid	8
341	control_temper	27
341	uh_huh	0
341	last_argument	52
341	mhm	19
341	that_sucks	40
341	yeah2	7
341	understand	0
341	uh_huh	11
341	thats_great	2
341	influence_positive	67
341	yeah2	0
341	symptoms_cope	22
341	mhm	11
341	thats_good	2
341	military	1
341	really	3
341	old	3
341	very_young	2
341	why_enlist	6
341	happy_didthat	38
341	mhm	0
341	effectB	42
341	uh_huh	9
341	thats_good	2
341	after	12
341	cool3	38
341	yeah2	39
341	okay_confirm	0
341	Ellie17Dec2012_07	57
341	landed_trouble	16
341	mhm	22
341	yeah2	21
341	yes	0
341	Ellie17Dec2012_09	29
341	mhm	9
341	thats_good	2
341	feel_lately	24
341	easy_sleep	57
341	uh_huh	0
341	sleep_affects	8
341	okay_confirm	0
341	behavior_changes	76
341	difficult	17
341	uh_huh	0
341	yeah2	0
341	thats_good	2
341	depression_diagnosed	1
341	feel_down	3
341	yeah2	0
341	Ellie17Dec2012_08	8
341	okay_confirm	0
341	BF_describe	16
341	mhm	13
341	thats_great	1
341	asked_everything	2
341	appreciate_open	2
341	bye	1
343	IntroV4Confirmation	0
343	IntroV4Confirmation	0
343	IntroV4Confirmation	0
343	IntroV4Confirmation	0
343	okay_confirm	0
343	how_doingV	2
343	thats_good	0
343	where_originally	4
343	really	1
343	like_about_LA	17
343	mhm	0
343	dont_like_LA	5
343	okay_confirm	0
343	mad_makeyou	4
343	mad_makeyou	22
343	uh_huh	0
343	what_do_when_annoyed	6
343	give_example	32
343	landed_trouble	1
343	okay_confirm	0
343	last_argument	51
343	uh_huh	0
343	argument_about	37
343	yeah2	0
343	difficult	10
343	back_later	21
343	back_later	1
343	relax_fishtank	3
343	cool3	0
343	why2	18
343	mhm	10
343	study	1
343	study	13
343	talk_later	0
343	good_job	1
343	dream_job	15
343	okay_confirm	0
343	travel_shoes	1
343	aw	0
343	easy_parent	3
343	parent_hardest	13
343	mhm	0
343	parent_best	3
343	more	20
343	yeah2	0
343	kids_elaborate	4
343	why2	23
343	how_close	7
343	mhm	0
343	todays_kids	4
343	todays_kids	16
343	mind	33
343	mm	0
343	see_mean	0
343	military	1
343	ptsd_diagnosed	1
343	depression_diagnosed	3
343	when_diagnosed	10
343	why_seek_help	6
343	more	24
343	yeah2	0
343	suspect_problem	23
343	mhm	0
343	feel_lately	2
343	behavior_changes	5
343	behavior_changes	1
343	feel_down	2
343	mhm	1
343	thats_good	0
343	easy_sleep	6
343	why2	18
343	easy_sleep	0
343	sleep_affects	4
343	okay_confirm	0
343	therapy_going	3
343	stop_going	5
343	oh	0
343	BF_describe	9
343	Ellie17Dec2012_07	16
343	mhm	0
343	Ellie17Dec2012_09	10
343	cool3	0
343	Ellie17Dec2012_10	7
343	more	9
343	nice	1
343	describe_felt	3
343	okay_confirm	0
343	regret	1
343	advice_back	4
343	hard_decision	5
343	okay_confirm	0
343	memorableB	5
343	okay_confirm	0
343	give_example	8
343	tell_me_about	8
343	why2	6
343	good_hear	8
343	yeah2	1
343	Ellie17Dec2012_08	8
343	tell_about_that	17
343	yeah2	0
343	influence_positive	2
343	influence_positive	31
343	uh_huh	0
343	asked_everything	2
343	appreciate_open	1
343	bye	1
344	IntroV4Confirmation	0
344	IntroV4Confirmation	0
344	IntroV4Confirmation	0
344	how_doingV	2
344	thats_good	0
344	where_originally	7
344	really	1
344	like_about_LA	8
344	dont_like_LA	4
344	mhm	5
344	okay_confirm	0
344	travel_shoes	23
344	travel_changed	26
344	yeah2	0
344	travel_trips	23
344	cool3	0
344	old	1
344	very_young	4
344	combat	12
344	okay_confirm	0
344	effectB	58
344	like_what	51
344	that_sucks	7
344	after	20
344	change_directions	11
344	change_directions	8
344	mhm	29
344	thats_good	2
344	civilian_life	37
344	okay_confirm	0
344	study	10
344	still_working_on_X	7
344	sorry_hear	19
344	thats_good	6
344	dream_job	3
344	dream_job	55
344	mhm	0
344	yeah2	1
344	todays_kids	2
344	todays_kids	74
344	hmm_downer	0
344	see_mean	0
344	mad_makeyou	65
344	mhm	21
344	give_example	41
344	mm	1
344	what_do_when_annoyed	65
344	yeah2	32
344	control_temper	12
344	okay_confirm	0
344	last_argument	33
344	yeah2	1
344	understand	0
344	family_roleB	18
344	thats_good	3
344	good_hear	1
344	feel_lately	64
344	yeah2	0
344	more	53
344	thats_great	1
344	behavior_changes	9
344	behavior_changes	9
344	like_what	61
344	mhm	0
344	yeah2	5
344	difficult	3
344	difficult	51
344	okay_confirm	0
344	easy_sleep	30
344	trigger	46
344	yeah2	0
344	why_seek_help	3
344	why_seek_help	35
344	mhm	25
344	therapist_useful	49
344	yeah2	10
344	understand	0
344	therapist_useful	5
344	therapy_changes	60
344	thats_good	1
344	disturbing_thoughts	7
344	disturbing_thoughts	4
344	okay_confirm	0
344	BF_describe	3
344	mhm	68
344	mhm	11
344	back_later	2
344	relax_fishtank	9
344	okay_confirm	0
344	regret	90
344	yeah2	0
344	see_mean	1
344	advice_back	29
344	okay_confirm	0
344	influence_positive	16
344	give_example	93
344	yeah2	0
344	Ellie17Dec2012_08	3
344	Ellie17Dec2012_08	54
344	mhm	0
344	thats_great	0
344	Ellie17Dec2012_10	70
344	mhm	48
344	yeah2	0
344	great_situation	15
344	asked_everything	0
344	appreciate_open	2
344	bye	1
345	IntroV4Confirmation	1
345	IntroV4Confirmation	0
345	IntroV4Confirmation	0
345	how_doingV	3
345	thats_good	1
345	where_originally	12
345	really	1
345	like_about_LA	47
345	uh_huh	0
345	dont_like_LA	31
345	see_mean	0
345	travel_shoes	12
345	okay_confirm	0
345	study	36
345	sounds_interesting	0
345	still_working_on_X	17
345	dream_job	37
345	mhm	21
345	yeah2	0
345	family_roleB	30
345	okay_confirm	1
345	back_later	1
345	what_do_when_annoyed	24
345	yeah2	0
345	control_temper	32
345	landed_trouble	32
345	mhm	0
345	last_argument	65
345	that_sucks	4
345	influence_positive	45
345	aw	0
345	thats_great	0
345	memorableB	54
345	awesome	0
345	BF_describe	44
345	mhm	0
345	Ellie17Dec2012_09	51
345	okay_confirm	0
345	easy_sleep	28
345	why2	30
345	trigger	29
345	symptoms_cope	41
345	mhm	1
345	thats_good	0
345	sleep_affects	51
345	sorry_hear	2
345	ptsd_diagnosed	1
345	when_diagnosed	7
345	why_seek_help	62
345	been_hard	4
345	suspect_problem	85
345	feel_lately	36
345	thats_good	1
345	depression_diagnosed	7
345	okay_confirm	0
345	therapist_useful	43
345	therapy_changes	30
345	thats_good	0
345	aw	0
345	Ellie17Dec2012_08	125
345	mhm	0
345	thats_good	0
345	regret	42
345	yeah2	0
345	advice_back	28
345	mhm	0
345	Ellie17Dec2012_07	67
345	okay_confirm	0
345	do_fun	60
345	nice	0
345	asked_everything	0
345	appreciate_open	2
345	bye	1
346	IntroV4Confirmation	0
346	IntroV4Confirmation	0
346	IntroV4Confirmation	0
346	IntroV4Confirmation	0
346	okay_confirm	0
346	how_doingV	2
346	thats_good	0
346	where_originally	4
346	really	0
346	like_about_LA	23
346	mhm	0
346	dont_like_LA	14
346	yeah2	0
346	see_mean	0
346	travel_shoes	3
346	travel_changed	13
346	travel_trips	85
346	that_sucks	1
346	more	9
346	mhm	61
346	okay_confirm	0
346	BF_describe	9
346	cool3	0
346	study	11
346	still_working_on_X	6
346	hard_decision	51
346	sounds_interesting	0
346	happy_didthat	31
346	yeah2	0
346	influence_positive	39
346	family_roleB	40
346	thats_good	0
346	relax_fishtank	58
346	easy_sleep	65
346	trigger	96
346	yeah2	15
346	okay_confirm	0
346	sleep_affects	49
346	symptoms_cope	81
346	mhm	0
346	difficult	84
346	yeah2	0
346	isee_downer	0
346	ptsd_diagnosed	1
346	when_diagnosed	30
346	why_seek_help	26
346	uh_huh	82
346	yeah2	0
346	been_hard	3
346	therapy_going	4
346	stop_going	31
346	uh_huh	28
346	sorry_hear	21
346	yeah2	4
346	feel_lately	29
346	thats_good	0
346	tell_about_that	86
346	good_hear	3
346	Ellie17Dec2012_08	48
346	mhm	47
346	yeah2	64
346	thats_great	1
346	regret	23
346	advice_back	80
346	yeah2	2
346	mhm	21
346	see_mean	1
346	mad_makeyou	83
346	mhm	60
346	yeah2	0
346	okay_confirm	0
346	what_do_when_annoyed	46
346	thats_good	0
346	control_temper	82
346	okay_confirm	0
346	last_argument	160
346	yeah2	0
346	memorableB	30
346	thats_great	0
346	describe_felt	41
346	Ellie17Dec2012_06	60
346	awesome	1
346	Ellie17Dec2012_07	74
346	thats_good	1
346	Ellie17Dec2012_09	34
346	mhm	2
346	asked_everything	1
346	appreciate_open	2
346	bye	1
347	IntroV4Confirmation	0
347	IntroV4Confirmation	0
347	IntroV4Confirmation	0
347	okay_confirm	0
347	how_doingV	1
347	thats_good	0
347	where_originally	4
347	really	0
347	why_LA	5
347	when_LA	5
347	adapted_LA	10
347	like_about_LA	4
347	mhm	0
347	dont_like_LA	9
347	thats_good	0
347	living_situation	16
347	thats_great	0
347	study	3
347	sounds_interesting	0
347	hard_decision	21
347	still_working_on_X	1
347	cool3	0
347	dream_job	6
347	okay_confirm	0
347	travel_shoes	4
347	why2	4
347	see_mean	0
347	relax_fishtank	2
347	mad_makeyou	11
347	control_temper	14
347	okay_confirm	0
347	last_argument	12
347	Ellie17Dec2012_06	0
347	okay_confirm	0
347	tell_about_that	5
347	okay_confirm	0
347	do_fun	5
347	bouts_symptoms	7
347	okay_confirm	0
347	influence_positive	6
347	aw	0
347	how_know	6
347	how_close	5
347	that_sucks	0
347	uncomfortable_talkV	4
347	okay_confirm	0
347	tell_about_that	16
347	see_mean	0
347	BF_describe	6
347	Ellie17Dec2012_07	11
347	mhm	0
347	Ellie17Dec2012_10	13
347	describe_felt	6
347	thats_good	0
347	military	1
347	easy_sleep	3
347	uh_oh	0
347	why2	20
347	hmm_downer	0
347	trigger	5
347	sleep_affects	11
347	okay_confirm	0
347	depression_diagnosed	1
347	ptsd_diagnosed	1
347	feel_lately	9
347	good_job	0
347	behavior_changes	8
347	okay_confirm	0
347	Ellie17Dec2012_08	2
347	kids_elaborate	16
347	Ellie17Dec2012_06	1
347	parent_best	26
347	give_example	25
347	good_hear	0
347	memorableB	14
347	love_hear	3
347	okay_confirm	0
347	easy_parent	11
347	thats_good	0
347	parent_hardest	11
347	see_mean	0
347	regret	4
347	advice_back	18
347	mhm	0
347	okay_confirm	0
347	bye	0
348	IntroV4Confirmation	0
348	IntroV4Confirmation	0
348	IntroV4Confirmation	0
348	okay_confirm	0
348	how_doingV	2
348	really	0
348	like_about_LA	41
348	thats_great	0
348	dont_like_LA	1
348	okay_confirm	0
348	travel_shoes	3
348	travel_changed	7
348	travel_trips	34
348	nice	0
348	why2	19
348	mhm	0
348	relax_fishtank	32
348	okay_confirm	0
348	mad_makeyou	15
348	uh_huh	0
348	what_do_when_annoyed	4
348	control_temper	9
348	last_argument	45
348	uh_oh	0
348	that_sucks	16
348	thats_good	0
348	easy_parent	2
348	parent_hardest	37
348	parent_best	48
348	aw	0
348	good_hear	0
348	kids_elaborate	27
348	cool3	0
348	study	2
348	still_working_on_X	2
348	dream_job	26
348	thats_good	0
348	todays_kids	17
348	see_mean	1
348	tell_about_that	34
348	difficult	8
348	how_know	2
348	how_know	5
348	mhm	8
348	back_later	2
348	military	1
348	ptsd_diagnosed	1
348	depression_diagnosed	1
348	when_diagnosed	8
348	why_seek_help	20
348	suspect_problem	1
348	symptoms_what	21
348	mhm	0
348	therapy_useful	2
348	therapy_going	2
348	therapy_changes	26
348	yeah2	10
348	feel_lately	4
348	behavior_changes	13
348	symptoms_cope	19
348	been_hard	3
348	easy_sleep	4
348	im_sorry	2
348	sleep_affects	20
348	see_mean	0
348	Ellie17Dec2012_09	8
348	Ellie17Dec2012_10	45
348	awesome	0
348	regret	1
348	advice_back	9
348	avoid	7
348	okay_confirm	0
348	influence_positive	21
348	memorableB	15
348	tell_about_that	75
348	great_situation	0
348	BF_describe	36
348	okay_confirm	0
348	more	33
348	uh_huh	0
348	Ellie17Dec2012_07	42
348	thats_good	0
348	Ellie17Dec2012_08	14
348	thats_great	0
348	asked_everything	0
348	appreciate_open	1
348	bye	1
349	IntroV4Confirmation	0
349	IntroV4Confirmation	0
349	IntroV4Confirmation	0
349	IntroV4Confirmation	0
349	okay_confirm	0
349	how_doingV	2
349	thats_good	0
349	where_originally	1
349	really	0
349	why_LA	2
349	when_LA	16
349	cool3	0
349	adapted_LA	28
349	see_mean	0
349	like_about_LA	28
349	mhm	0
349	dont_like_LA	23
349	mm	1
349	travel_shoes	6
349	travel_changed	8
349	travel_trips	11
349	yes	3
349	awesome	1
349	more	54
349	great_situation	1
349	family_roleB	5
349	why2	30
349	sorry_hear	2
349	uncomfortable_talkV	17
349	okay_confirm	0
349	influence_positive	24
349	influence_positive	41
349	okay_confirm	0
349	memorableB	8
349	cool3	0
349	relax_fishtank	92
349	okay_confirm	0
349	control_temper	44
349	thats_good	0
349	last_argument	42
349	okay_confirm	0
349	military	1
349	ptsd_diagnosed	1
349	depression_diagnosed	1
349	when_diagnosed	23
349	why_seek_help	21
349	really	1
349	suspect_problem	1
349	symptoms_what	110
349	yeah2	2
349	im_sorry	0
349	too_hard	36
349	therapy_going	1
349	therapy_useful	34
349	that_sucks	8
349	mhm	4
349	feel_lately	15
349	behavior_changes	1
349	easy_sleep	26
349	sleep_affects	17
349	been_hard	1
349	BF_describe	61
349	okay_confirm	0
349	Ellie17Dec2012_08	60
349	okay_confirm	0
349	study	3
349	really	3
349	still_working_on_X	47
349	understand	0
349	difficult	1
349	dream_job	53
349	okay_confirm	0
349	uh_huh	0
349	regret	72
349	give_example	4
349	back_later	0
349	advice_back	112
349	hmm_downer	0
349	Ellie17Dec2012_07	17
349	thats_good	20
349	okay_confirm	0
349	tell_about_that	58
349	okay_confirm	0
349	Ellie17Dec2012_10	15
349	do_fun	59
349	mhm	1
349	asked_everything	0
349	appreciate_open	1
349	bye	1
350	IntroV4Confirmation	0
350	IntroV4Confirmation	0
350	IntroV4Confirmation	0
350	IntroV4Confirmation	0
350	okay_confirm	0
350	how_doingV	5
350	thats_good	0
350	where_originally	14
350	really	1
350	why_LA	15
350	aw	0
350	when_LA	7
350	very_young	7
350	travel_shoes	10
350	travel_changed	11
350	uh_huh	0
350	travel_trips	43
350	Ellie17Dec2012_06	0
350	hard_decision	37
350	cool3	0
350	happy_didthat	13
350	good_hear	0
350	study	13
350	still_working_on_X	4
350	mhm	1
350	dream_job	32
350	okay_confirm	0
350	why2	32
350	okay_confirm	0
350	relax_fishtank	20
350	okay_confirm	0
350	mad_makeyou	14
350	see_mean	0
350	what_do_when_annoyed	56
350	yeah2	0
350	control_temper	19
350	thats_good	0
350	last_argument	48
350	that_sucks	3
350	family_roleB	25
350	thats_great	0
350	influence_positive	26
350	more	138
350	yeah2	0
350	thats_great	0
350	military	4
350	ptsd_diagnosed	1
350	depression_diagnosed	2
350	when_diagnosed	22
350	why_seek_help	35
350	yeah2	0
350	symptoms_what	44
350	im_sorry	0
350	feel_lately	57
350	yeah2	0
350	behavior_changes	18
350	therapy_going	1
350	stop_going	52
350	been_hard	2
350	therapy_useful	5
350	easy_sleep	18
350	trigger	52
350	mhm	1
350	symptoms_cope	36
350	isee_downer	1
350	sleep_affects	8
350	okay_confirm	0
350	love_hear	42
350	okay_confirm	0
350	BF_describe	78
350	aw	0
350	thats_great	0
350	regret	10
350	advice_back	157
350	yeah2	1
350	makes_sense	0
350	Ellie17Dec2012_10	38
350	awesome	0
350	Ellie17Dec2012_08	87
350	great_situation	0
350	asked_everything	0
350	appreciate_open	0
350	bye	1
351	IntroV4Confirmation	0
351	IntroV4Confirmation	0
351	IntroV4Confirmation	0
351	IntroV4Confirmation	0
351	how_doingV	1
351	really	0
351	why_LA	12
351	cool3	0
351	still_working_on_X	2
351	dream_job	6
351	awesome	0
351	difficult	9
351	aw	0
351	see_mean	0
351	why_LA	5
351	when_LA	9
351	adapted_LA	14
351	yeah2	0
351	often_backB	11
351	thats_good	0
351	travel_shoes	8
351	okay_confirm	0
351	why2	35
351	mhm	0
351	relax_fishtank	13
351	cool3	0
351	mad_makeyou	25
351	yeah2	0
351	control_temper	6
351	last_argument	34
351	that_sucks	3
351	how_close	2
351	how_know	13
351	okay_confirm	0
351	what_do_when_annoyed	23
351	difficult	43
351	memorableB	11
351	family_roleB	2
351	thats_good	0
351	influence_positive	6
351	more	30
351	thats_good	0
351	BF_describe	20
351	okay_confirm	0
351	military	1
351	ptsd_diagnosed	1
351	depression_diagnosed	1
351	when_diagnosed	13
351	why_seek_help	41
351	therapy_going	11
351	stop_going	49
351	sorry_hear	2
351	therapy_useful	38
351	therapy_changes	98
351	thats_good	0
351	symptoms_what	47
351	trigger	38
351	symptoms_cope	25
351	mhm	0
351	feel_lately	26
351	behavior_changes	18
351	okay_confirm	0
351	easy_sleep	19
351	why2	34
351	sleep_affects	52
351	okay_confirm	0
351	describe_felt	0
351	describe_felt	30
351	uh_huh	0
351	thats_good	0
351	Ellie17Dec2012_07	58
351	mhm	1
351	regret	35
351	advice_back	16
351	okay_confirm	0
351	Ellie17Dec2012_08	55
351	Ellie17Dec2012_06	0
351	sounds_interesting	4
351	hard_decision	57
351	thats_great	0
351	asked_everything	1
351	appreciate_open	2
351	bye	1
352	IntroV4Confirmation	0
352	IntroV4Confirmation	0
352	IntroV4Confirmation	0
352	IntroV4Confirmation	0
352	okay_confirm	0
352	how_doingV	4
352	thats_good	0
352	where_originally	3
352	really	4
352	like_about_LA	23
352	adapted_LA	27
352	why_LA	28
352	study	7
352	still_working_on_X	6
352	dream_job	41
352	relax_fishtank	28
352	mad_makeyou	33
352	what_do_when_annoyed	48
352	control_temper	55
352	last_argument	70
352	family_roleB	22
352	influence_positive	46
352	memorableB	48
352	travel_shoes	75
352	travel_changed	99
352	military	8
352	ptsd_diagnosed	1
352	depression_diagnosed	46
352	easy_sleep	61
352	sleep_affects	35
352	feel_lately	114
352	behavior_changes	122
352	BF_describe	61
352	Ellie17Dec2012_08	140
352	regret	40
352	advice_back	96
352	Ellie17Dec2012_10	91
352	asked_everything	1
352	appreciate_open	2
352	bye	1
353	IntroV4Confirmation	0
353	IntroV4Confirmation	0
353	IntroV4Confirmation	0
353	IntroV4Confirmation	0
353	okay_confirm	0
353	how_doingV	2
353	thats_good	0
353	where_originally	2
353	really	0
353	why_LA	35
353	uh_huh	0
353	often_backB	13
353	compares_LA	37
353	yeah2	0
353	adapted_LA	38
353	okay_confirm	0
353	travel_shoes	1
353	study	3
353	sounds_interesting	0
353	still_working_on_X	15
353	dream_job	7
353	more	69
353	cool3	0
353	hard_decision	33
353	uh_huh	0
353	why2	50
353	okay_confirm	0
353	mad_makeyou	11
353	what_do_when_annoyed	14
353	control_temper	21
353	thats_good	0
353	last_argument	20
353	uh_oh	0
353	been_hard	22
353	okay_confirm	0
353	BF_describe	4
353	Ellie17Dec2012_07	42
353	uh_huh	0
353	military	1
353	ptsd_diagnosed	1
353	when_diagnosed	12
353	why_seek_help	36
353	mhm	0
353	feel_lately	60
353	trigger	81
353	see_mean	0
353	symptoms_cope	85
353	okay_confirm	0
353	therapist_affect	35
353	therapy_going	2
353	okay_confirm	0
353	behavior_changes	38
353	mhm	26
353	yeah2	0
353	easy_sleep	50
353	thats_good	0
353	sleep_affects	19
353	mhm	0
353	im_sorry	0
353	Ellie17Dec2012_09	22
353	mhm	0
353	family_roleB	3
353	good_hear	0
353	influence_positive	3
353	influence_positive	2
353	more	153
353	mhm	0
353	Ellie17Dec2012_08	17
353	regret	26
353	advice_back	6
353	advice_back	35
353	yeah2	0
353	Ellie17Dec2012_10	62
353	awesome	0
353	asked_everything	0
353	appreciate_open	1
353	bye	2
354	IntroV4Confirmation	0
354	IntroV4Confirmation	0
354	IntroV4Confirmation	0
354	IntroV4Confirmation	0
354	okay_confirm	0
354	how_doingV	6
354	thats_good	0
354	where_originally	4
354	really	0
354	like_about_LA	5
354	dont_like_LA	6
354	im_sorry	0
354	good_job	2
354	travel_shoes	3
354	study	13
354	sounds_interesting	0
354	change_directions	21
354	cool3	0
354	still_working_on_X	20
354	dream_job	4
354	awesome	0
354	back_later	0
354	relax_fishtank	3
354	mad_makeyou	5
354	what_do_when_annoyed	2
354	control_temper	3
354	thats_good	0
354	last_argument	12
354	tell_about_that	2
354	okay_confirm	2
354	do_fun	9
354	cool3	0
354	memorableB	5
354	describe_felt	11
354	thats_great	0
354	influence_positive	2
354	more	16
354	mhm	1
354	family_roleB	5
354	BF_describe	2
354	Ellie17Dec2012_07	5
354	okay_confirm	0
354	military	2
354	ptsd_diagnosed	1
354	depression_diagnosed	1
354	easy_sleep	3
354	why2	37
354	that_sucks	1
354	sleep_affects	21
354	uh_huh	0
354	feel_lately	8
354	difficult	8
354	feel_down	1
354	why2	12
354	yeah2	0
354	see_mean	0
354	behavior_changes	4
354	elaborate	26
354	okay_confirm	0
354	Ellie17Dec2012_09	6
354	uh_huh	0
354	Ellie17Dec2012_10	4
354	okay_confirm	0
354	Ellie17Dec2012_08	13
354	Ellie17Dec2012_06	0
354	easy_parent	1
354	parent_hardest	1
354	parent_best	4
354	aw	0
354	kids_elaborate	19
354	how_close	2
354	thats_good	0
354	todays_kids	1
354	tell_about_that	33
354	mm	6
354	yeah2	0
354	uh_huh	20
354	yeah2	0
354	understand	0
354	regret	1
354	advice_back	20
354	mhm	4
354	okay_confirm	0
354	more	31
354	awesome	0
354	describe_felt	1
354	thats_good	0
354	asked_everything	0
354	appreciate_open	2
354	bye	1
355	IntroV4Confirmation	0
355	IntroV4Confirmation	0
355	IntroV4Confirmation	0
355	IntroV4Confirmation	0
355	okay_confirm	0
355	how_doingV	1
355	thats_good	0
355	where_originally	8
355	really	0
355	like_about_LA	19
355	uh_huh	0
355	dont_like_LA	11
355	mhm	0
355	travel_shoes	11
355	okay_confirm	0
355	study	13
355	sounds_interesting	0
355	hard_decision	34
355	okay_confirm	0
355	dream_job	19
355	cool3	0
355	do_fun	28
355	okay_confirm	16
355	yeah2	0
355	im_sorry	2
355	mad_makeyou	33
355	see_mean	28
355	mhm	0
355	what_do_when_annoyed	11
355	control_temper	7
355	thats_good	0
355	last_argument	33
355	family_roleB	10
355	why2	6
355	understand	0
355	influence_positive	24
355	uh_huh	0
355	more	81
355	Ellie17Dec2012_06	0
355	yeah2	0
355	memorableB	27
355	describe_felt	13
355	great_situation	8
355	military	1
355	ptsd_diagnosed	1
355	depression_diagnosed	33
355	therapy_going	1
355	stop_going	14
355	that_sucks	1
355	feel_lately	46
355	sorry_hear	2
355	good_job	7
355	yeah2	0
355	behavior_changes	15
355	symptoms_cope	22
355	thats_good	5
355	easy_sleep	21
355	why2	3
355	trigger	13
355	thats_good	41
355	mm	0
355	Ellie17Dec2012_10	101
355	difficult	36
355	Ellie17Dec2012_06	0
355	BF_describe	6
355	Ellie17Dec2012_07	16
355	Ellie17Dec2012_08	68
355	yeah2	0
355	thats_great	0
355	regret	8
355	advice_back	59
355	mhm	0
355	asked_everything	0
355	appreciate_open	2
355	bye	2
356	IntroV4Confirmation	0
356	IntroV4Confirmation	0
356	IntroV4Confirmation	0
356	IntroV4Confirmation	0
356	okay_confirm	0
356	how_doingV	1
356	thats_good	0
356	where_originally	6
356	really	0
356	like_about_LA	9
356	mhm	0
356	dont_like_LA	13
356	yeah2	0
356	see_mean	0
356	study	6
356	sounds_interesting	0
356	hard_decision	19
356	cool3	0
356	still_working_on_X	1
356	nice	1
356	dream_job	17
356	okay_confirm	0
356	travel_shoes	15
356	isee_downer	0
356	living_situation	29
356	mhm	0
356	that_sucks	10
356	memorableB	20
356	mind	56
356	mhm	0
356	influence_positive	21
356	family_roleB	35
356	Ellie17Dec2012_06	1
356	todays_kids	43
356	yeah2	0
356	understand	0
356	relax_fishtank	8
356	mhm	7
356	mad_makeyou	45
356	oh	25
356	give_example	222
356	oh_no	12
356	symptoms_cope	26
356	thats_good	1
356	control_temper	41
356	mhm	0
356	last_argument	75
356	thats_good	1
356	military	1
356	ptsd_diagnosed	8
356	mhm	5
356	depression_diagnosed	1
356	when_diagnosed	13
356	long_time	1
356	why_seek_help	20
356	symptoms_what	66
356	yeah2	0
356	suspect_problem	14
356	therapy_going	1
356	stop_going	59
356	therapy_changes	92
356	makes_sense	0
356	mhm	0
356	feel_lately	75
356	yeah2	33
356	uh_huh	0
356	behavior_changes	142
356	yeah2	40
356	okay_confirm	0
356	yeah2	0
356	regret	72
356	hmm_downer	0
356	advice_back	92
356	uh_huh	1
356	see_mean	0
356	Ellie17Dec2012_07	46
356	cool3	1
356	Ellie17Dec2012_10	29
356	asked_everything	2
356	appreciate_open	4
356	bye	3
357	IntroV4Confirmation	0
357	IntroV4Confirmation	0
357	IntroV4Confirmation	0
357	IntroV4Confirmation	0
357	how_doingV	14
357	where_originally	3
357	like_about_LA	13
357	dont_like_LA	2
357	study	9
357	still_working_on_X	9
357	dream_job	16
357	back_later	0
357	travel_shoes	10
357	relax_fishtank	10
357	mad_makeyou	7
357	what_do_when_annoyed	8
357	control_temper	8
357	last_argument	23
357	do_fun	17
357	family_roleB	23
357	influence_positive	20
357	military	1
357	ptsd_diagnosed	5
357	depression_diagnosed	1
357	easy_sleep	33
357	sleep_affects	25
357	feel_lately	6
357	BF_describe	7
357	Ellie17Dec2012_08	5
357	regret	17
357	advice_back	17
357	memorableB	10
357	Ellie17Dec2012_10	26
357	asked_everything	0
357	appreciate_open	0
357	bye	1
358	IntroV4Confirmation	0
358	IntroV4Confirmation	0
358	IntroV4Confirmation	0
358	IntroV4Confirmation	0
358	how_doingV	1
358	where_originally	2
358	why_LA	12
358	when_LA	3
358	adapted_LA	13
358	like_about_LA	29
358	dont_like_LA	38
358	often_backB	4
358	compares_LA	15
358	travel_shoes	1
358	study	19
358	mad_makeyou	20
358	what_do_when_annoyed	11
358	control_temper	3
358	last_argument	61
358	influence_positive	7
358	do_fun	15
358	family_roleB	19
358	military	1
358	ptsd_diagnosed	22
358	depression_diagnosed	1
358	when_diagnosed	29
358	why_seek_help	55
358	therapy_going	1
358	stop_going	7
358	therapy_useful	1
358	feel_lately	4
358	behavior_changes	1
358	easy_sleep	2
358	sleep_affects	4
358	symptoms_cope	5
358	symptoms_cope	6
358	back_later	1
358	Ellie17Dec2012_10	3
358	regret	2
358	advice_back	112
358	Ellie17Dec2012_08	47
358	BF_describe	2
358	Ellie17Dec2012_07	32
358	asked_everything	0
358	appreciate_open	0
358	bye	1
359	IntroV4Confirmation	0
359	IntroV4Confirmation	0
359	IntroV4Confirmation	0
359	IntroV4Confirmation	0
359	okay_confirm	0
359	how_doingV	36
359	im_sorry	16
359	that_sucks	1
359	that_sucks	3
359	where_originally	2
359	really	1
359	why_LA	33
359	adapted_LA	34
359	like_about_LA	23
359	mhm	0
359	dont_like_LA	52
359	yeah2	0
359	see_mean	1
359	study	15
359	cool3	1
359	change_directions	0
359	change_directions	57
359	why2	0
359	thats_good	31
359	tell_me_about	86
359	okay_confirm	0
359	why2	37
359	uh_huh	10
359	mad_makeyou	86
359	yeah2	5
359	mhm	0
359	what_do_when_annoyed	52
359	control_temper	39
359	last_argument	73
359	uh_huh	32
359	okay_confirm	1
359	family_roleB	88
359	why2	72
359	yeah2	0
359	understand	1
359	influence_positive	23
359	give_example	46
359	nice	2
359	todays_kids	3
359	todays_kids	2
359	mhm	68
359	yeah2	30
359	uh_huh	1
359	BF_describe	16
359	military	1
359	ptsd_diagnosed	1
359	depression_diagnosed	1
359	when_diagnosed	4
359	why_seek_help	88
359	suspect_problem	29
359	symptoms_what	39
359	uh_huh	1
359	feel_lately	37
359	sorry_hear	4
359	behavior_changes	83
359	therapy_going	1
359	stop_going	48
359	okay_confirm	0
359	easy_sleep	46
359	sleep_affects	58
359	okay_confirm	0
359	Ellie17Dec2012_06	52
359	mhm	0
359	landed_trouble	54
359	yeah2	1
359	im_sorry	5
359	Ellie17Dec2012_07	48
359	regret	28
359	yeah2	21
359	advice_back	7
359	advice_back	55
359	mhm	26
359	okay_confirm	54
359	yeah2	1
359	Ellie17Dec2012_08	91
359	Ellie17Dec2012_10	52
359	awesome	1
359	asked_everything	0
359	appreciate_open	3
359	bye	1
360	IntroV4Confirmation	0
360	IntroV4Confirmation	0
360	IntroV4Confirmation	0
360	IntroV4Confirmation	0
360	how_doingV	5
360	where_originally	1
360	like_about_LA	15
360	dont_like_LA	8
360	travel_shoes	1
360	travel_changed	10
360	study	6
360	hard_decision	41
360	still_working_on_X	22
360	dream_job	20
360	relax_fishtank	13
360	what_do_when_annoyed	16
360	mad_makeyou	33
360	control_temper	30
360	last_argument	19
360	military	4
360	ptsd_diagnosed	4
360	depression_diagnosed	4
360	easy_sleep	39
360	sleep_affects	33
360	feel_lately	25
360	behavior_changes	1
360	BF_describe	13
360	regret	20
360	advice_back	23
360	Ellie17Dec2012_10	19
360	family_roleB	18
360	influence_positive	41
360	Ellie17Dec2012_08	53
360	Ellie17Dec2012_07	39
360	asked_everything	0
360	appreciate_open	0
360	bye	1
361	IntroV4Confirmation	0
361	IntroV4Confirmation	0
361	IntroV4Confirmation	0
361	IntroV4Confirmation	0
361	how_doingV	6
361	where_originally	12
361	why_LA	20
361	adapted_LA	62
361	often_backB	12
361	compares_LA	58
361	like_about_LA	56
361	dont_like_LA	49
361	travel_shoes	32
361	travel_changed	44
361	study	10
361	still_working_on_X	3
361	dream_job	25
361	mad_makeyou	48
361	what_do_when_annoyed	59
361	control_temper	52
361	last_argument	67
361	relax_fishtank	61
361	BF_describe	13
361	military	5
361	ptsd_diagnosed	1
361	depression_diagnosed	1
361	easy_sleep	28
361	sleep_affects	47
361	feel_lately	6
361	behavior_changes	5
361	regret	3
361	advice_back	28
361	influence_positive	86
361	memorableB	106
361	Ellie17Dec2012_08	64
361	Ellie17Dec2012_10	126
361	asked_everything	0
361	appreciate_open	0
361	bye	1
362	IntroV4Confirmation	0
362	IntroV4Confirmation	0
362	IntroV4Confirmation	0
362	IntroV4Confirmation	0
362	how_doingV	1
362	where_originally	2
362	like_about_LA	51
362	dont_like_LA	41
362	travel_shoes	2
362	study	9
362	still_working_on_X	2
362	dream_job	15
362	relax_fishtank	23
362	mad_makeyou	15
362	what_do_when_annoyed	19
362	control_temper	7
362	last_argument	12
362	family_roleB	9
362	kids_elaborate	1
362	easy_parent	15
362	parent_hardest	43
362	parent_best	46
362	memorableB	26
362	BF_describe	26
362	military	1
362	ptsd_diagnosed	3
362	when_diagnosed	7
362	why_seek_help	40
362	therapy_going	2
362	therapy_useful	31
362	therapy_changes	30
362	feel_lately	14
362	behavior_changes	5
362	symptoms_cope	59
362	easy_sleep	8
362	sleep_affects	21
362	trigger	2
362	Ellie17Dec2012_10	28
362	Ellie17Dec2012_08	25
362	regret	7
362	advice_back	23
362	influence_positive	2
362	Ellie17Dec2012_07	54
362	Ellie17Dec2012_09	38
362	asked_everything	0
362	appreciate_open	0
362	bye	0
